"move_id","move_name","type","category","preview_id","preview_mp4","preview_gif","source_kind","ds_move_id","animation_reference","ds_animation_path","animation_class","source_manifest"
"1000FOLDS","1000 Folds","Steel","Physical","anim_0687","docs/approval/previews/mp4/anim_0687.mp4","docs/approval/previews/gif/anim_0687.gif","hg-engine-script","687","animations/hg-engine/gen7/687.s","animations/hg-engine/gen7/687.s","provisional direct hg-engine DS reuse assigned","manifests/COMMUNITY_DS_ANIMATION_RESCUE_PASS_12.csv"
"ABRAZOFEROZ","Abrazo Feroz","Dark","Physical","anim_0657","docs/approval/previews/mp4/anim_0657.mp4","docs/approval/previews/gif/anim_0657.gif","hg-engine-script","657","animations/hg-engine/gen7/657.s","animations/hg-engine/gen7/657.s","provisional direct hg-engine DS reuse assigned","manifests/COMMUNITY_DS_ANIMATION_RESCUE_PASS_12.csv"
"ABSORBESENCIA","Absorbesencia","Ghost","Physical","anim_0765","docs/approval/previews/mp4/anim_0765.mp4","docs/approval/previews/gif/anim_0765.gif","hg-engine-script","765","animations/hg-engine/gen8/765.s","animations/hg-engine/gen8/765.s","provisional direct hg-engine DS reuse assigned","manifests/COMMUNITY_DS_ANIMATION_RESCUE_PASS_12.csv"
"ACHILLESHEEL","Achilles Heel","Normal","Physical","anim_0763","docs/approval/previews/mp4/anim_0763.mp4","docs/approval/previews/gif/anim_0763.gif","hg-engine-script","763","animations/hg-engine/gen8/763.s","animations/hg-engine/gen8/763.s","provisional direct hg-engine DS reuse assigned","manifests/COMMUNITY_DS_ANIMATION_RESCUE_PASS_12.csv"
"AEROGENERADOR","Aerogenerador","Electric","Special","anim_0573","docs/approval/previews/mp4/anim_0573.mp4","docs/approval/previews/gif/anim_0573.gif","hg-engine-script","573","animations/hg-engine/gen6/573.s","animations/hg-engine/gen6/573.s","provisional direct hg-engine DS reuse assigned","manifests/COMMUNITY_DS_ANIMATION_RESCUE_PASS_12.csv"
"AGUANOCIVA","Aguas Nocivas","Water","Special","anim_0521","docs/approval/previews/mp4/anim_0521.mp4","docs/approval/previews/gif/anim_0521.gif","hg-engine-script","521","animations/hg-engine/gen5/521.s","animations/hg-engine/gen5/521.s","provisional direct hg-engine DS reuse assigned","manifests/COMMUNITY_DS_ANIMATION_RESCUE_PASS_12.csv"
"MOVE_AIRBORNE_SLAM","Airborne Slam","Normal","Physical","anim_0896","docs/approval/previews/mp4/anim_0896.mp4","docs/approval/previews/gif/anim_0896.gif","hg-engine-script","896","animations/hg-engine/gen9/896.s","animations/hg-engine/gen9/896.s","direct hg-engine DS reuse","manifests/ELITE_REDUX_DS_ANIMATION_PASS_01.csv"
"ALAFUNESTA","Ala Funesta","Flying","Special","anim_0616","docs/approval/previews/mp4/anim_0616.mp4","docs/approval/previews/gif/anim_0616.gif","hg-engine-script","616","animations/hg-engine/gen6/616.s","animations/hg-engine/gen6/616.s","provisional direct hg-engine DS reuse assigned","manifests/COMMUNITY_DS_ANIMATION_RESCUE_PASS_12.csv"
"ALPHASHOT","Alpha Shot","Normal","Special","anim_0549","docs/approval/previews/mp4/anim_0549.mp4","docs/approval/previews/gif/anim_0549.gif","hg-engine-script","549","animations/hg-engine/gen5/549.s","animations/hg-engine/gen5/549.s","provisional direct hg-engine DS reuse assigned","manifests/COMMUNITY_DS_ANIMATION_RESCUE_PASS_12.csv"
"ANATTACK","An Attack","???","Physical","anim_0881","docs/approval/previews/mp4/anim_0881.mp4","docs/approval/previews/gif/anim_0881.gif","hg-engine-script","881","animations/hg-engine/gen9/881.s","animations/hg-engine/gen9/881.s","provisional direct hg-engine DS reuse assigned","manifests/COMMUNITY_DS_ANIMATION_RESCUE_PASS_12.csv"
"ANCIENTROAR","Ancient Roar","Rock","Special","anim_0803","docs/approval/previews/mp4/anim_0803.mp4","docs/approval/previews/gif/anim_0803.gif","hg-engine-script","803","animations/hg-engine/gen8/803.s","animations/hg-engine/gen8/803.s","provisional direct hg-engine DS reuse assigned","manifests/COMMUNITY_DS_ANIMATION_RESCUE_PASS_12.csv"
"MOVE_AQUA_BASH","Aqua Bash","Water","Physical","anim_0401","docs/approval/previews/mp4/anim_0401.mp4","docs/approval/previews/gif/anim_0401.gif","platinum-base-move","401","MOVE_AQUA_TAIL","","direct Platinum/base-era DS reuse","manifests/ELITE_REDUX_DS_ANIMATION_PASS_01.csv"
"MOVE_AQUA_FANG","Aqua Fang","Water","Physical","anim_0875","docs/approval/previews/mp4/anim_0875.mp4","docs/approval/previews/gif/anim_0875.gif","hg-engine-script","875","animations/hg-engine/gen9/875.s","animations/hg-engine/gen9/875.s","provisional direct hg-engine DS reuse assigned","manifests/COMMUNITY_DS_ANIMATION_RESCUE_PASS_12.csv"
"AQUABATICS","Aquabatics","Water","Status","anim_0490","docs/approval/previews/mp4/anim_0490.mp4","docs/approval/previews/gif/anim_0490.gif","hg-engine-script","490","animations/hg-engine/gen5/490.s","animations/hg-engine/gen5/490.s","provisional direct hg-engine DS reuse assigned","manifests/COMMUNITY_DS_ANIMATION_RESCUE_PASS_12.csv"
"MOVE_ARCHER_SHOT","Archer Shot","Normal","Physical","anim_0501","docs/approval/previews/mp4/anim_0501.mp4","docs/approval/previews/gif/anim_0501.gif","hg-engine-script","501","animations/hg-engine/gen5/501.s","animations/hg-engine/gen5/501.s","provisional direct hg-engine DS reuse assigned","manifests/COMMUNITY_DS_ANIMATION_RESCUE_PASS_12.csv"
"AGUIJONLETAL","Ardor Nocivo","Poison","Special","anim_0804","docs/approval/previews/mp4/anim_0804.mp4","docs/approval/previews/gif/anim_0804.gif","hg-engine-script","804","animations/hg-engine/gen8/804.s","animations/hg-engine/gen8/804.s","provisional direct hg-engine DS reuse assigned","manifests/COMMUNITY_DS_ANIMATION_RESCUE_PASS_12.csv"
"ARENAILUSORIA","Arena Ilusoria","Ground","Special","anim_0818","docs/approval/previews/mp4/anim_0818.mp4","docs/approval/previews/gif/anim_0818.gif","hg-engine-script","818","animations/hg-engine/gen8/818.s","animations/hg-engine/gen8/818.s","provisional direct hg-engine DS reuse assigned","manifests/COMMUNITY_DS_ANIMATION_RESCUE_PASS_12.csv"
"ARENITEWALL","Arenite Wall","Ground","Status","anim_0662","docs/approval/previews/mp4/anim_0662.mp4","docs/approval/previews/gif/anim_0662.gif","hg-engine-script","662","animations/hg-engine/gen7/662.s","animations/hg-engine/gen7/662.s","provisional direct hg-engine DS reuse assigned","manifests/COMMUNITY_DS_ANIMATION_RESCUE_PASS_12.csv"
"ARMAMENTSTRIKE","Armament Strike","Steel","Physical","anim_0716","docs/approval/previews/mp4/anim_0716.mp4","docs/approval/previews/gif/anim_0716.gif","hg-engine-script","716","animations/hg-engine/gen7/716.s","animations/hg-engine/gen7/716.s","provisional direct hg-engine DS reuse assigned","manifests/COMMUNITY_DS_ANIMATION_RESCUE_PASS_12.csv"
"MOVE_ASTEROID_DOWNFALL","Asteroid Shot","Rock","Physical","anim_0482","docs/approval/previews/mp4/anim_0482.mp4","docs/approval/previews/gif/anim_0482.gif","hg-engine-script","482","animations/hg-engine/gen5/482.s","animations/hg-engine/gen5/482.s","direct hg-engine DS reuse","manifests/ELITE_REDUX_DS_ANIMATION_PASS_01.csv"
"MOVE_ASTRAL_HAND","Astral Hand","Psychic","Physical","anim_0005","docs/approval/previews/mp4/anim_0005.mp4","docs/approval/previews/gif/anim_0005.gif","platinum-base-move","5","MOVE_MEGA_PUNCH","","direct Platinum/base-era DS reuse","manifests/ELITE_REDUX_DS_ANIMATION_PASS_01.csv"
"MOVE_ATOMIC_FIRE","Atomic Fire","Fire","Special","anim_0126","docs/approval/previews/mp4/anim_0126.mp4","docs/approval/previews/gif/anim_0126.gif","platinum-base-move","126","MOVE_FIRE_BLAST","","direct Platinum/base-era DS reuse","manifests/ELITE_REDUX_DS_ANIMATION_PASS_01.csv"
"ATOMICPUNCH","Atomic Punch","Nuclear","Physical","anim_0860","docs/approval/previews/mp4/anim_0860.mp4","docs/approval/previews/gif/anim_0860.gif","hg-engine-script","860","animations/hg-engine/gen9/860.s","animations/hg-engine/gen9/860.s","provisional direct hg-engine DS reuse assigned","manifests/COMMUNITY_DS_ANIMATION_RESCUE_PASS_12.csv"
"AUDIOBREAK","Audio Break","Sound","Physical","anim_0876","docs/approval/previews/mp4/anim_0876.mp4","docs/approval/previews/gif/anim_0876.gif","hg-engine-script","876","animations/hg-engine/gen9/876.s","animations/hg-engine/gen9/876.s","provisional direct hg-engine DS reuse assigned","manifests/COMMUNITY_DS_ANIMATION_RESCUE_PASS_12.csv"
"MOVE_AURA_FORCE","Aura Force","Fighting","Physical","anim_0396","docs/approval/previews/mp4/anim_0396.mp4","docs/approval/previews/gif/anim_0396.gif","platinum-base-move","396","MOVE_AURA_SPHERE","","direct Platinum/base-era DS reuse","manifests/ELITE_REDUX_DS_ANIMATION_PASS_01.csv"
"MOVE_BAD_EGG","Bad Egg","Poison","Special","anim_0121","docs/approval/previews/mp4/anim_0121.mp4","docs/approval/previews/gif/anim_0121.gif","platinum-base-move","121","MOVE_EGG_BOMB","","direct Platinum/base-era DS reuse","manifests/ELITE_REDUX_DS_ANIMATION_PASS_01.csv"
"MOVE_BALL_TOSS","Ball Toss","Normal","Physical","anim_0140","docs/approval/previews/mp4/anim_0140.mp4","docs/approval/previews/gif/anim_0140.gif","platinum-base-move","140","MOVE_BARRAGE","","direct Platinum/base-era DS reuse","manifests/ELITE_REDUX_DS_ANIMATION_PASS_01.csv"
"BANHAMMER","Ban Hammer","Normal","Physical","anim_0763","docs/approval/previews/mp4/anim_0763.mp4","docs/approval/previews/gif/anim_0763.gif","hg-engine-script","763","animations/hg-engine/gen8/763.s","animations/hg-engine/gen8/763.s","provisional direct hg-engine DS reuse assigned","manifests/COMMUNITY_DS_ANIMATION_RESCUE_PASS_12.csv"
"MOVE_BANISHED_POWER","Banished Power","Dark","Special","anim_0399","docs/approval/previews/mp4/anim_0399.mp4","docs/approval/previews/gif/anim_0399.gif","platinum-base-move","399","MOVE_DARK_PULSE","","direct Platinum/base-era DS reuse","manifests/ELITE_REDUX_DS_ANIMATION_PASS_01.csv"
"BARBEDWEB","Barbed Web","Bug","Physical","anim_0568","docs/approval/previews/mp4/anim_0568.mp4","docs/approval/previews/gif/anim_0568.gif","hg-engine-script","568","animations/hg-engine/gen6/568.s","animations/hg-engine/gen6/568.s","provisional direct hg-engine DS reuse assigned","manifests/COMMUNITY_DS_ANIMATION_RESCUE_PASS_12.csv"
"MOVE_BATTERING_RAM","Battering Ram","Dragon","Physical","anim_0896","docs/approval/previews/mp4/anim_0896.mp4","docs/approval/previews/gif/anim_0896.gif","hg-engine-script","896","animations/hg-engine/gen9/896.s","animations/hg-engine/gen9/896.s","direct hg-engine DS reuse","manifests/ELITE_REDUX_DS_ANIMATION_PASS_01.csv"
"BEATDROP","Beat Drop","Sound","Physical","anim_0589","docs/approval/previews/mp4/anim_0589.mp4","docs/approval/previews/gif/anim_0589.gif","hg-engine-script","589","animations/hg-engine/gen6/589.s","animations/hg-engine/gen6/589.s","provisional direct hg-engine DS reuse assigned","manifests/COMMUNITY_DS_ANIMATION_RESCUE_PASS_12.csv"
"MOVE_BEATDOWN","Beatdown","Dark","Physical","anim_0251","docs/approval/previews/mp4/anim_0251.mp4","docs/approval/previews/gif/anim_0251.gif","platinum-base-move","251","MOVE_BEAT_UP","","direct Platinum/base-era DS reuse","manifests/ELITE_REDUX_DS_ANIMATION_PASS_01.csv"
"MOVE_BEETLE_BASH","Beetle Bash","Bug","Physical","anim_0896","docs/approval/previews/mp4/anim_0896.mp4","docs/approval/previews/gif/anim_0896.gif","hg-engine-script","896","animations/hg-engine/gen9/896.s","animations/hg-engine/gen9/896.s","direct hg-engine DS reuse","manifests/ELITE_REDUX_DS_ANIMATION_PASS_01.csv"
"MOVE_BERRY_SMASH","Berry Smash","Grass","Physical","anim_0452","docs/approval/previews/mp4/anim_0452.mp4","docs/approval/previews/gif/anim_0452.gif","platinum-base-move","452","MOVE_WOOD_HAMMER","","direct Platinum/base-era DS reuse","manifests/ELITE_REDUX_DS_ANIMATION_PASS_01.csv"
"MOVE_BERSERKER_HORN","Berserker Horn","Fighting","Physical","anim_0224","docs/approval/previews/mp4/anim_0224.mp4","docs/approval/previews/gif/anim_0224.gif","platinum-base-move","224","MOVE_MEGAHORN","","direct Platinum/base-era DS reuse","manifests/ELITE_REDUX_DS_ANIMATION_PASS_01.csv"
"MOVE_BIG_BLAST","Big Bang","Normal","Special","anim_0063","docs/approval/previews/mp4/anim_0063.mp4","docs/approval/previews/gif/anim_0063.gif","platinum-base-move","63","MOVE_HYPER_BEAM","","direct Platinum/base-era DS reuse","manifests/ELITE_REDUX_DS_ANIMATION_PASS_01.csv"
"BITINGCOLD","Biting Cold","Ice","Status","anim_0884","docs/approval/previews/mp4/anim_0884.mp4","docs/approval/previews/gif/anim_0884.gif","hg-engine-script","884","animations/hg-engine/gen9/884.s","animations/hg-engine/gen9/884.s","provisional direct hg-engine DS reuse assigned","manifests/COMMUNITY_DS_ANIMATION_RESCUE_PASS_12.csv"
"MOVE_BLACK_MAGIC","Black Magic","Dark","Physical","anim_0399","docs/approval/previews/mp4/anim_0399.mp4","docs/approval/previews/gif/anim_0399.gif","platinum-base-move","399","MOVE_DARK_PULSE","","direct Platinum/base-era DS reuse","manifests/ELITE_REDUX_DS_ANIMATION_PASS_01.csv"
"MOVE_BLAZING_ARROW","Blazing Arrow","Fire","Physical","anim_0683","docs/approval/previews/mp4/anim_0683.mp4","docs/approval/previews/gif/anim_0683.gif","hg-engine-script","683","animations/hg-engine/gen7/683.s","animations/hg-engine/gen7/683.s","direct hg-engine DS reuse","manifests/ELITE_REDUX_DS_ANIMATION_PASS_01.csv"
"MOVE_BLAZING_BONE","Blazing Bone","Fire","Physical","anim_0711","docs/approval/previews/mp4/anim_0711.mp4","docs/approval/previews/gif/anim_0711.gif","hg-engine-script","711","animations/hg-engine/gen7/711.s","animations/hg-engine/gen7/711.s","direct hg-engine DS reuse","manifests/ELITE_REDUX_DS_ANIMATION_PASS_01.csv"
"BLAZINGBULL","Blazing Bull","Fire","Physical","anim_0899","docs/approval/previews/mp4/anim_0899.mp4","docs/approval/previews/gif/anim_0899.gif","hg-engine-script","899","animations/hg-engine/gen9/899.s","animations/hg-engine/gen9/899.s","provisional direct hg-engine DS reuse assigned","manifests/COMMUNITY_DS_ANIMATION_RESCUE_PASS_12.csv"
"BLAZINGSTAMPEDE","Blazing Stampede","Fire","Physical","anim_0899","docs/approval/previews/mp4/anim_0899.mp4","docs/approval/previews/gif/anim_0899.gif","hg-engine-script","899","animations/hg-engine/gen9/899.s","animations/hg-engine/gen9/899.s","provisional direct hg-engine DS reuse assigned","manifests/COMMUNITY_DS_ANIMATION_RESCUE_PASS_12.csv"
"BLINDINGSPEED","Blinding Speed","Qmarks","Physical","anim_0712","docs/approval/previews/mp4/anim_0712.mp4","docs/approval/previews/gif/anim_0712.gif","hg-engine-script","712","animations/hg-engine/gen7/712.s","animations/hg-engine/gen7/712.s","provisional direct hg-engine DS reuse assigned","manifests/COMMUNITY_DS_ANIMATION_RESCUE_PASS_12.csv"
"MOVE_BLITZ_ARROW","Blitz Arrow","Fighting","Physical","anim_0846","docs/approval/previews/mp4/anim_0846.mp4","docs/approval/previews/gif/anim_0846.gif","hg-engine-script","846","animations/hg-engine/gen8/846.s","animations/hg-engine/gen8/846.s","provisional direct hg-engine DS reuse assigned","manifests/COMMUNITY_DS_ANIMATION_RESCUE_PASS_12.csv"
"BLOBBYBOP","Blobby Bop","Ice","Physical","anim_0864","docs/approval/previews/mp4/anim_0864.mp4","docs/approval/previews/gif/anim_0864.gif","hg-engine-script","864","animations/hg-engine/gen9/864.s","animations/hg-engine/gen9/864.s","provisional direct hg-engine DS reuse assigned","manifests/COMMUNITY_DS_ANIMATION_RESCUE_PASS_12.csv"
"MOVE_BLOCK_DROPPER","Block Dropper","Ground","Physical","anim_0140","docs/approval/previews/mp4/anim_0140.mp4","docs/approval/previews/gif/anim_0140.gif","platinum-base-move","140","MOVE_BARRAGE","","direct Platinum/base-era DS reuse","manifests/ELITE_REDUX_DS_ANIMATION_PASS_01.csv"
"MOVE_BLOOD_SHOT","Blood Shot","Dark","Status","anim_0578","docs/approval/previews/mp4/anim_0578.mp4","docs/approval/previews/gif/anim_0578.gif","hg-engine-script","578","animations/hg-engine/gen6/578.s","animations/hg-engine/gen6/578.s","provisional direct hg-engine DS reuse assigned","manifests/COMMUNITY_DS_ANIMATION_RESCUE_PASS_12.csv"
"MOVE_BLUE_MOON","Blue Moon","Ice","Special","anim_0557","docs/approval/previews/mp4/anim_0557.mp4","docs/approval/previews/gif/anim_0557.gif","hg-engine-script","557","animations/hg-engine/gen5/557.s","animations/hg-engine/gen5/557.s","direct hg-engine DS reuse assigned","manifests/COMMUNITY_DS_ANIMATION_DIRECT_RESOLUTION_PASS_14.csv"
"MOVE_SUPERHOT_FLAME","Boiling Flame","Fire","Special","anim_0879","docs/approval/previews/mp4/anim_0879.mp4","docs/approval/previews/gif/anim_0879.gif","hg-engine-script","879","animations/hg-engine/gen9/879.s","animations/hg-engine/gen9/879.s","direct hg-engine DS reuse","manifests/ELITE_REDUX_DS_ANIMATION_PASS_01.csv"
"BOLTBEAM","Boltbeam","Electric","Special","anim_0562","docs/approval/previews/mp4/anim_0562.mp4","docs/approval/previews/gif/anim_0562.gif","hg-engine-script","562","animations/hg-engine/gen5/562.s","animations/hg-engine/gen5/562.s","provisional direct hg-engine DS reuse assigned","manifests/COMMUNITY_DS_ANIMATION_RESCUE_PASS_12.csv"
"MOVE_BONK","Bonk","Fairy","Physical","anim_0896","docs/approval/previews/mp4/anim_0896.mp4","docs/approval/previews/gif/anim_0896.gif","hg-engine-script","896","animations/hg-engine/gen9/896.s","animations/hg-engine/gen9/896.s","direct hg-engine DS reuse","manifests/ELITE_REDUX_DS_ANIMATION_PASS_01.csv"
"BORRASCA","Borrasca","Electric","Special","anim_0650","docs/approval/previews/mp4/anim_0650.mp4","docs/approval/previews/gif/anim_0650.gif","hg-engine-script","650","animations/hg-engine/gen7/650.s","animations/hg-engine/gen7/650.s","provisional direct hg-engine DS reuse assigned","manifests/COMMUNITY_DS_ANIMATION_RESCUE_PASS_12.csv"
"MOVE_BRAMBLE_BLAST","Bramble Blast","Grass","Physical","anim_0040","docs/approval/previews/mp4/anim_0040.mp4","docs/approval/previews/gif/anim_0040.gif","platinum-base-move","40","MOVE_POISON_STING","","direct Platinum/base-era DS reuse","manifests/ELITE_REDUX_DS_ANIMATION_PASS_01.csv"
"MOVE_BRAVADO","Bravado","Normal","Special","anim_0263","docs/approval/previews/mp4/anim_0263.mp4","docs/approval/previews/gif/anim_0263.gif","platinum-base-move","263","MOVE_FACADE","","direct Platinum/base-era DS reuse","manifests/ELITE_REDUX_DS_ANIMATION_PASS_01.csv"
"BRAZOMUSGO","Brazo Musgo","Grass","Physical","anim_0776","docs/approval/previews/mp4/anim_0776.mp4","docs/approval/previews/gif/anim_0776.gif","hg-engine-script","776","animations/hg-engine/gen8/776.s","animations/hg-engine/gen8/776.s","provisional direct hg-engine DS reuse assigned","manifests/COMMUNITY_DS_ANIMATION_RESCUE_PASS_12.csv"
"BUNRAKUBEATDOWN","Bunraku Beatdown","Psychic","Special","anim_0920","docs/approval/previews/mp4/anim_0920.mp4","docs/approval/previews/gif/anim_0920.gif","hg-engine-script","920","animations/hg-engine/gen9/920.s","animations/hg-engine/gen9/920.s","provisional direct hg-engine DS reuse assigned","manifests/COMMUNITY_DS_ANIMATION_RESCUE_PASS_12.csv"
"CACAREO","Cacareo","Fairy","Special","anim_0587","docs/approval/previews/mp4/anim_0587.mp4","docs/approval/previews/gif/anim_0587.gif","hg-engine-script","587","animations/hg-engine/gen6/587.s","animations/hg-engine/gen6/587.s","provisional direct hg-engine DS reuse assigned","manifests/COMMUNITY_DS_ANIMATION_RESCUE_PASS_12.csv"
"MOVE_CALTROPS","Caltrops","Steel","Status","anim_0191","docs/approval/previews/mp4/anim_0191.mp4","docs/approval/previews/gif/anim_0191.gif","platinum-base-move","191","MOVE_SPIKES","","direct Platinum/base-era DS reuse","manifests/ELITE_REDUX_DS_ANIMATION_PASS_01.csv"
"CARICATURA","Caricatura","Normal","Special","anim_0550","docs/approval/previews/mp4/anim_0550.mp4","docs/approval/previews/gif/anim_0550.gif","hg-engine-script","550","animations/hg-engine/gen5/550.s","animations/hg-engine/gen5/550.s","provisional direct hg-engine DS reuse assigned","manifests/COMMUNITY_DS_ANIMATION_RESCUE_PASS_12.csv"
"CAUSTICBREATH","Caustic Breath","Dragon","Special","anim_0694","docs/approval/previews/mp4/anim_0694.mp4","docs/approval/previews/gif/anim_0694.gif","hg-engine-script","694","animations/hg-engine/gen7/694.s","animations/hg-engine/gen7/694.s","provisional direct hg-engine DS reuse assigned","manifests/COMMUNITY_DS_ANIMATION_RESCUE_PASS_12.csv"
"CHAOSDUNK","Chaos Dunk","Rock","Physical","anim_0913","docs/approval/previews/mp4/anim_0913.mp4","docs/approval/previews/gif/anim_0913.gif","hg-engine-script","913","animations/hg-engine/gen9/913.s","animations/hg-engine/gen9/913.s","provisional direct hg-engine DS reuse assigned","manifests/COMMUNITY_DS_ANIMATION_RESCUE_PASS_12.csv"
"MOVE_CHEAP_SHOT","Cheap Shot","Dark","Physical","anim_0467","docs/approval/previews/mp4/anim_0467.mp4","docs/approval/previews/gif/anim_0467.gif","platinum-base-move","467","MOVE_SHADOW_FORCE","","direct Platinum/base-era DS reuse","manifests/ELITE_REDUX_DS_ANIMATION_PASS_01.csv"
"CHECKEM","Check 'Em","Psychic","Special","anim_0503","docs/approval/previews/mp4/anim_0503.mp4","docs/approval/previews/gif/anim_0503.gif","hg-engine-script","503","animations/hg-engine/gen5/503.s","animations/hg-engine/gen5/503.s","provisional direct hg-engine DS reuse assigned","manifests/COMMUNITY_DS_ANIMATION_RESCUE_PASS_12.csv"
"MOVE_CHILLER","Chiller","Ice","Physical","anim_0301","docs/approval/previews/mp4/anim_0301.mp4","docs/approval/previews/gif/anim_0301.gif","platinum-base-move","301","MOVE_ICE_BALL","","direct Platinum/base-era DS reuse","manifests/ELITE_REDUX_DS_ANIMATION_PASS_01.csv"
"CHILLINGWAIL","Chilling Wail","Ghost","Special","anim_0844","docs/approval/previews/mp4/anim_0844.mp4","docs/approval/previews/gif/anim_0844.gif","hg-engine-script","844","animations/hg-engine/gen8/844.s","animations/hg-engine/gen8/844.s","direct hg-engine DS reuse assigned","manifests/COMMUNITY_DS_ANIMATION_PORT_FALLBACK_PASS_13.csv"
"CHOQUEVAPOR","Choque Vapor","Fire","Physical","anim_0560","docs/approval/previews/mp4/anim_0560.mp4","docs/approval/previews/gif/anim_0560.gif","hg-engine-script","560","animations/hg-engine/gen5/560.s","animations/hg-engine/gen5/560.s","provisional direct hg-engine DS reuse assigned","manifests/COMMUNITY_DS_ANIMATION_RESCUE_PASS_12.csv"
"CHTHONICMALADY","Chthonic Malady","Shadow","Status","anim_0472","docs/approval/previews/mp4/anim_0472.mp4","docs/approval/previews/gif/anim_0472.gif","hg-engine-script","472","animations/hg-engine/gen5/472.s","animations/hg-engine/gen5/472.s","provisional direct hg-engine DS reuse assigned","manifests/COMMUNITY_DS_ANIMATION_RESCUE_PASS_12.csv"
"MOVE_CLAY_DART","Clay Dart","Ground","Physical","anim_0617","docs/approval/previews/mp4/anim_0617.mp4","docs/approval/previews/gif/anim_0617.gif","hg-engine-script","617","animations/hg-engine/gen6/617.s","animations/hg-engine/gen6/617.s","direct hg-engine DS reuse","manifests/ELITE_REDUX_DS_ANIMATION_PASS_01.csv"
"MOVE_CLEAR_SKIES","Clear Skies","Normal","Status","anim_0432","docs/approval/previews/mp4/anim_0432.mp4","docs/approval/previews/gif/anim_0432.gif","platinum-base-move","432","MOVE_DEFOG","","direct Platinum/base-era DS reuse","manifests/ELITE_REDUX_DS_ANIMATION_PASS_01.csv"
"CODE:INJECTION","Code:Injection","Psychic","Special","anim_0596","docs/approval/previews/mp4/anim_0596.mp4","docs/approval/previews/gif/anim_0596.gif","hg-engine-script","596","animations/hg-engine/gen6/596.s","animations/hg-engine/gen6/596.s","provisional direct hg-engine DS reuse assigned","manifests/COMMUNITY_DS_ANIMATION_RESCUE_PASS_12.csv"
"CODEPOWER","Code:Power","Poison","Physical","anim_0869","docs/approval/previews/mp4/anim_0869.mp4","docs/approval/previews/gif/anim_0869.gif","hg-engine-script","869","animations/hg-engine/gen9/869.s","animations/hg-engine/gen9/869.s","provisional direct hg-engine DS reuse assigned","manifests/COMMUNITY_DS_ANIMATION_RESCUE_PASS_12.csv"
"CODEQUARANTINE","Code:Quarantine","Electric","Status","anim_0605","docs/approval/previews/mp4/anim_0605.mp4","docs/approval/previews/gif/anim_0605.gif","hg-engine-script","605","animations/hg-engine/gen6/605.s","animations/hg-engine/gen6/605.s","provisional direct hg-engine DS reuse assigned","manifests/COMMUNITY_DS_ANIMATION_RESCUE_PASS_12.csv"
"COLDTRUTH","Cold Truth","Ice","Special","anim_0576","docs/approval/previews/mp4/anim_0576.mp4","docs/approval/previews/gif/anim_0576.gif","hg-engine-script","576","animations/hg-engine/gen6/576.s","animations/hg-engine/gen6/576.s","provisional direct hg-engine DS reuse assigned","manifests/COMMUNITY_DS_ANIMATION_RESCUE_PASS_12.csv"
"COLMILLOSALVAJE","Colm. Salvaje","Normal","Physical","anim_0876","docs/approval/previews/mp4/anim_0876.mp4","docs/approval/previews/gif/anim_0876.gif","hg-engine-script","876","animations/hg-engine/gen9/876.s","animations/hg-engine/gen9/876.s","provisional direct hg-engine DS reuse assigned","manifests/COMMUNITY_DS_ANIMATION_RESCUE_PASS_12.csv"
"COMBUSCRIN","Combuscrin","Fire","Special","anim_0598","docs/approval/previews/mp4/anim_0598.mp4","docs/approval/previews/gif/anim_0598.gif","hg-engine-script","598","animations/hg-engine/gen6/598.s","animations/hg-engine/gen6/598.s","provisional direct hg-engine DS reuse assigned","manifests/COMMUNITY_DS_ANIMATION_RESCUE_PASS_12.csv"
"COMENGO","Come n' Go","Water","Special","anim_0597","docs/approval/previews/mp4/anim_0597.mp4","docs/approval/previews/gif/anim_0597.gif","hg-engine-script","597","animations/hg-engine/gen6/597.s","animations/hg-engine/gen6/597.s","provisional direct hg-engine DS reuse assigned","manifests/COMMUNITY_DS_ANIMATION_RESCUE_PASS_12.csv"
"COMECEREBRO","Comecerebro","Ghost","Physical","anim_0765","docs/approval/previews/mp4/anim_0765.mp4","docs/approval/previews/gif/anim_0765.gif","hg-engine-script","765","animations/hg-engine/gen8/765.s","animations/hg-engine/gen8/765.s","provisional direct hg-engine DS reuse assigned","manifests/COMMUNITY_DS_ANIMATION_RESCUE_PASS_12.csv"
"MOVE_CONCOCTION","Concoction","Grass","Physical","anim_0609","docs/approval/previews/mp4/anim_0609.mp4","docs/approval/previews/gif/anim_0609.gif","hg-engine-script","609","animations/hg-engine/gen6/609.s","animations/hg-engine/gen6/609.s","direct hg-engine DS reuse","manifests/ELITE_REDUX_DS_ANIMATION_PASS_01.csv"
"CORALBREAK","Coral Break","Water","Special","anim_0506","docs/approval/previews/mp4/anim_0506.mp4","docs/approval/previews/gif/anim_0506.gif","hg-engine-script","506","animations/hg-engine/gen5/506.s","animations/hg-engine/gen5/506.s","provisional direct hg-engine DS reuse assigned","manifests/COMMUNITY_DS_ANIMATION_RESCUE_PASS_12.csv"
"CORRODE","Corrode","Poison","Special","anim_0804","docs/approval/previews/mp4/anim_0804.mp4","docs/approval/previews/gif/anim_0804.gif","hg-engine-script","804","animations/hg-engine/gen8/804.s","animations/hg-engine/gen8/804.s","provisional direct hg-engine DS reuse assigned","manifests/COMMUNITY_DS_ANIMATION_RESCUE_PASS_12.csv"
"MOVE_CRACKLE_SLAM","Crackle Slam","Electric","Physical","anim_0896","docs/approval/previews/mp4/anim_0896.mp4","docs/approval/previews/gif/anim_0896.gif","hg-engine-script","896","animations/hg-engine/gen9/896.s","animations/hg-engine/gen9/896.s","direct hg-engine DS reuse","manifests/ELITE_REDUX_DS_ANIMATION_PASS_01.csv"
"MOVE_CREEPING_THORNS","Creeping Thorns","Grass","Status","anim_0541","docs/approval/previews/mp4/anim_0541.mp4","docs/approval/previews/gif/anim_0541.gif","hg-engine-script","541","animations/hg-engine/gen5/541.s","animations/hg-engine/gen5/541.s","provisional direct hg-engine DS reuse assigned","manifests/COMMUNITY_DS_ANIMATION_RESCUE_PASS_12.csv"
"CRIMSONSURGE","Crimson Surge","Water","Special","anim_0621","docs/approval/previews/mp4/anim_0621.mp4","docs/approval/previews/gif/anim_0621.gif","hg-engine-script","621","animations/hg-engine/gen6/621.s","animations/hg-engine/gen6/621.s","direct hg-engine DS reuse assigned","manifests/COMMUNITY_DS_ANIMATION_PORT_FALLBACK_PASS_13.csv"
"CRYSTALRUSH","Crystal Rush","Crystal","Physical","anim_0712","docs/approval/previews/mp4/anim_0712.mp4","docs/approval/previews/gif/anim_0712.gif","hg-engine-script","712","animations/hg-engine/gen7/712.s","animations/hg-engine/gen7/712.s","provisional direct hg-engine DS reuse assigned","manifests/COMMUNITY_DS_ANIMATION_RESCUE_PASS_12.csv"
"CUERNARDIENTE","Cuerno Ígneo","Fire","Physical","anim_0643","docs/approval/previews/mp4/anim_0643.mp4","docs/approval/previews/gif/anim_0643.gif","hg-engine-script","643","animations/hg-engine/gen7/643.s","animations/hg-engine/gen7/643.s","provisional direct hg-engine DS reuse assigned","manifests/COMMUNITY_DS_ANIMATION_RESCUE_PASS_12.csv"
"MOVE_CUPID_SHOT","Cupid Shot","Fairy","Physical","anim_0792","docs/approval/previews/mp4/anim_0792.mp4","docs/approval/previews/gif/anim_0792.gif","hg-engine-script","792","animations/hg-engine/gen8/792.s","animations/hg-engine/gen8/792.s","provisional direct hg-engine DS reuse assigned","manifests/COMMUNITY_DS_ANIMATION_RESCUE_PASS_12.csv"
"MOVE_CUTSIE_SLAP","Cutsie Slap","Fairy","Physical","anim_0729","docs/approval/previews/mp4/anim_0729.mp4","docs/approval/previews/gif/anim_0729.gif","hg-engine-script","729","animations/hg-engine/gen7/729.s","animations/hg-engine/gen7/729.s","provisional direct hg-engine DS reuse assigned","manifests/COMMUNITY_DS_ANIMATION_RESCUE_PASS_12.csv"
"DAILYDOSE","Daily Dose","Poison","Special","anim_0485","docs/approval/previews/mp4/anim_0485.mp4","docs/approval/previews/gif/anim_0485.gif","hg-engine-script","485","animations/hg-engine/gen5/485.s","animations/hg-engine/gen5/485.s","provisional direct hg-engine DS reuse assigned","manifests/COMMUNITY_DS_ANIMATION_RESCUE_PASS_12.csv"
"DANZAVUDU","Danza Vudú","Poison","Special","anim_0804","docs/approval/previews/mp4/anim_0804.mp4","docs/approval/previews/gif/anim_0804.gif","hg-engine-script","804","animations/hg-engine/gen8/804.s","animations/hg-engine/gen8/804.s","provisional direct hg-engine DS reuse assigned","manifests/COMMUNITY_DS_ANIMATION_RESCUE_PASS_12.csv"
"PUASSOBERANAS","Dardos Reales","Poison","Physical","anim_0842","docs/approval/previews/mp4/anim_0842.mp4","docs/approval/previews/gif/anim_0842.gif","hg-engine-script","842","animations/hg-engine/gen8/842.s","animations/hg-engine/gen8/842.s","provisional direct hg-engine DS reuse assigned","manifests/COMMUNITY_DS_ANIMATION_RESCUE_PASS_12.csv"
"DARKMATTER","Dark Matter","Dark","Special","anim_0658","docs/approval/previews/mp4/anim_0658.mp4","docs/approval/previews/gif/anim_0658.gif","hg-engine-script","658","animations/hg-engine/gen7/658.s","animations/hg-engine/gen7/658.s","provisional direct hg-engine DS reuse assigned","manifests/COMMUNITY_DS_ANIMATION_RESCUE_PASS_12.csv"
"MOVE_DEATHROLL","Deathroll","Water","Physical","anim_0242","docs/approval/previews/mp4/anim_0242.mp4","docs/approval/previews/gif/anim_0242.gif","platinum-base-move","242","MOVE_CRUNCH","","direct Platinum/base-era DS reuse","manifests/ELITE_REDUX_DS_ANIMATION_PASS_01.csv"
"DECAYDRAIN","Decay Drain","Poison","Physical","anim_0901","docs/approval/previews/mp4/anim_0901.mp4","docs/approval/previews/gif/anim_0901.gif","hg-engine-script","901","animations/hg-engine/gen9/901.s","animations/hg-engine/gen9/901.s","provisional direct hg-engine DS reuse assigned","manifests/COMMUNITY_DS_ANIMATION_RESCUE_PASS_12.csv"
"DECIMATION","Decimation","Dark","Special","anim_0542","docs/approval/previews/mp4/anim_0542.mp4","docs/approval/previews/gif/anim_0542.gif","hg-engine-script","542","animations/hg-engine/gen5/542.s","animations/hg-engine/gen5/542.s","provisional direct hg-engine DS reuse assigned","manifests/COMMUNITY_DS_ANIMATION_RESCUE_PASS_12.csv"
"DELUGE","Deluge","Water","Physical","anim_0758","docs/approval/previews/mp4/anim_0758.mp4","docs/approval/previews/gif/anim_0758.gif","hg-engine-script","758","animations/hg-engine/gen8/758.s","animations/hg-engine/gen8/758.s","provisional direct hg-engine DS reuse assigned","manifests/COMMUNITY_DS_ANIMATION_RESCUE_PASS_12.csv"
"MOVE_DEPLETION_BEAM","Depletion Beam","Dragon","Physical","anim_0799","docs/approval/previews/mp4/anim_0799.mp4","docs/approval/previews/gif/anim_0799.gif","hg-engine-script","799","animations/hg-engine/gen8/799.s","animations/hg-engine/gen8/799.s","direct hg-engine DS reuse","manifests/ELITE_REDUX_DS_ANIMATION_PASS_01.csv"
"DESBANDADA","Desbandada","Flying","Physical","anim_0623","docs/approval/previews/mp4/anim_0623.mp4","docs/approval/previews/gif/anim_0623.gif","hg-engine-script","623","animations/hg-engine/gen6/623.s","animations/hg-engine/gen6/623.s","provisional direct hg-engine DS reuse assigned","manifests/COMMUNITY_DS_ANIMATION_RESCUE_PASS_12.csv"
"DESERTWHIRL","Desert Whirl","Ground","Special","anim_0851","docs/approval/previews/mp4/anim_0851.mp4","docs/approval/previews/gif/anim_0851.gif","hg-engine-script","851","animations/hg-engine/gen8/851.s","animations/hg-engine/gen8/851.s","provisional direct hg-engine DS reuse assigned","manifests/COMMUNITY_DS_ANIMATION_RESCUE_PASS_12.csv"
"DESERTSMARK","Desert's Mark","Ground","Status","anim_0662","docs/approval/previews/mp4/anim_0662.mp4","docs/approval/previews/gif/anim_0662.gif","hg-engine-script","662","animations/hg-engine/gen7/662.s","animations/hg-engine/gen7/662.s","provisional direct hg-engine DS reuse assigned","manifests/COMMUNITY_DS_ANIMATION_RESCUE_PASS_12.csv"
"DESPRENDIMIENTO","Desprendimiento","Rock","Physical","anim_0773","docs/approval/previews/mp4/anim_0773.mp4","docs/approval/previews/gif/anim_0773.gif","hg-engine-script","773","animations/hg-engine/gen8/773.s","animations/hg-engine/gen8/773.s","provisional direct hg-engine DS reuse assigned","manifests/COMMUNITY_DS_ANIMATION_RESCUE_PASS_12.csv"
"MOVE_DEVIOUS_SHOT","Devious Shot","Dark","Physical","anim_0617","docs/approval/previews/mp4/anim_0617.mp4","docs/approval/previews/gif/anim_0617.gif","hg-engine-script","617","animations/hg-engine/gen6/617.s","animations/hg-engine/gen6/617.s","direct hg-engine DS reuse","manifests/ELITE_REDUX_DS_ANIMATION_PASS_01.csv"
"MOVE_DIAMOND_ARROW","Diamond Arrow","Rock","Physical","anim_0617","docs/approval/previews/mp4/anim_0617.mp4","docs/approval/previews/gif/anim_0617.gif","hg-engine-script","617","animations/hg-engine/gen6/617.s","animations/hg-engine/gen6/617.s","direct hg-engine DS reuse","manifests/ELITE_REDUX_DS_ANIMATION_PASS_01.csv"
"MOVE_DIAMOND_BLADE","Diamond Blade","Rock","Physical","anim_0015","docs/approval/previews/mp4/anim_0015.mp4","docs/approval/previews/gif/anim_0015.gif","platinum-base-move","15","MOVE_CUT","","direct Platinum/base-era DS reuse","manifests/ELITE_REDUX_DS_ANIMATION_PASS_01.csv"
"DIAMONDBREATH","Diamond Breath","Rock","Special","anim_0803","docs/approval/previews/mp4/anim_0803.mp4","docs/approval/previews/gif/anim_0803.gif","hg-engine-script","803","animations/hg-engine/gen8/803.s","animations/hg-engine/gen8/803.s","provisional direct hg-engine DS reuse assigned","manifests/COMMUNITY_DS_ANIMATION_RESCUE_PASS_12.csv"
"DILDOCANNON","Dildo Cannon","Dragon","Physical","anim_0802","docs/approval/previews/mp4/anim_0802.mp4","docs/approval/previews/gif/anim_0802.gif","hg-engine-script","802","animations/hg-engine/gen8/802.s","animations/hg-engine/gen8/802.s","provisional direct hg-engine DS reuse assigned","manifests/COMMUNITY_DS_ANIMATION_RESCUE_PASS_12.csv"
"DISCORDANTSHRIEK","Discordant Shriek","Sound","Special","anim_0589","docs/approval/previews/mp4/anim_0589.mp4","docs/approval/previews/gif/anim_0589.gif","hg-engine-script","589","animations/hg-engine/gen6/589.s","animations/hg-engine/gen6/589.s","provisional direct hg-engine DS reuse assigned","manifests/COMMUNITY_DS_ANIMATION_RESCUE_PASS_12.csv"
"DOMAINSHIFT","Domain Shift","Qmarks","Status","anim_0481","docs/approval/previews/mp4/anim_0481.mp4","docs/approval/previews/gif/anim_0481.gif","hg-engine-script","481","animations/hg-engine/gen5/481.s","animations/hg-engine/gen5/481.s","provisional direct hg-engine DS reuse assigned","manifests/COMMUNITY_DS_ANIMATION_RESCUE_PASS_12.csv"
"MOVE_DOUBLE_LARIAT","Double Lariat","Fighting","Physical","anim_0666","docs/approval/previews/mp4/anim_0666.mp4","docs/approval/previews/gif/anim_0666.gif","hg-engine-script","666","animations/hg-engine/gen7/666.s","animations/hg-engine/gen7/666.s","direct hg-engine DS reuse","manifests/ELITE_REDUX_DS_ANIMATION_PASS_01.csv"
"DRACOJET","Draco Jet","Dragon","Physical","anim_0754","docs/approval/previews/mp4/anim_0754.mp4","docs/approval/previews/gif/anim_0754.gif","hg-engine-script","754","animations/hg-engine/gen8/754.s","animations/hg-engine/gen8/754.s","provisional direct hg-engine DS reuse assigned","manifests/COMMUNITY_DS_ANIMATION_RESCUE_PASS_12.csv"
"MOVE_DRAKE_MISSILE","Draco Missile","Dragon","Physical","anim_0396","docs/approval/previews/mp4/anim_0396.mp4","docs/approval/previews/gif/anim_0396.gif","platinum-base-move","396","MOVE_AURA_SPHERE","","direct Platinum/base-era DS reuse","manifests/ELITE_REDUX_DS_ANIMATION_PASS_01.csv"
"MOVE_DRACONIC_FANGS","Draconic Fangs","Dragon","Physical","anim_0044","docs/approval/previews/mp4/anim_0044.mp4","docs/approval/previews/gif/anim_0044.gif","platinum-base-move","44","MOVE_BITE","","direct Platinum/base-era DS reuse","manifests/ELITE_REDUX_DS_ANIMATION_PASS_01.csv"
"MOVE_DRAGON_DASH","Dragon Dash","Dragon","Physical","anim_0407","docs/approval/previews/mp4/anim_0407.mp4","docs/approval/previews/gif/anim_0407.gif","platinum-base-move","407","MOVE_DRAGON_RUSH","","direct Platinum/base-era DS reuse","manifests/ELITE_REDUX_DS_ANIMATION_PASS_01.csv"
"DRAGONFIST","Dragon Fist","Dragon","Physical","anim_0695","docs/approval/previews/mp4/anim_0695.mp4","docs/approval/previews/gif/anim_0695.gif","hg-engine-script","695","animations/hg-engine/gen7/695.s","animations/hg-engine/gen7/695.s","provisional direct hg-engine DS reuse assigned","manifests/COMMUNITY_DS_ANIMATION_RESCUE_PASS_12.csv"
"MOVE_DRAGON_JAB","Dragon Jab","Dragon","Physical","anim_0224","docs/approval/previews/mp4/anim_0224.mp4","docs/approval/previews/gif/anim_0224.gif","platinum-base-move","224","MOVE_MEGAHORN","","direct Platinum/base-era DS reuse","manifests/ELITE_REDUX_DS_ANIMATION_PASS_01.csv"
"DRAGONIFY","Dragonify","Dragon","Status","anim_0916","docs/approval/previews/mp4/anim_0916.mp4","docs/approval/previews/gif/anim_0916.gif","hg-engine-script","916","animations/hg-engine/gen9/916.s","animations/hg-engine/gen9/916.s","provisional direct hg-engine DS reuse assigned","manifests/COMMUNITY_DS_ANIMATION_RESCUE_PASS_12.csv"
"MOVE_DRAIN_BRAIN","Drain Brain","Psychic","Status","anim_0671","docs/approval/previews/mp4/anim_0671.mp4","docs/approval/previews/gif/anim_0671.gif","hg-engine-script","671","animations/hg-engine/gen7/671.s","animations/hg-engine/gen7/671.s","direct hg-engine DS reuse","manifests/ELITE_REDUX_DS_ANIMATION_PASS_01.csv"
"DRAINLIFE","Drain Life","Dark","Physical","anim_0749","docs/approval/previews/mp4/anim_0749.mp4","docs/approval/previews/gif/anim_0749.gif","hg-engine-script","749","animations/hg-engine/gen8/749.s","animations/hg-engine/gen8/749.s","provisional direct hg-engine DS reuse assigned","manifests/COMMUNITY_DS_ANIMATION_RESCUE_PASS_12.csv"
"DRAKONVOICE","Drakon Voice","Dragon","Special","anim_0731","docs/approval/previews/mp4/anim_0731.mp4","docs/approval/previews/gif/anim_0731.gif","hg-engine-script","731","animations/hg-engine/gen7/731.s","animations/hg-engine/gen7/731.s","provisional direct hg-engine DS reuse assigned","manifests/COMMUNITY_DS_ANIMATION_RESCUE_PASS_12.csv"
"MOVE_DREAM_INVERSION","Dream Invasion","Normal","Physical","anim_0138","docs/approval/previews/mp4/anim_0138.mp4","docs/approval/previews/gif/anim_0138.gif","platinum-base-move","138","MOVE_DREAM_EATER","","direct Platinum/base-era DS reuse","manifests/ELITE_REDUX_DS_ANIMATION_PASS_01.csv"
"DRENANIMA","Drenánima","Ghost","Special","anim_0828","docs/approval/previews/mp4/anim_0828.mp4","docs/approval/previews/gif/anim_0828.gif","hg-engine-script","828","animations/hg-engine/gen8/828.s","animations/hg-engine/gen8/828.s","provisional direct hg-engine DS reuse assigned","manifests/COMMUNITY_DS_ANIMATION_RESCUE_PASS_12.csv"
"DRUMBEAT","Drum Beat","Sound","Physical","anim_0781","docs/approval/previews/mp4/anim_0781.mp4","docs/approval/previews/gif/anim_0781.gif","hg-engine-script","781","animations/hg-engine/gen8/781.s","animations/hg-engine/gen8/781.s","provisional direct hg-engine DS reuse assigned","manifests/COMMUNITY_DS_ANIMATION_RESCUE_PASS_12.csv"
"DUNEGLIDER","Dune Glider","Ground","Physical","anim_0617","docs/approval/previews/mp4/anim_0617.mp4","docs/approval/previews/gif/anim_0617.gif","hg-engine-script","617","animations/hg-engine/gen6/617.s","animations/hg-engine/gen6/617.s","provisional direct hg-engine DS reuse assigned","manifests/COMMUNITY_DS_ANIMATION_RESCUE_PASS_12.csv"
"MOVE_EARTHSPLITTER","Earthsplitter","Steel","Physical","anim_0896","docs/approval/previews/mp4/anim_0896.mp4","docs/approval/previews/gif/anim_0896.gif","hg-engine-script","896","animations/hg-engine/gen9/896.s","animations/hg-engine/gen9/896.s","direct hg-engine DS reuse","manifests/ELITE_REDUX_DS_ANIMATION_PASS_01.csv"
"EBULLICIÓN","Ebullición","Water","Special","anim_0506","docs/approval/previews/mp4/anim_0506.mp4","docs/approval/previews/gif/anim_0506.gif","hg-engine-script","506","animations/hg-engine/gen5/506.s","animations/hg-engine/gen5/506.s","provisional direct hg-engine DS reuse assigned","manifests/COMMUNITY_DS_ANIMATION_RESCUE_PASS_12.csv"
"MOVE_ECLIPSE","Eclipse","Dark","Special","anim_0464","docs/approval/previews/mp4/anim_0464.mp4","docs/approval/previews/gif/anim_0464.gif","platinum-base-move","464","MOVE_DARK_VOID","","direct Platinum/base-era DS reuse","manifests/ELITE_REDUX_DS_ANIMATION_PASS_01.csv"
"MOVE_EERIE_FOG","Eerie Fog","Ghost","Status","anim_0114","docs/approval/previews/mp4/anim_0114.mp4","docs/approval/previews/gif/anim_0114.gif","platinum-base-move","114","MOVE_HAZE","","direct Platinum/base-era DS reuse","manifests/ELITE_REDUX_DS_ANIMATION_PASS_01.csv"
"ELBOWDROP","Elbow Drop","Ghost","Physical","anim_0812","docs/approval/previews/mp4/anim_0812.mp4","docs/approval/previews/gif/anim_0812.gif","hg-engine-script","812","animations/hg-engine/gen8/812.s","animations/hg-engine/gen8/812.s","provisional direct hg-engine DS reuse assigned","manifests/COMMUNITY_DS_ANIMATION_RESCUE_PASS_12.csv"
"ELECTROARENA","Electroarena","Ground","Special","anim_0818","docs/approval/previews/mp4/anim_0818.mp4","docs/approval/previews/gif/anim_0818.gif","hg-engine-script","818","animations/hg-engine/gen8/818.s","animations/hg-engine/gen8/818.s","provisional direct hg-engine DS reuse assigned","manifests/COMMUNITY_DS_ANIMATION_RESCUE_PASS_12.csv"
"ELECTROBABA","Electrobaba","Electric","Special","anim_0530","docs/approval/previews/mp4/anim_0530.mp4","docs/approval/previews/gif/anim_0530.gif","hg-engine-script","530","animations/hg-engine/gen5/530.s","animations/hg-engine/gen5/530.s","provisional direct hg-engine DS reuse assigned","manifests/COMMUNITY_DS_ANIMATION_RESCUE_PASS_12.csv"
"ELECTROPUNZADA","Electropunzada","Electric","Physical","anim_0724","docs/approval/previews/mp4/anim_0724.mp4","docs/approval/previews/gif/anim_0724.gif","hg-engine-script","724","animations/hg-engine/gen7/724.s","animations/hg-engine/gen7/724.s","provisional direct hg-engine DS reuse assigned","manifests/COMMUNITY_DS_ANIMATION_RESCUE_PASS_12.csv"
"ELYSIANSHIELD","Elysian Shield","Fairy","Status","anim_0581","docs/approval/previews/mp4/anim_0581.mp4","docs/approval/previews/gif/anim_0581.gif","hg-engine-script","581","animations/hg-engine/gen6/581.s","animations/hg-engine/gen6/581.s","provisional direct hg-engine DS reuse assigned","manifests/COMMUNITY_DS_ANIMATION_RESCUE_PASS_12.csv"
"TERRAL","Endodrenaje","Fire","Special","anim_0598","docs/approval/previews/mp4/anim_0598.mp4","docs/approval/previews/gif/anim_0598.gif","hg-engine-script","598","animations/hg-engine/gen6/598.s","animations/hg-engine/gen6/598.s","provisional direct hg-engine DS reuse assigned","manifests/COMMUNITY_DS_ANIMATION_RESCUE_PASS_12.csv"
"ENEMA","Enema","Grass","Physical","anim_0741","docs/approval/previews/mp4/anim_0741.mp4","docs/approval/previews/gif/anim_0741.gif","hg-engine-script","741","animations/hg-engine/gen7/741.s","animations/hg-engine/gen7/741.s","provisional direct hg-engine DS reuse assigned","manifests/COMMUNITY_DS_ANIMATION_RESCUE_PASS_12.csv"
"MOVE_ENERGY_WAVE","Energy Wave","Normal","Special","anim_0049","docs/approval/previews/mp4/anim_0049.mp4","docs/approval/previews/gif/anim_0049.gif","platinum-base-move","49","MOVE_SONIC_BOOM","","direct Platinum/base-era DS reuse","manifests/ELITE_REDUX_DS_ANIMATION_PASS_01.csv"
"ENFRIAR","Enfriar","Ice","Status","anim_0886","docs/approval/previews/mp4/anim_0886.mp4","docs/approval/previews/gif/anim_0886.gif","hg-engine-script","886","animations/hg-engine/gen9/886.s","animations/hg-engine/gen9/886.s","provisional direct hg-engine DS reuse assigned","manifests/COMMUNITY_DS_ANIMATION_RESCUE_PASS_12.csv"
"ENIGMATICDASH","Enigmatic Dash","Fairy","Physical","anim_0792","docs/approval/previews/mp4/anim_0792.mp4","docs/approval/previews/gif/anim_0792.gif","hg-engine-script","792","animations/hg-engine/gen8/792.s","animations/hg-engine/gen8/792.s","provisional direct hg-engine DS reuse assigned","manifests/COMMUNITY_DS_ANIMATION_RESCUE_PASS_12.csv"
"EROSIONWAVE","Erosion Wave","Rock","Special","anim_0803","docs/approval/previews/mp4/anim_0803.mp4","docs/approval/previews/gif/anim_0803.gif","hg-engine-script","803","animations/hg-engine/gen8/803.s","animations/hg-engine/gen8/803.s","provisional direct hg-engine DS reuse assigned","manifests/COMMUNITY_DS_ANIMATION_RESCUE_PASS_12.csv"
"MOVE_ESPER_WALTZ","Esper Waltz","Psychic","Special","anim_0689","docs/approval/previews/mp4/anim_0689.mp4","docs/approval/previews/gif/anim_0689.gif","hg-engine-script","689","animations/hg-engine/gen7/689.s","animations/hg-engine/gen7/689.s","direct hg-engine DS reuse","manifests/ELITE_REDUX_DS_ANIMATION_PASS_01.csv"
"ETHEREALTEMPEST","Ethereal Tempest","Flying","Special","anim_0545","docs/approval/previews/mp4/anim_0545.mp4","docs/approval/previews/gif/anim_0545.gif","hg-engine-script","545","animations/hg-engine/gen5/545.s","animations/hg-engine/gen5/545.s","provisional direct hg-engine DS reuse assigned","manifests/COMMUNITY_DS_ANIMATION_RESCUE_PASS_12.csv"
"MOVE_EXCALIBUR","Excalibur","Steel","Physical","anim_0784","docs/approval/previews/mp4/anim_0784.mp4","docs/approval/previews/gif/anim_0784.gif","hg-engine-script","784","animations/hg-engine/gen8/784.s","animations/hg-engine/gen8/784.s","provisional direct hg-engine DS reuse assigned","manifests/COMMUNITY_DS_ANIMATION_RESCUE_PASS_12.csv"
"EXCITE","Excite","Normal","Status","anim_0592","docs/approval/previews/mp4/anim_0592.mp4","docs/approval/previews/gif/anim_0592.gif","hg-engine-script","592","animations/hg-engine/gen6/592.s","animations/hg-engine/gen6/592.s","provisional direct hg-engine DS reuse assigned","manifests/COMMUNITY_DS_ANIMATION_RESCUE_PASS_12.csv"
"EXPUNGE","Expunge","Nuclear","Special","anim_0690","docs/approval/previews/mp4/anim_0690.mp4","docs/approval/previews/gif/anim_0690.gif","hg-engine-script","690","animations/hg-engine/gen7/690.s","animations/hg-engine/gen7/690.s","provisional direct hg-engine DS reuse assigned","manifests/COMMUNITY_DS_ANIMATION_RESCUE_PASS_12.csv"
"MOVE_FAIRY_SPHERES","Fairy Spheres","Fairy","Physical","anim_0003","docs/approval/previews/mp4/anim_0003.mp4","docs/approval/previews/gif/anim_0003.gif","platinum-base-move","3","MOVE_DOUBLE_SLAP","","direct Platinum/base-era DS reuse","manifests/ELITE_REDUX_DS_ANIMATION_PASS_01.csv"
"FALCONPUNCH","Falcon Punch","Flying","Physical","anim_0734","docs/approval/previews/mp4/anim_0734.mp4","docs/approval/previews/gif/anim_0734.gif","hg-engine-script","734","animations/hg-engine/gen7/734.s","animations/hg-engine/gen7/734.s","provisional direct hg-engine DS reuse assigned","manifests/COMMUNITY_DS_ANIMATION_RESCUE_PASS_12.csv"
"FALLOUT","Fallout","Nuclear","Status","anim_0582","docs/approval/previews/mp4/anim_0582.mp4","docs/approval/previews/gif/anim_0582.gif","hg-engine-script","582","animations/hg-engine/gen6/582.s","animations/hg-engine/gen6/582.s","provisional direct hg-engine DS reuse assigned","manifests/COMMUNITY_DS_ANIMATION_RESCUE_PASS_12.csv"
"FANGLEECH","Fang Leech","Dragon","Physical","anim_0802","docs/approval/previews/mp4/anim_0802.mp4","docs/approval/previews/gif/anim_0802.gif","hg-engine-script","802","animations/hg-engine/gen8/802.s","animations/hg-engine/gen8/802.s","provisional direct hg-engine DS reuse assigned","manifests/COMMUNITY_DS_ANIMATION_RESCUE_PASS_12.csv"
"MOVE_FEMUR_BREAKER","Femur Breaker","Electric","Physical","anim_0553","docs/approval/previews/mp4/anim_0553.mp4","docs/approval/previews/gif/anim_0553.gif","hg-engine-script","553","animations/hg-engine/gen5/553.s","animations/hg-engine/gen5/553.s","direct hg-engine DS reuse assigned","manifests/COMMUNITY_DS_ANIMATION_DIRECT_RESOLUTION_PASS_14.csv"
"FERMENTACION","Fermentación","Poison","Special","anim_0804","docs/approval/previews/mp4/anim_0804.mp4","docs/approval/previews/gif/anim_0804.gif","hg-engine-script","804","animations/hg-engine/gen8/804.s","animations/hg-engine/gen8/804.s","provisional direct hg-engine DS reuse assigned","manifests/COMMUNITY_DS_ANIMATION_RESCUE_PASS_12.csv"
"MOVE_FERTILE_FANGS","Fertile Fangs","Grass","Physical","anim_0141","docs/approval/previews/mp4/anim_0141.mp4","docs/approval/previews/gif/anim_0141.gif","platinum-base-move","141","MOVE_LEECH_LIFE","","direct Platinum/base-era DS reuse","manifests/ELITE_REDUX_DS_ANIMATION_PASS_01.csv"
"MOVE_FETCH","Fetch","Normal","Physical","anim_0226","docs/approval/previews/mp4/anim_0226.mp4","docs/approval/previews/gif/anim_0226.gif","platinum-base-move","226","MOVE_BATON_PASS","","direct Platinum/base-era DS reuse","manifests/ELITE_REDUX_DS_ANIMATION_PASS_01.csv"
"FEVERPITCH","Fever Pitch","Fire","Special","anim_0874","docs/approval/previews/mp4/anim_0874.mp4","docs/approval/previews/gif/anim_0874.gif","hg-engine-script","874","animations/hg-engine/gen9/874.s","animations/hg-engine/gen9/874.s","provisional direct hg-engine DS reuse assigned","manifests/COMMUNITY_DS_ANIMATION_RESCUE_PASS_12.csv"
"FIEBREORO","Fiebre del Oro","Dark","Status","anim_0471","docs/approval/previews/mp4/anim_0471.mp4","docs/approval/previews/gif/anim_0471.gif","hg-engine-script","471","animations/hg-engine/gen5/471.s","animations/hg-engine/gen5/471.s","provisional direct hg-engine DS reuse assigned","manifests/COMMUNITY_DS_ANIMATION_RESCUE_PASS_12.csv"
"FIREBOMB","Fire Bomb","Fire","Physical","anim_0760","docs/approval/previews/mp4/anim_0760.mp4","docs/approval/previews/gif/anim_0760.gif","hg-engine-script","760","animations/hg-engine/gen8/760.s","animations/hg-engine/gen8/760.s","provisional direct hg-engine DS reuse assigned","manifests/COMMUNITY_DS_ANIMATION_RESCUE_PASS_12.csv"
"FIRECRACKERS","Fire Crackers","Fire","Physical","anim_0683","docs/approval/previews/mp4/anim_0683.mp4","docs/approval/previews/gif/anim_0683.gif","hg-engine-script","683","animations/hg-engine/gen7/683.s","animations/hg-engine/gen7/683.s","provisional direct hg-engine DS reuse assigned","manifests/COMMUNITY_DS_ANIMATION_RESCUE_PASS_12.csv"
"MOVE_FIRE_GLAIVE","Fire Glaive","Fire","Physical","anim_0394","docs/approval/previews/mp4/anim_0394.mp4","docs/approval/previews/gif/anim_0394.gif","platinum-base-move","394","MOVE_FLARE_BLITZ","","direct Platinum/base-era DS reuse","manifests/ELITE_REDUX_DS_ANIMATION_PASS_01.csv"
"FISSIONBURST","Fission Burst","Nuclear","Physical","anim_0805","docs/approval/previews/mp4/anim_0805.mp4","docs/approval/previews/gif/anim_0805.gif","hg-engine-script","805","animations/hg-engine/gen8/805.s","animations/hg-engine/gen8/805.s","provisional direct hg-engine DS reuse assigned","manifests/COMMUNITY_DS_ANIMATION_RESCUE_PASS_12.csv"
"MOVE_FIVE_STAR_FURY","Five-Star Fury","Bug","Physical","anim_0663","docs/approval/previews/mp4/anim_0663.mp4","docs/approval/previews/gif/anim_0663.gif","hg-engine-script","663","animations/hg-engine/gen7/663.s","animations/hg-engine/gen7/663.s","direct hg-engine DS reuse assigned","manifests/COMMUNITY_DS_ANIMATION_DIRECT_RESOLUTION_PASS_14.csv"
"FIZZBITCH","Fizzbitch","Grass","Special","anim_0838","docs/approval/previews/mp4/anim_0838.mp4","docs/approval/previews/gif/anim_0838.gif","hg-engine-script","838","animations/hg-engine/gen8/838.s","animations/hg-engine/gen8/838.s","provisional direct hg-engine DS reuse assigned","manifests/COMMUNITY_DS_ANIMATION_RESCUE_PASS_12.csv"
"FLAMEIMPACT","Flame Impact","Fire","Physical","anim_0491","docs/approval/previews/mp4/anim_0491.mp4","docs/approval/previews/gif/anim_0491.gif","hg-engine-script","491","animations/hg-engine/gen5/491.s","animations/hg-engine/gen5/491.s","provisional direct hg-engine DS reuse assigned","manifests/COMMUNITY_DS_ANIMATION_RESCUE_PASS_12.csv"
"MOVE_FLAME_TONGUE","Flame Tongue","Fire","Physical","anim_0899","docs/approval/previews/mp4/anim_0899.mp4","docs/approval/previews/gif/anim_0899.gif","hg-engine-script","899","animations/hg-engine/gen9/899.s","animations/hg-engine/gen9/899.s","provisional direct hg-engine DS reuse assigned","manifests/COMMUNITY_DS_ANIMATION_RESCUE_PASS_12.csv"
"MOVE_FLASH_FREEZE","Flash Freeze","Ice","Status","anim_0576","docs/approval/previews/mp4/anim_0576.mp4","docs/approval/previews/gif/anim_0576.gif","hg-engine-script","576","animations/hg-engine/gen6/576.s","animations/hg-engine/gen6/576.s","direct hg-engine DS reuse","manifests/ELITE_REDUX_DS_ANIMATION_PASS_01.csv"
"FLECHASTRAL","Flecha Astral","Fairy","Physical","anim_0770","docs/approval/previews/mp4/anim_0770.mp4","docs/approval/previews/gif/anim_0770.gif","hg-engine-script","770","animations/hg-engine/gen8/770.s","animations/hg-engine/gen8/770.s","provisional direct hg-engine DS reuse assigned","manifests/COMMUNITY_DS_ANIMATION_RESCUE_PASS_12.csv"
"FLORALETEO","Floraleteo","Grass","Special","anim_0523","docs/approval/previews/mp4/anim_0523.mp4","docs/approval/previews/gif/anim_0523.gif","hg-engine-script","523","animations/hg-engine/gen5/523.s","animations/hg-engine/gen5/523.s","provisional direct hg-engine DS reuse assigned","manifests/COMMUNITY_DS_ANIMATION_RESCUE_PASS_12.csv"
"MOVE_FLUTTERING_LEAF","Fluttering Leaf","Grass","Physical","anim_0369","docs/approval/previews/mp4/anim_0369.mp4","docs/approval/previews/gif/anim_0369.gif","platinum-base-move","369","MOVE_U_TURN","","direct Platinum/base-era DS reuse","manifests/ELITE_REDUX_DS_ANIMATION_PASS_01.csv"
"FOCUSMUNCH","Focus Munch","Fighting","Status","anim_0504","docs/approval/previews/mp4/anim_0504.mp4","docs/approval/previews/gif/anim_0504.gif","hg-engine-script","504","animations/hg-engine/gen5/504.s","animations/hg-engine/gen5/504.s","provisional direct hg-engine DS reuse assigned","manifests/COMMUNITY_DS_ANIMATION_RESCUE_PASS_12.csv"
"FORYOU","For You","Fighting","Physical","anim_0826","docs/approval/previews/mp4/anim_0826.mp4","docs/approval/previews/gif/anim_0826.gif","hg-engine-script","826","animations/hg-engine/gen8/826.s","animations/hg-engine/gen8/826.s","provisional direct hg-engine DS reuse assigned","manifests/COMMUNITY_DS_ANIMATION_RESCUE_PASS_12.csv"
"FORCEWAVE","Force Wave","Fighting","Special","anim_0551","docs/approval/previews/mp4/anim_0551.mp4","docs/approval/previews/gif/anim_0551.gif","hg-engine-script","551","animations/hg-engine/gen5/551.s","animations/hg-engine/gen5/551.s","provisional direct hg-engine DS reuse assigned","manifests/COMMUNITY_DS_ANIMATION_RESCUE_PASS_12.csv"
"FORGEBREATH","Forge Breath","Steel","Special","anim_0799","docs/approval/previews/mp4/anim_0799.mp4","docs/approval/previews/gif/anim_0799.gif","hg-engine-script","799","animations/hg-engine/gen8/799.s","animations/hg-engine/gen8/799.s","direct hg-engine DS reuse assigned","manifests/COMMUNITY_DS_ANIMATION_PORT_FALLBACK_PASS_13.csv"
"FRIGIDMAW","Frigid Maw","Ice","Physical","anim_0668","docs/approval/previews/mp4/anim_0668.mp4","docs/approval/previews/gif/anim_0668.gif","hg-engine-script","668","animations/hg-engine/gen7/668.s","animations/hg-engine/gen7/668.s","provisional direct hg-engine DS reuse assigned","manifests/COMMUNITY_DS_ANIMATION_RESCUE_PASS_12.csv"
"MOVE_FROST_BOLT","Frost Bolt","Ice","Physical","anim_0668","docs/approval/previews/mp4/anim_0668.mp4","docs/approval/previews/gif/anim_0668.gif","hg-engine-script","668","animations/hg-engine/gen7/668.s","animations/hg-engine/gen7/668.s","provisional direct hg-engine DS reuse assigned","manifests/COMMUNITY_DS_ANIMATION_RESCUE_PASS_12.csv"
"MOVE_FROST_BRAND","Frost Brand","Ice","Physical","anim_0668","docs/approval/previews/mp4/anim_0668.mp4","docs/approval/previews/gif/anim_0668.gif","hg-engine-script","668","animations/hg-engine/gen7/668.s","animations/hg-engine/gen7/668.s","provisional direct hg-engine DS reuse assigned","manifests/COMMUNITY_DS_ANIMATION_RESCUE_PASS_12.csv"
"FROSTKICK","Frost Kick","Ice","Physical","anim_0839","docs/approval/previews/mp4/anim_0839.mp4","docs/approval/previews/gif/anim_0839.gif","hg-engine-script","839","animations/hg-engine/gen8/839.s","animations/hg-engine/gen8/839.s","provisional direct hg-engine DS reuse assigned","manifests/COMMUNITY_DS_ANIMATION_RESCUE_PASS_12.csv"
"FROSTWALKER","Frost Walker","Ice","Physical","anim_0668","docs/approval/previews/mp4/anim_0668.mp4","docs/approval/previews/gif/anim_0668.gif","hg-engine-script","668","animations/hg-engine/gen7/668.s","animations/hg-engine/gen7/668.s","provisional direct hg-engine DS reuse assigned","manifests/COMMUNITY_DS_ANIMATION_RESCUE_PASS_12.csv"
"FRUITPUNCH","Fruit Punch","Fairy","Physical","anim_0792","docs/approval/previews/mp4/anim_0792.mp4","docs/approval/previews/gif/anim_0792.gif","hg-engine-script","792","animations/hg-engine/gen8/792.s","animations/hg-engine/gen8/792.s","provisional direct hg-engine DS reuse assigned","manifests/COMMUNITY_DS_ANIMATION_RESCUE_PASS_12.csv"
"FUEGOCRUZADO","Fuego Cruzado","Fire","Physical","anim_0738","docs/approval/previews/mp4/anim_0738.mp4","docs/approval/previews/gif/anim_0738.gif","hg-engine-script","738","animations/hg-engine/gen7/738.s","animations/hg-engine/gen7/738.s","provisional direct hg-engine DS reuse assigned","manifests/COMMUNITY_DS_ANIMATION_RESCUE_PASS_12.csv"
"FUEGOLUNAR","Fuego Lunar","Fire","Special","anim_0598","docs/approval/previews/mp4/anim_0598.mp4","docs/approval/previews/gif/anim_0598.gif","hg-engine-script","598","animations/hg-engine/gen6/598.s","animations/hg-engine/gen6/598.s","provisional direct hg-engine DS reuse assigned","manifests/COMMUNITY_DS_ANIMATION_RESCUE_PASS_12.csv"
"CONJUROSOLAR","Fuerza Solar","Fairy","Special","anim_0587","docs/approval/previews/mp4/anim_0587.mp4","docs/approval/previews/gif/anim_0587.gif","hg-engine-script","587","animations/hg-engine/gen6/587.s","animations/hg-engine/gen6/587.s","provisional direct hg-engine DS reuse assigned","manifests/COMMUNITY_DS_ANIMATION_RESCUE_PASS_12.csv"
"FUERZAESENCIA","Fuerzaesencia","Psychic","Special","anim_0800","docs/approval/previews/mp4/anim_0800.mp4","docs/approval/previews/gif/anim_0800.gif","hg-engine-script","800","animations/hg-engine/gen8/800.s","animations/hg-engine/gen8/800.s","provisional direct hg-engine DS reuse assigned","manifests/COMMUNITY_DS_ANIMATION_RESCUE_PASS_12.csv"
"MOVE_FUMIGATION_BOMB","Fumigation Bomb","Poison","Physical","anim_0830","docs/approval/previews/mp4/anim_0830.mp4","docs/approval/previews/gif/anim_0830.gif","hg-engine-script","830","animations/hg-engine/gen8/830.s","animations/hg-engine/gen8/830.s","provisional direct hg-engine DS reuse assigned","manifests/COMMUNITY_DS_ANIMATION_RESCUE_PASS_12.csv"
"FURIATOTEMICA","Furia Totémica","Ground","Special","anim_0851","docs/approval/previews/mp4/anim_0851.mp4","docs/approval/previews/gif/anim_0851.gif","hg-engine-script","851","animations/hg-engine/gen8/851.s","animations/hg-engine/gen8/851.s","provisional direct hg-engine DS reuse assigned","manifests/COMMUNITY_DS_ANIMATION_RESCUE_PASS_12.csv"
"FURIOUSPUMMELING","Furious Pummeling","Normal","Physical","anim_0876","docs/approval/previews/mp4/anim_0876.mp4","docs/approval/previews/gif/anim_0876.gif","hg-engine-script","876","animations/hg-engine/gen9/876.s","animations/hg-engine/gen9/876.s","provisional direct hg-engine DS reuse assigned","manifests/COMMUNITY_DS_ANIMATION_RESCUE_PASS_12.csv"
"FUTABABREAK","Futaba Break","Grass","Physical","anim_0575","docs/approval/previews/mp4/anim_0575.mp4","docs/approval/previews/gif/anim_0575.gif","hg-engine-script","575","animations/hg-engine/gen6/575.s","animations/hg-engine/gen6/575.s","provisional direct hg-engine DS reuse assigned","manifests/COMMUNITY_DS_ANIMATION_RESCUE_PASS_12.csv"
"GALESTRIKE","Gale Strike","Fighting","Physical","anim_0563","docs/approval/previews/mp4/anim_0563.mp4","docs/approval/previews/gif/anim_0563.gif","hg-engine-script","563","animations/hg-engine/gen6/563.s","animations/hg-engine/gen6/563.s","provisional direct hg-engine DS reuse assigned","manifests/COMMUNITY_DS_ANIMATION_RESCUE_PASS_12.csv"
"GHOSTGALLOP","Galope Espectral","Ghost","Physical","anim_0715","docs/approval/previews/mp4/anim_0715.mp4","docs/approval/previews/gif/anim_0715.gif","hg-engine-script","715","animations/hg-engine/gen7/715.s","animations/hg-engine/gen7/715.s","provisional direct hg-engine DS reuse assigned","manifests/COMMUNITY_DS_ANIMATION_RESCUE_PASS_12.csv"
"GAMMARAY","Gamma Ray","Nuclear","Special","anim_0854","docs/approval/previews/mp4/anim_0854.mp4","docs/approval/previews/gif/anim_0854.gif","hg-engine-script","854","animations/hg-engine/gen9/854.s","animations/hg-engine/gen9/854.s","provisional direct hg-engine DS reuse assigned","manifests/COMMUNITY_DS_ANIMATION_RESCUE_PASS_12.csv"
"GAYAGENDA","Gay Agenda","Fairy","Status","anim_0581","docs/approval/previews/mp4/anim_0581.mp4","docs/approval/previews/gif/anim_0581.gif","hg-engine-script","581","animations/hg-engine/gen6/581.s","animations/hg-engine/gen6/581.s","provisional direct hg-engine DS reuse assigned","manifests/COMMUNITY_DS_ANIMATION_RESCUE_PASS_12.csv"
"MOVE_GEM_MISSILE","Gem Missile","Rock","Special","anim_0408","docs/approval/previews/mp4/anim_0408.mp4","docs/approval/previews/gif/anim_0408.gif","platinum-base-move","408","MOVE_POWER_GEM","","direct Platinum/base-era DS reuse","manifests/ELITE_REDUX_DS_ANIMATION_PASS_01.csv"
"GEMSTONEGLIMMER","Gemstone Glimmer","Rock","Special","anim_0803","docs/approval/previews/mp4/anim_0803.mp4","docs/approval/previews/gif/anim_0803.gif","hg-engine-script","803","animations/hg-engine/gen8/803.s","animations/hg-engine/gen8/803.s","provisional direct hg-engine DS reuse assigned","manifests/COMMUNITY_DS_ANIMATION_RESCUE_PASS_12.csv"
"GENEBLASTER","Gene Blaster","Normal","Special","anim_0854","docs/approval/previews/mp4/anim_0854.mp4","docs/approval/previews/gif/anim_0854.gif","hg-engine-script","854","animations/hg-engine/gen9/854.s","animations/hg-engine/gen9/854.s","provisional direct hg-engine DS reuse assigned","manifests/COMMUNITY_DS_ANIMATION_RESCUE_PASS_12.csv"
"GEODEBURST","Geode Burst","Rock","Special","anim_0803","docs/approval/previews/mp4/anim_0803.mp4","docs/approval/previews/gif/anim_0803.gif","hg-engine-script","803","animations/hg-engine/gen8/803.s","animations/hg-engine/gen8/803.s","provisional direct hg-engine DS reuse assigned","manifests/COMMUNITY_DS_ANIMATION_RESCUE_PASS_12.csv"
"GEOIMPACTO","Geoimpacto","Ground","Special","anim_0634","docs/approval/previews/mp4/anim_0634.mp4","docs/approval/previews/gif/anim_0634.gif","hg-engine-script","634","animations/hg-engine/gen7/634.s","animations/hg-engine/gen7/634.s","provisional direct hg-engine DS reuse assigned","manifests/COMMUNITY_DS_ANIMATION_RESCUE_PASS_12.csv"
"GETLUCKY","Get Lucky","Psychic","Special","anim_0920","docs/approval/previews/mp4/anim_0920.mp4","docs/approval/previews/gif/anim_0920.gif","hg-engine-script","920","animations/hg-engine/gen9/920.s","animations/hg-engine/gen9/920.s","provisional direct hg-engine DS reuse assigned","manifests/COMMUNITY_DS_ANIMATION_RESCUE_PASS_12.csv"
"MOVE_GHASTLY_ECHO","Ghastly Echo","Ghost","Special","anim_0228","docs/approval/previews/mp4/anim_0228.mp4","docs/approval/previews/gif/anim_0228.gif","platinum-base-move","228","MOVE_PURSUIT","","direct Platinum/base-era DS reuse","manifests/ELITE_REDUX_DS_ANIMATION_PASS_01.csv"
"MOVE_GIANT_GALE","Giant Gale","Flying","Special","anim_0545","docs/approval/previews/mp4/anim_0545.mp4","docs/approval/previews/gif/anim_0545.gif","hg-engine-script","545","animations/hg-engine/gen5/545.s","animations/hg-engine/gen5/545.s","direct hg-engine DS reuse","manifests/ELITE_REDUX_DS_ANIMATION_PASS_01.csv"
"GILDEDARROW","Gilded Arrow","Normal","Special","anim_0549","docs/approval/previews/mp4/anim_0549.mp4","docs/approval/previews/gif/anim_0549.gif","hg-engine-script","549","animations/hg-engine/gen5/549.s","animations/hg-engine/gen5/549.s","provisional direct hg-engine DS reuse assigned","manifests/COMMUNITY_DS_ANIMATION_RESCUE_PASS_12.csv"
"GILDEDHELIX","Gilded Helix","Normal","Special","anim_0549","docs/approval/previews/mp4/anim_0549.mp4","docs/approval/previews/gif/anim_0549.gif","hg-engine-script","549","animations/hg-engine/gen5/549.s","animations/hg-engine/gen5/549.s","provisional direct hg-engine DS reuse assigned","manifests/COMMUNITY_DS_ANIMATION_RESCUE_PASS_12.csv"
"GLACIALGULF","Glacial Gulf","Ice","Status","anim_0662","docs/approval/previews/mp4/anim_0662.mp4","docs/approval/previews/gif/anim_0662.gif","hg-engine-script","662","animations/hg-engine/gen7/662.s","animations/hg-engine/gen7/662.s","provisional direct hg-engine DS reuse assigned","manifests/COMMUNITY_DS_ANIMATION_RESCUE_PASS_12.csv"
"MOVE_GLACIER_CRASH","Glacier Crash","Ice","Physical","anim_0559","docs/approval/previews/mp4/anim_0559.mp4","docs/approval/previews/gif/anim_0559.gif","hg-engine-script","559","animations/hg-engine/gen5/559.s","animations/hg-engine/gen5/559.s","direct hg-engine DS reuse","manifests/ELITE_REDUX_DS_ANIMATION_PASS_01.csv"
"MOVE_GODSPEED","Godspeed","Flying","Physical","anim_0413","docs/approval/previews/mp4/anim_0413.mp4","docs/approval/previews/gif/anim_0413.gif","platinum-base-move","413","MOVE_BRAVE_BIRD","","direct Platinum/base-era DS reuse","manifests/ELITE_REDUX_DS_ANIMATION_PASS_01.csv"
"GOLDENSPLASH","Golden Splash","Water","Special","anim_0521","docs/approval/previews/mp4/anim_0521.mp4","docs/approval/previews/gif/anim_0521.gif","hg-engine-script","521","animations/hg-engine/gen5/521.s","animations/hg-engine/gen5/521.s","provisional direct hg-engine DS reuse assigned","manifests/COMMUNITY_DS_ANIMATION_RESCUE_PASS_12.csv"
"BIFIDOVOLADOR","Golpe Bífido","Flying","Physical","anim_0769","docs/approval/previews/mp4/anim_0769.mp4","docs/approval/previews/gif/anim_0769.gif","hg-engine-script","769","animations/hg-engine/gen8/769.s","animations/hg-engine/gen8/769.s","provisional direct hg-engine DS reuse assigned","manifests/COMMUNITY_DS_ANIMATION_RESCUE_PASS_12.csv"
"GOLPESABANA","Golpe Sabana","Grass","Physical","anim_0776","docs/approval/previews/mp4/anim_0776.mp4","docs/approval/previews/gif/anim_0776.gif","hg-engine-script","776","animations/hg-engine/gen8/776.s","animations/hg-engine/gen8/776.s","provisional direct hg-engine DS reuse assigned","manifests/COMMUNITY_DS_ANIMATION_RESCUE_PASS_12.csv"
"GREATRAGE","Great Rage","Grass","Physical","anim_0672","docs/approval/previews/mp4/anim_0672.mp4","docs/approval/previews/gif/anim_0672.gif","hg-engine-script","672","animations/hg-engine/gen7/672.s","animations/hg-engine/gen7/672.s","provisional direct hg-engine DS reuse assigned","manifests/COMMUNITY_DS_ANIMATION_RESCUE_PASS_12.csv"
"MOVE_UNSCREW","Hacksaw","Steel","Physical","anim_0435","docs/approval/previews/mp4/anim_0435.mp4","docs/approval/previews/gif/anim_0435.gif","platinum-base-move","435","MOVE_DISCHARGE","","direct Platinum/base-era DS reuse","manifests/ELITE_REDUX_DS_ANIMATION_PASS_01.csv"
"HALFLIFE","Half-life","Nuclear","Special","anim_0880","docs/approval/previews/mp4/anim_0880.mp4","docs/approval/previews/gif/anim_0880.gif","hg-engine-script","880","animations/hg-engine/gen9/880.s","animations/hg-engine/gen9/880.s","provisional direct hg-engine DS reuse assigned","manifests/COMMUNITY_DS_ANIMATION_RESCUE_PASS_12.csv"
"HANABIDANCE","Hanabi Dance","Fairy","Physical","anim_0770","docs/approval/previews/mp4/anim_0770.mp4","docs/approval/previews/gif/anim_0770.gif","hg-engine-script","770","animations/hg-engine/gen8/770.s","animations/hg-engine/gen8/770.s","provisional direct hg-engine DS reuse assigned","manifests/COMMUNITY_DS_ANIMATION_RESCUE_PASS_12.csv"
"HARDDRIVECRASH","Hard Drive Crash","Qmarks","Special","anim_0549","docs/approval/previews/mp4/anim_0549.mp4","docs/approval/previews/gif/anim_0549.gif","hg-engine-script","549","animations/hg-engine/gen5/549.s","animations/hg-engine/gen5/549.s","direct hg-engine DS reuse assigned","manifests/COMMUNITY_DS_ANIMATION_PORT_FALLBACK_PASS_13.csv"
"HAUNT","Haunt","Ghost","Physical","anim_0569","docs/approval/previews/mp4/anim_0569.mp4","docs/approval/previews/gif/anim_0569.gif","hg-engine-script","569","animations/hg-engine/gen6/569.s","animations/hg-engine/gen6/569.s","direct hg-engine DS reuse assigned","manifests/COMMUNITY_DS_ANIMATION_PORT_FALLBACK_PASS_13.csv"
"HEARTBEAT","Heart Beat","Sound","Physical","anim_0863","docs/approval/previews/mp4/anim_0863.mp4","docs/approval/previews/gif/anim_0863.gif","hg-engine-script","863","animations/hg-engine/gen9/863.s","animations/hg-engine/gen9/863.s","provisional direct hg-engine DS reuse assigned","manifests/COMMUNITY_DS_ANIMATION_RESCUE_PASS_12.csv"
"HEATEDREVUP","Heated Rev Up","Fire","Status","anim_0911","docs/approval/previews/mp4/anim_0911.mp4","docs/approval/previews/gif/anim_0911.gif","hg-engine-script","911","animations/hg-engine/gen9/911.s","animations/hg-engine/gen9/911.s","provisional direct hg-engine DS reuse assigned","manifests/COMMUNITY_DS_ANIMATION_RESCUE_PASS_12.csv"
"HEAVENLYWING","Heavenly Wing","Flying","Physical","anim_0734","docs/approval/previews/mp4/anim_0734.mp4","docs/approval/previews/gif/anim_0734.gif","hg-engine-script","734","animations/hg-engine/gen7/734.s","animations/hg-engine/gen7/734.s","provisional direct hg-engine DS reuse assigned","manifests/COMMUNITY_DS_ANIMATION_RESCUE_PASS_12.csv"
"MOVE_HEX_TROT","Hex Trot","Ghost","Special","anim_0689","docs/approval/previews/mp4/anim_0689.mp4","docs/approval/previews/gif/anim_0689.gif","hg-engine-script","689","animations/hg-engine/gen7/689.s","animations/hg-engine/gen7/689.s","direct hg-engine DS reuse","manifests/ELITE_REDUX_DS_ANIMATION_PASS_01.csv"
"HEXINGSLASH","Hexing Slash","Ghost","Physical","anim_0702","docs/approval/previews/mp4/anim_0702.mp4","docs/approval/previews/gif/anim_0702.gif","hg-engine-script","702","animations/hg-engine/gen7/702.s","animations/hg-engine/gen7/702.s","provisional direct hg-engine DS reuse assigned","manifests/COMMUNITY_DS_ANIMATION_RESCUE_PASS_12.csv"
"HIEDRAAGIL","Hiedra Ágil","Grass","Physical","anim_0776","docs/approval/previews/mp4/anim_0776.mp4","docs/approval/previews/gif/anim_0776.gif","hg-engine-script","776","animations/hg-engine/gen8/776.s","animations/hg-engine/gen8/776.s","provisional direct hg-engine DS reuse assigned","manifests/COMMUNITY_DS_ANIMATION_RESCUE_PASS_12.csv"
"HOARFROSTMOON","Hoarfrost Moon","Ice","Special","anim_0742","docs/approval/previews/mp4/anim_0742.mp4","docs/approval/previews/gif/anim_0742.gif","hg-engine-script","742","animations/hg-engine/gen7/742.s","animations/hg-engine/gen7/742.s","provisional direct hg-engine DS reuse assigned","manifests/COMMUNITY_DS_ANIMATION_RESCUE_PASS_12.csv"
"HOARFROSTTIDE","Hoarfrost Tide","Water","Special","anim_0889","docs/approval/previews/mp4/anim_0889.mp4","docs/approval/previews/gif/anim_0889.gif","hg-engine-script","889","animations/hg-engine/gen9/889.s","animations/hg-engine/gen9/889.s","provisional direct hg-engine DS reuse assigned","manifests/COMMUNITY_DS_ANIMATION_RESCUE_PASS_12.csv"
"HOLYDUTY","Holy Duty","Fire","Special","anim_0707","docs/approval/previews/mp4/anim_0707.mp4","docs/approval/previews/gif/anim_0707.gif","hg-engine-script","707","animations/hg-engine/gen7/707.s","animations/hg-engine/gen7/707.s","provisional direct hg-engine DS reuse assigned","manifests/COMMUNITY_DS_ANIMATION_RESCUE_PASS_12.csv"
"HOMERUNBAT","Homerun Bat","Normal","Physical","anim_0763","docs/approval/previews/mp4/anim_0763.mp4","docs/approval/previews/gif/anim_0763.gif","hg-engine-script","763","animations/hg-engine/gen8/763.s","animations/hg-engine/gen8/763.s","provisional direct hg-engine DS reuse assigned","manifests/COMMUNITY_DS_ANIMATION_RESCUE_PASS_12.csv"
"MOVE_HOMING_FLETCH","Homing Fletch","Steel","Physical","anim_0617","docs/approval/previews/mp4/anim_0617.mp4","docs/approval/previews/gif/anim_0617.gif","hg-engine-script","617","animations/hg-engine/gen6/617.s","animations/hg-engine/gen6/617.s","direct hg-engine DS reuse","manifests/ELITE_REDUX_DS_ANIMATION_PASS_01.csv"
"HULKUP","Hulk Up","Fighting","Status","anim_0564","docs/approval/previews/mp4/anim_0564.mp4","docs/approval/previews/gif/anim_0564.gif","hg-engine-script","564","animations/hg-engine/gen6/564.s","animations/hg-engine/gen6/564.s","provisional direct hg-engine DS reuse assigned","manifests/COMMUNITY_DS_ANIMATION_RESCUE_PASS_12.csv"
"HUNTERSWILDS","Hunter's Wilds","Grass","Status","anim_0599","docs/approval/previews/mp4/anim_0599.mp4","docs/approval/previews/gif/anim_0599.gif","hg-engine-script","599","animations/hg-engine/gen6/599.s","animations/hg-engine/gen6/599.s","provisional direct hg-engine DS reuse assigned","manifests/COMMUNITY_DS_ANIMATION_RESCUE_PASS_12.csv"
"IADOSGUARD","Iado's Guard","Steel","Status","anim_0591","docs/approval/previews/mp4/anim_0591.mp4","docs/approval/previews/gif/anim_0591.gif","hg-engine-script","591","animations/hg-engine/gen6/591.s","animations/hg-engine/gen6/591.s","provisional direct hg-engine DS reuse assigned","manifests/COMMUNITY_DS_ANIMATION_RESCUE_PASS_12.csv"
"MOVE_ICE_WALL","Ice Wall","Ice","Physical","anim_0112","docs/approval/previews/mp4/anim_0112.mp4","docs/approval/previews/gif/anim_0112.gif","platinum-base-move","112","MOVE_BARRIER","","direct Platinum/base-era DS reuse","manifests/ELITE_REDUX_DS_ANIMATION_PASS_01.csv"
"MOVE_ICICLE_IMPALE","Icicle Impale","Ice","Physical","anim_0224","docs/approval/previews/mp4/anim_0224.mp4","docs/approval/previews/gif/anim_0224.gif","platinum-base-move","224","MOVE_MEGAHORN","","direct Platinum/base-era DS reuse","manifests/ELITE_REDUX_DS_ANIMATION_PASS_01.csv"
"SUPERNOVA","Impact Event","Fire","Physical","anim_0783","docs/approval/previews/mp4/anim_0783.mp4","docs/approval/previews/gif/anim_0783.gif","hg-engine-script","783","animations/hg-engine/gen8/783.s","animations/hg-engine/gen8/783.s","provisional direct hg-engine DS reuse assigned","manifests/COMMUNITY_DS_ANIMATION_RESCUE_PASS_12.csv"
"MOVE_INCITE","Incite","Dark","Status","anim_0578","docs/approval/previews/mp4/anim_0578.mp4","docs/approval/previews/gif/anim_0578.gif","hg-engine-script","578","animations/hg-engine/gen6/578.s","animations/hg-engine/gen6/578.s","direct hg-engine DS reuse assigned","manifests/COMMUNITY_DS_ANIMATION_DIRECT_RESOLUTION_PASS_14.csv"
"INFERNALBLADE","Infernal Blade","Fire","Physical","anim_0738","docs/approval/previews/mp4/anim_0738.mp4","docs/approval/previews/gif/anim_0738.gif","hg-engine-script","738","animations/hg-engine/gen7/738.s","animations/hg-engine/gen7/738.s","provisional direct hg-engine DS reuse assigned","manifests/COMMUNITY_DS_ANIMATION_RESCUE_PASS_12.csv"
"MOVE_INSECT_IMPACT","Insect Impact","Bug","Physical","anim_0038","docs/approval/previews/mp4/anim_0038.mp4","docs/approval/previews/gif/anim_0038.gif","platinum-base-move","38","MOVE_DOUBLE_EDGE","","direct Platinum/base-era DS reuse","manifests/ELITE_REDUX_DS_ANIMATION_PASS_01.csv"
"INSTANTCRUSH","Instant Crush","Psychic","Special","anim_0800","docs/approval/previews/mp4/anim_0800.mp4","docs/approval/previews/gif/anim_0800.gif","hg-engine-script","800","animations/hg-engine/gen8/800.s","animations/hg-engine/gen8/800.s","provisional direct hg-engine DS reuse assigned","manifests/COMMUNITY_DS_ANIMATION_RESCUE_PASS_12.csv"
"INSTANTWHISTLE","Instant Whistle","Sound","Status","anim_0674","docs/approval/previews/mp4/anim_0674.mp4","docs/approval/previews/gif/anim_0674.gif","hg-engine-script","674","animations/hg-engine/gen7/674.s","animations/hg-engine/gen7/674.s","provisional direct hg-engine DS reuse assigned","manifests/COMMUNITY_DS_ANIMATION_RESCUE_PASS_12.csv"
"MOVE_INVERSE_ROOM","Inverse Room","Psychic","Status","anim_0433","docs/approval/previews/mp4/anim_0433.mp4","docs/approval/previews/gif/anim_0433.gif","platinum-base-move","433","MOVE_TRICK_ROOM","","direct Platinum/base-era DS reuse","manifests/ELITE_REDUX_DS_ANIMATION_PASS_01.csv"
"IRALLAMEANTE","Ira Llameante","Fire","Physical","anim_0836","docs/approval/previews/mp4/anim_0836.mp4","docs/approval/previews/gif/anim_0836.gif","hg-engine-script","836","animations/hg-engine/gen8/836.s","animations/hg-engine/gen8/836.s","provisional direct hg-engine DS reuse assigned","manifests/COMMUNITY_DS_ANIMATION_RESCUE_PASS_12.csv"
"IRONBARB","Iron Barb","Steel","Physical","anim_0777","docs/approval/previews/mp4/anim_0777.mp4","docs/approval/previews/gif/anim_0777.gif","hg-engine-script","777","animations/hg-engine/gen8/777.s","animations/hg-engine/gen8/777.s","provisional direct hg-engine DS reuse assigned","manifests/COMMUNITY_DS_ANIMATION_RESCUE_PASS_12.csv"
"MOVE_IRON_FANGS","Iron Fangs","Steel","Physical","anim_0745","docs/approval/previews/mp4/anim_0745.mp4","docs/approval/previews/gif/anim_0745.gif","hg-engine-script","745","animations/hg-engine/gen7/745.s","animations/hg-engine/gen7/745.s","provisional direct hg-engine DS reuse assigned","manifests/COMMUNITY_DS_ANIMATION_RESCUE_PASS_12.csv"
"IRRITATION","Irritation","Bug","Special","anim_0525","docs/approval/previews/mp4/anim_0525.mp4","docs/approval/previews/gif/anim_0525.gif","hg-engine-script","525","animations/hg-engine/gen5/525.s","animations/hg-engine/gen5/525.s","provisional direct hg-engine DS reuse assigned","manifests/COMMUNITY_DS_ANIMATION_RESCUE_PASS_12.csv"
"MOVE_JAGGED_FANGS","Jagged Fangs","Rock","Physical","anim_0833","docs/approval/previews/mp4/anim_0833.mp4","docs/approval/previews/gif/anim_0833.gif","hg-engine-script","833","animations/hg-engine/gen8/833.s","animations/hg-engine/gen8/833.s","provisional direct hg-engine DS reuse assigned","manifests/COMMUNITY_DS_ANIMATION_RESCUE_PASS_12.csv"
"MOVE_JAGGED_HORNS","Jagged Horns","Rock","Physical","anim_0030","docs/approval/previews/mp4/anim_0030.mp4","docs/approval/previews/gif/anim_0030.gif","platinum-base-move","30","MOVE_HORN_ATTACK","","direct Platinum/base-era DS reuse","manifests/ELITE_REDUX_DS_ANIMATION_PASS_01.csv"
"MOVE_JAGGED_PUNCH","Jagged Punch","Rock","Physical","anim_0183","docs/approval/previews/mp4/anim_0183.mp4","docs/approval/previews/gif/anim_0183.gif","platinum-base-move","183","MOVE_MACH_PUNCH","","direct Platinum/base-era DS reuse","manifests/ELITE_REDUX_DS_ANIMATION_PASS_01.csv"
"JETSTREAM","Jet Stream","Dragon","Status","anim_0778","docs/approval/previews/mp4/anim_0778.mp4","docs/approval/previews/gif/anim_0778.gif","hg-engine-script","778","animations/hg-engine/gen8/778.s","animations/hg-engine/gen8/778.s","provisional direct hg-engine DS reuse assigned","manifests/COMMUNITY_DS_ANIMATION_RESCUE_PASS_12.csv"
"MOVE_JETSTREAM_BURST","Jetstream Burst","Flying","Special","anim_0545","docs/approval/previews/mp4/anim_0545.mp4","docs/approval/previews/gif/anim_0545.gif","hg-engine-script","545","animations/hg-engine/gen5/545.s","animations/hg-engine/gen5/545.s","direct hg-engine DS reuse assigned","manifests/COMMUNITY_DS_ANIMATION_DIRECT_RESOLUTION_PASS_14.csv"
"JOLTKICK","Jolt Kick","Electric","Physical","anim_0719","docs/approval/previews/mp4/anim_0719.mp4","docs/approval/previews/gif/anim_0719.gif","hg-engine-script","719","animations/hg-engine/gen7/719.s","animations/hg-engine/gen7/719.s","direct hg-engine DS reuse assigned","manifests/COMMUNITY_DS_ANIMATION_PORT_FALLBACK_PASS_13.csv"
"KAOLINBASH","Kaolin Bash","Ground","Physical","anim_0618","docs/approval/previews/mp4/anim_0618.mp4","docs/approval/previews/gif/anim_0618.gif","hg-engine-script","618","animations/hg-engine/gen6/618.s","animations/hg-engine/gen6/618.s","provisional direct hg-engine DS reuse assigned","manifests/COMMUNITY_DS_ANIMATION_RESCUE_PASS_12.csv"
"MOVE_KARMA","Karma","Poison","Status","anim_0174","docs/approval/previews/mp4/anim_0174.mp4","docs/approval/previews/gif/anim_0174.gif","platinum-base-move","174","MOVE_CURSE","","direct Platinum/base-era DS reuse","manifests/ELITE_REDUX_DS_ANIMATION_PASS_01.csv"
"MOVE_KILOBITE","Kilobite","Steel","Physical","anim_0749","docs/approval/previews/mp4/anim_0749.mp4","docs/approval/previews/gif/anim_0749.gif","hg-engine-script","749","animations/hg-engine/gen8/749.s","animations/hg-engine/gen8/749.s","direct hg-engine DS reuse assigned","manifests/COMMUNITY_DS_ANIMATION_DIRECT_RESOLUTION_PASS_14.csv"
"MOVE_KINETIC_BARRAGE","Kinetic Barrage","Psychic","Physical","anim_0070","docs/approval/previews/mp4/anim_0070.mp4","docs/approval/previews/gif/anim_0070.gif","platinum-base-move","70","MOVE_STRENGTH","","direct Platinum/base-era DS reuse","manifests/ELITE_REDUX_DS_ANIMATION_PASS_01.csv"
"KINETICREND","Kinetic Rend","Psychic","Special","anim_0835","docs/approval/previews/mp4/anim_0835.mp4","docs/approval/previews/gif/anim_0835.gif","hg-engine-script","835","animations/hg-engine/gen8/835.s","animations/hg-engine/gen8/835.s","provisional direct hg-engine DS reuse assigned","manifests/COMMUNITY_DS_ANIMATION_RESCUE_PASS_12.csv"
"LACTOSESHOT","Lactose Shot","Fairy","Special","anim_0708","docs/approval/previews/mp4/anim_0708.mp4","docs/approval/previews/gif/anim_0708.gif","hg-engine-script","708","animations/hg-engine/gen7/708.s","animations/hg-engine/gen7/708.s","provisional direct hg-engine DS reuse assigned","manifests/COMMUNITY_DS_ANIMATION_RESCUE_PASS_12.csv"
"LASERESENCIA","Láser Esencia","Normal","Special","anim_0549","docs/approval/previews/mp4/anim_0549.mp4","docs/approval/previews/gif/anim_0549.gif","hg-engine-script","549","animations/hg-engine/gen5/549.s","animations/hg-engine/gen5/549.s","provisional direct hg-engine DS reuse assigned","manifests/COMMUNITY_DS_ANIMATION_RESCUE_PASS_12.csv"
"LASERPULSE","Laser Pulse","Normal","Special","anim_0549","docs/approval/previews/mp4/anim_0549.mp4","docs/approval/previews/gif/anim_0549.gif","hg-engine-script","549","animations/hg-engine/gen5/549.s","animations/hg-engine/gen5/549.s","provisional direct hg-engine DS reuse assigned","manifests/COMMUNITY_DS_ANIMATION_RESCUE_PASS_12.csv"
"MOVE_LEECH_BLADE","Leech Blade","Grass","Physical","anim_0348","docs/approval/previews/mp4/anim_0348.mp4","docs/approval/previews/gif/anim_0348.gif","platinum-base-move","348","MOVE_LEAF_BLADE","","direct Platinum/base-era DS reuse","manifests/ELITE_REDUX_DS_ANIMATION_PASS_01.csv"
"LICKCLEAN","Lick Clean","Water","Physical","anim_0821","docs/approval/previews/mp4/anim_0821.mp4","docs/approval/previews/gif/anim_0821.gif","hg-engine-script","821","animations/hg-engine/gen8/821.s","animations/hg-engine/gen8/821.s","provisional direct hg-engine DS reuse assigned","manifests/COMMUNITY_DS_ANIMATION_RESCUE_PASS_12.csv"
"MOVE_LIGHTNING_BULLET","Lightning Bullet","Electric","Physical","anim_0192","docs/approval/previews/mp4/anim_0192.mp4","docs/approval/previews/gif/anim_0192.gif","platinum-base-move","192","MOVE_ZAP_CANNON","","direct Platinum/base-era DS reuse","manifests/ELITE_REDUX_DS_ANIMATION_PASS_01.csv"
"MOVE_LIGHTNING_STRIKE","Lightning Strike","Electric","Physical","anim_0732","docs/approval/previews/mp4/anim_0732.mp4","docs/approval/previews/gif/anim_0732.gif","hg-engine-script","732","animations/hg-engine/gen7/732.s","animations/hg-engine/gen7/732.s","provisional direct hg-engine DS reuse assigned","manifests/COMMUNITY_DS_ANIMATION_RESCUE_PASS_12.csv"
"LIMPIASUENOS","Limpia Sueños","Fairy","Special","anim_0580","docs/approval/previews/mp4/anim_0580.mp4","docs/approval/previews/gif/anim_0580.gif","hg-engine-script","580","animations/hg-engine/gen6/580.s","animations/hg-engine/gen6/580.s","provisional direct hg-engine DS reuse assigned","manifests/COMMUNITY_DS_ANIMATION_RESCUE_PASS_12.csv"
"LINGOTAZO","Lingotazo","Rock","Physical","anim_0833","docs/approval/previews/mp4/anim_0833.mp4","docs/approval/previews/gif/anim_0833.gif","hg-engine-script","833","animations/hg-engine/gen8/833.s","animations/hg-engine/gen8/833.s","provisional direct hg-engine DS reuse assigned","manifests/COMMUNITY_DS_ANIMATION_RESCUE_PASS_12.csv"
"LIVEWIRE","Livewire","Electric","Status","anim_0607","docs/approval/previews/mp4/anim_0607.mp4","docs/approval/previews/gif/anim_0607.gif","hg-engine-script","607","animations/hg-engine/gen6/607.s","animations/hg-engine/gen6/607.s","provisional direct hg-engine DS reuse assigned","manifests/COMMUNITY_DS_ANIMATION_RESCUE_PASS_12.csv"
"LLUVIAPUNOS","Lluvia de Puños","Fighting","Physical","anim_0764","docs/approval/previews/mp4/anim_0764.mp4","docs/approval/previews/gif/anim_0764.gif","hg-engine-script","764","animations/hg-engine/gen8/764.s","animations/hg-engine/gen8/764.s","provisional direct hg-engine DS reuse assigned","manifests/COMMUNITY_DS_ANIMATION_RESCUE_PASS_12.csv"
"MOVE_LOTUS_SHOWER","Lotus Shower","Grass","Physical","anim_0575","docs/approval/previews/mp4/anim_0575.mp4","docs/approval/previews/gif/anim_0575.gif","hg-engine-script","575","animations/hg-engine/gen6/575.s","animations/hg-engine/gen6/575.s","provisional direct hg-engine DS reuse assigned","manifests/COMMUNITY_DS_ANIMATION_RESCUE_PASS_12.csv"
"MOVE_LOVELY_BITE","Lovely Bite","Fairy","Physical","anim_0586","docs/approval/previews/mp4/anim_0586.mp4","docs/approval/previews/gif/anim_0586.gif","hg-engine-script","586","animations/hg-engine/gen6/586.s","animations/hg-engine/gen6/586.s","provisional direct hg-engine DS reuse assigned","manifests/COMMUNITY_DS_ANIMATION_RESCUE_PASS_12.csv"
"LUNARCANNON","Lunar Cannon","Dark","Special","anim_0880","docs/approval/previews/mp4/anim_0880.mp4","docs/approval/previews/gif/anim_0880.gif","hg-engine-script","880","animations/hg-engine/gen9/880.s","animations/hg-engine/gen9/880.s","provisional direct hg-engine DS reuse assigned","manifests/COMMUNITY_DS_ANIMATION_RESCUE_PASS_12.csv"
"MAGIKARPSREVENGE","Magikarp's Revenge","Water","Physical","anim_0875","docs/approval/previews/mp4/anim_0875.mp4","docs/approval/previews/gif/anim_0875.gif","hg-engine-script","875","animations/hg-engine/gen9/875.s","animations/hg-engine/gen9/875.s","provisional direct hg-engine DS reuse assigned","manifests/COMMUNITY_DS_ANIMATION_RESCUE_PASS_12.csv"
"MAGMADRIFT","Magma Drift","Fire","Special","anim_0522","docs/approval/previews/mp4/anim_0522.mp4","docs/approval/previews/gif/anim_0522.gif","hg-engine-script","522","animations/hg-engine/gen5/522.s","animations/hg-engine/gen5/522.s","provisional direct hg-engine DS reuse assigned","manifests/COMMUNITY_DS_ANIMATION_RESCUE_PASS_12.csv"
"MALDIGNICION","Maldignición","Ghost","Special","anim_0847","docs/approval/previews/mp4/anim_0847.mp4","docs/approval/previews/gif/anim_0847.gif","hg-engine-script","847","animations/hg-engine/gen8/847.s","animations/hg-engine/gen8/847.s","provisional direct hg-engine DS reuse assigned","manifests/COMMUNITY_DS_ANIMATION_RESCUE_PASS_12.csv"
"MANADRAIN","Mana Drain","Dragon","Special","anim_0823","docs/approval/previews/mp4/anim_0823.mp4","docs/approval/previews/gif/anim_0823.gif","hg-engine-script","823","animations/hg-engine/gen8/823.s","animations/hg-engine/gen8/823.s","provisional direct hg-engine DS reuse assigned","manifests/COMMUNITY_DS_ANIMATION_RESCUE_PASS_12.csv"
"MANAFANGS","Mana Fangs","Dragon","Physical","anim_0802","docs/approval/previews/mp4/anim_0802.mp4","docs/approval/previews/gif/anim_0802.gif","hg-engine-script","802","animations/hg-engine/gen8/802.s","animations/hg-engine/gen8/802.s","provisional direct hg-engine DS reuse assigned","manifests/COMMUNITY_DS_ANIMATION_RESCUE_PASS_12.csv"
"MATRIXSHOT","Matrix Shot","Rock","Physical","anim_0594","docs/approval/previews/mp4/anim_0594.mp4","docs/approval/previews/gif/anim_0594.gif","hg-engine-script","594","animations/hg-engine/gen6/594.s","animations/hg-engine/gen6/594.s","provisional direct hg-engine DS reuse assigned","manifests/COMMUNITY_DS_ANIMATION_RESCUE_PASS_12.csv"
"MEDUSARAY","Medusa Ray","Rock","Status","anim_0752","docs/approval/previews/mp4/anim_0752.mp4","docs/approval/previews/gif/anim_0752.gif","hg-engine-script","752","animations/hg-engine/gen8/752.s","animations/hg-engine/gen8/752.s","provisional direct hg-engine DS reuse assigned","manifests/COMMUNITY_DS_ANIMATION_RESCUE_PASS_12.csv"
"MOVE_MEGATON_HAMMER","Megaton Hammer","Fighting","Physical","anim_0896","docs/approval/previews/mp4/anim_0896.mp4","docs/approval/previews/gif/anim_0896.gif","hg-engine-script","896","animations/hg-engine/gen9/896.s","animations/hg-engine/gen9/896.s","direct hg-engine DS reuse","manifests/ELITE_REDUX_DS_ANIMATION_PASS_01.csv"
"MEME","Meme","???","Special","anim_0854","docs/approval/previews/mp4/anim_0854.mp4","docs/approval/previews/gif/anim_0854.gif","hg-engine-script","854","animations/hg-engine/gen9/854.s","animations/hg-engine/gen9/854.s","provisional direct hg-engine DS reuse assigned","manifests/COMMUNITY_DS_ANIMATION_RESCUE_PASS_12.csv"
"MOVE_MERCULIGHT","Merculight","Electric","Status","anim_0182","docs/approval/previews/mp4/anim_0182.mp4","docs/approval/previews/gif/anim_0182.gif","platinum-base-move","182","MOVE_PROTECT","","direct Platinum/base-era DS reuse","manifests/ELITE_REDUX_DS_ANIMATION_PASS_01.csv"
"MERCURIANTRAP","Mercurian Trap","Steel","Special","anim_0877","docs/approval/previews/mp4/anim_0877.mp4","docs/approval/previews/gif/anim_0877.gif","hg-engine-script","877","animations/hg-engine/gen9/877.s","animations/hg-engine/gen9/877.s","provisional direct hg-engine DS reuse assigned","manifests/COMMUNITY_DS_ANIMATION_RESCUE_PASS_12.csv"
"METALCRUNCHER","Metal Cruncher","Steel","Physical","anim_0777","docs/approval/previews/mp4/anim_0777.mp4","docs/approval/previews/gif/anim_0777.gif","hg-engine-script","777","animations/hg-engine/gen8/777.s","animations/hg-engine/gen8/777.s","provisional direct hg-engine DS reuse assigned","manifests/COMMUNITY_DS_ANIMATION_RESCUE_PASS_12.csv"
"METALWHIP","Metal Whip","Steel","Physical","anim_0777","docs/approval/previews/mp4/anim_0777.mp4","docs/approval/previews/gif/anim_0777.gif","hg-engine-script","777","animations/hg-engine/gen8/777.s","animations/hg-engine/gen8/777.s","provisional direct hg-engine DS reuse assigned","manifests/COMMUNITY_DS_ANIMATION_RESCUE_PASS_12.csv"
"MOVE_METALLIC_MELODY","Metallic Melody","Steel","Special","anim_0589","docs/approval/previews/mp4/anim_0589.mp4","docs/approval/previews/gif/anim_0589.gif","hg-engine-script","589","animations/hg-engine/gen6/589.s","animations/hg-engine/gen6/589.s","direct hg-engine DS reuse","manifests/ELITE_REDUX_DS_ANIMATION_PASS_01.csv"
"MIGRACIÓN","Migración","Flying","Physical","anim_0769","docs/approval/previews/mp4/anim_0769.mp4","docs/approval/previews/gif/anim_0769.gif","hg-engine-script","769","animations/hg-engine/gen8/769.s","animations/hg-engine/gen8/769.s","provisional direct hg-engine DS reuse assigned","manifests/COMMUNITY_DS_ANIMATION_RESCUE_PASS_12.csv"
"MOVE_MIND_BREAK","Mind Break","Psychic","Physical","anim_0476","docs/approval/previews/mp4/anim_0476.mp4","docs/approval/previews/gif/anim_0476.gif","hg-engine-script","476","animations/hg-engine/gen5/476.s","animations/hg-engine/gen5/476.s","direct hg-engine DS reuse","manifests/ELITE_REDUX_DS_ANIMATION_PASS_01.csv"
"MOVE_MIRAGE_SLAM","Mirage Slam","Psychic","Physical","anim_0896","docs/approval/previews/mp4/anim_0896.mp4","docs/approval/previews/gif/anim_0896.gif","hg-engine-script","896","animations/hg-engine/gen9/896.s","animations/hg-engine/gen9/896.s","direct hg-engine DS reuse","manifests/ELITE_REDUX_DS_ANIMATION_PASS_01.csv"
"MIRRORBEAM","Mirror Beam","Steel","Special","anim_0799","docs/approval/previews/mp4/anim_0799.mp4","docs/approval/previews/gif/anim_0799.gif","hg-engine-script","799","animations/hg-engine/gen8/799.s","animations/hg-engine/gen8/799.s","provisional direct hg-engine DS reuse assigned","manifests/COMMUNITY_DS_ANIMATION_RESCUE_PASS_12.csv"
"MOVE_MOLTEN_STRIKE","Molten Strike","Fire","Physical","anim_0896","docs/approval/previews/mp4/anim_0896.mp4","docs/approval/previews/gif/anim_0896.gif","hg-engine-script","896","animations/hg-engine/gen9/896.s","animations/hg-engine/gen9/896.s","direct hg-engine DS reuse","manifests/ELITE_REDUX_DS_ANIMATION_PASS_01.csv"
"MOP","Mop","Fairy","Status","anim_0584","docs/approval/previews/mp4/anim_0584.mp4","docs/approval/previews/gif/anim_0584.gif","hg-engine-script","584","animations/hg-engine/gen6/584.s","animations/hg-engine/gen6/584.s","provisional direct hg-engine DS reuse assigned","manifests/COMMUNITY_DS_ANIMATION_RESCUE_PASS_12.csv"
"MORDISCOCARDUMEN","Mor. Cardúmen","Water","Physical","anim_0868","docs/approval/previews/mp4/anim_0868.mp4","docs/approval/previews/gif/anim_0868.gif","hg-engine-script","868","animations/hg-engine/gen9/868.s","animations/hg-engine/gen9/868.s","provisional direct hg-engine DS reuse assigned","manifests/COMMUNITY_DS_ANIMATION_RESCUE_PASS_12.csv"
"MPREDATORIO","Mordisco Feroz","Grass","Physical","anim_0741","docs/approval/previews/mp4/anim_0741.mp4","docs/approval/previews/gif/anim_0741.gif","hg-engine-script","741","animations/hg-engine/gen7/741.s","animations/hg-engine/gen7/741.s","provisional direct hg-engine DS reuse assigned","manifests/COMMUNITY_DS_ANIMATION_RESCUE_PASS_12.csv"
"MORPH","Morph","Normal","Status","anim_0478","docs/approval/previews/mp4/anim_0478.mp4","docs/approval/previews/gif/anim_0478.gif","hg-engine-script","478","animations/hg-engine/gen5/478.s","animations/hg-engine/gen5/478.s","provisional direct hg-engine DS reuse assigned","manifests/COMMUNITY_DS_ANIMATION_RESCUE_PASS_12.csv"
"MOVE_MOUNTAIN_CHUNK","Mountain Chunk","Ground","Physical","anim_0670","docs/approval/previews/mp4/anim_0670.mp4","docs/approval/previews/gif/anim_0670.gif","hg-engine-script","670","animations/hg-engine/gen7/670.s","animations/hg-engine/gen7/670.s","provisional direct hg-engine DS reuse assigned","manifests/COMMUNITY_DS_ANIMATION_RESCUE_PASS_12.csv"
"MUDBARRAGE","Mud Barrage","Ground","Special","anim_0818","docs/approval/previews/mp4/anim_0818.mp4","docs/approval/previews/gif/anim_0818.gif","hg-engine-script","818","animations/hg-engine/gen8/818.s","animations/hg-engine/gen8/818.s","provisional direct hg-engine DS reuse assigned","manifests/COMMUNITY_DS_ANIMATION_RESCUE_PASS_12.csv"
"MULTIPULSE","Multipulse","Normal","Special","anim_0808","docs/approval/previews/mp4/anim_0808.mp4","docs/approval/previews/gif/anim_0808.gif","hg-engine-script","808","animations/hg-engine/gen8/808.s","animations/hg-engine/gen8/808.s","provisional direct hg-engine DS reuse assigned","manifests/COMMUNITY_DS_ANIMATION_RESCUE_PASS_12.csv"
"MYSTICBLADE","Mystic Blade","Fairy","Physical","anim_0792","docs/approval/previews/mp4/anim_0792.mp4","docs/approval/previews/gif/anim_0792.gif","hg-engine-script","792","animations/hg-engine/gen8/792.s","animations/hg-engine/gen8/792.s","direct hg-engine DS reuse assigned","manifests/COMMUNITY_DS_ANIMATION_PORT_FALLBACK_PASS_13.csv"
"MOVE_MYSTIC_DANCE","Mystic Dance","Dragon","Status","anim_0349","docs/approval/previews/mp4/anim_0349.mp4","docs/approval/previews/gif/anim_0349.gif","platinum-base-move","349","MOVE_DRAGON_DANCE","","direct Platinum/base-era DS reuse","manifests/ELITE_REDUX_DS_ANIMATION_PASS_01.csv"
"NANOREPAIR","Nanorepair","Steel","Status","anim_0845","docs/approval/previews/mp4/anim_0845.mp4","docs/approval/previews/gif/anim_0845.gif","hg-engine-script","845","animations/hg-engine/gen8/845.s","animations/hg-engine/gen8/845.s","provisional direct hg-engine DS reuse assigned","manifests/COMMUNITY_DS_ANIMATION_RESCUE_PASS_12.csv"
"NAZCAPATTERNS","Nazca Patterns","Normal","Special","anim_0854","docs/approval/previews/mp4/anim_0854.mp4","docs/approval/previews/gif/anim_0854.gif","hg-engine-script","854","animations/hg-engine/gen9/854.s","animations/hg-engine/gen9/854.s","provisional direct hg-engine DS reuse assigned","manifests/COMMUNITY_DS_ANIMATION_RESCUE_PASS_12.csv"
"NEWMOON","New Moon","Dark","Status","anim_0579","docs/approval/previews/mp4/anim_0579.mp4","docs/approval/previews/gif/anim_0579.gif","hg-engine-script","579","animations/hg-engine/gen6/579.s","animations/hg-engine/gen6/579.s","provisional direct hg-engine DS reuse assigned","manifests/COMMUNITY_DS_ANIMATION_RESCUE_PASS_12.csv"
"NIGHTBOUQUET","Night Bouquet","Poison","Special","anim_0477","docs/approval/previews/mp4/anim_0477.mp4","docs/approval/previews/gif/anim_0477.gif","hg-engine-script","477","animations/hg-engine/gen5/477.s","animations/hg-engine/gen5/477.s","provisional direct hg-engine DS reuse assigned","manifests/COMMUNITY_DS_ANIMATION_RESCUE_PASS_12.csv"
"NUCLEARSLASH","Nuclear Slash","Nuclear","Physical","anim_0622","docs/approval/previews/mp4/anim_0622.mp4","docs/approval/previews/gif/anim_0622.gif","hg-engine-script","622","animations/hg-engine/gen6/622.s","animations/hg-engine/gen6/622.s","provisional direct hg-engine DS reuse assigned","manifests/COMMUNITY_DS_ANIMATION_RESCUE_PASS_12.csv"
"NUCLEARWASTE","Nuclear Waste","Nuclear","Status","anim_0664","docs/approval/previews/mp4/anim_0664.mp4","docs/approval/previews/gif/anim_0664.gif","hg-engine-script","664","animations/hg-engine/gen7/664.s","animations/hg-engine/gen7/664.s","provisional direct hg-engine DS reuse assigned","manifests/COMMUNITY_DS_ANIMATION_RESCUE_PASS_12.csv"
"NUCLEARWIND","Nuclear Wind","Nuclear","Special","anim_0843","docs/approval/previews/mp4/anim_0843.mp4","docs/approval/previews/gif/anim_0843.gif","hg-engine-script","843","animations/hg-engine/gen8/843.s","animations/hg-engine/gen8/843.s","provisional direct hg-engine DS reuse assigned","manifests/COMMUNITY_DS_ANIMATION_RESCUE_PASS_12.csv"
"MOVE_OBSCURED_SHOT","Obscured Shot","Dark","Special","anim_0542","docs/approval/previews/mp4/anim_0542.mp4","docs/approval/previews/gif/anim_0542.gif","hg-engine-script","542","animations/hg-engine/gen5/542.s","animations/hg-engine/gen5/542.s","provisional direct hg-engine DS reuse assigned","manifests/COMMUNITY_DS_ANIMATION_RESCUE_PASS_12.csv"
"OCEANSWRATH","Ocean's Wrath","Water","Special","anim_0597","docs/approval/previews/mp4/anim_0597.mp4","docs/approval/previews/gif/anim_0597.gif","hg-engine-script","597","animations/hg-engine/gen6/597.s","animations/hg-engine/gen6/597.s","provisional direct hg-engine DS reuse assigned","manifests/COMMUNITY_DS_ANIMATION_RESCUE_PASS_12.csv"
"OJOSTERRIBLES","Ojos Terribles","Ghost","Special","anim_0828","docs/approval/previews/mp4/anim_0828.mp4","docs/approval/previews/gif/anim_0828.gif","hg-engine-script","828","animations/hg-engine/gen8/828.s","animations/hg-engine/gen8/828.s","provisional direct hg-engine DS reuse assigned","manifests/COMMUNITY_DS_ANIMATION_RESCUE_PASS_12.csv"
"MOVE_ONE_INCH_PUNCH","One-Inch Punch","Fighting","Physical","anim_0005","docs/approval/previews/mp4/anim_0005.mp4","docs/approval/previews/gif/anim_0005.gif","platinum-base-move","5","MOVE_MEGA_PUNCH","","direct Platinum/base-era DS reuse","manifests/ELITE_REDUX_DS_ANIMATION_PASS_01.csv"
"MOVE_ONI_FIST","Oni Fist","Dark","Physical","anim_0325","docs/approval/previews/mp4/anim_0325.mp4","docs/approval/previews/gif/anim_0325.gif","platinum-base-move","325","MOVE_SHADOW_PUNCH","","direct Platinum/base-era DS reuse","manifests/ELITE_REDUX_DS_ANIMATION_PASS_01.csv"
"MOVE_OUTBURST","Outburst","Normal","Special","anim_0153","docs/approval/previews/mp4/anim_0153.mp4","docs/approval/previews/gif/anim_0153.gif","platinum-base-move","153","MOVE_EXPLOSION","","direct Platinum/base-era DS reuse","manifests/ELITE_REDUX_DS_ANIMATION_PASS_01.csv"
"OVERBITE","Overbite","Dark","Physical","anim_0749","docs/approval/previews/mp4/anim_0749.mp4","docs/approval/previews/gif/anim_0749.gif","hg-engine-script","749","animations/hg-engine/gen8/749.s","animations/hg-engine/gen8/749.s","provisional direct hg-engine DS reuse assigned","manifests/COMMUNITY_DS_ANIMATION_RESCUE_PASS_12.csv"
"OVERENERGIZE","Overenergize","Electric","Special","anim_0908","docs/approval/previews/mp4/anim_0908.mp4","docs/approval/previews/gif/anim_0908.gif","hg-engine-script","908","animations/hg-engine/gen9/908.s","animations/hg-engine/gen9/908.s","provisional direct hg-engine DS reuse assigned","manifests/COMMUNITY_DS_ANIMATION_RESCUE_PASS_12.csv"
"OWTHEEDGE","Ow The Edge","Dark","Physical","anim_0848","docs/approval/previews/mp4/anim_0848.mp4","docs/approval/previews/gif/anim_0848.gif","hg-engine-script","848","animations/hg-engine/gen8/848.s","animations/hg-engine/gen8/848.s","provisional direct hg-engine DS reuse assigned","manifests/COMMUNITY_DS_ANIMATION_RESCUE_PASS_12.csv"
"PALEOWAVE","Paleo Wave","Rock","Special","anim_0636","docs/approval/previews/mp4/anim_0636.mp4","docs/approval/previews/gif/anim_0636.gif","hg-engine-script","636","animations/hg-engine/gen7/636.s","animations/hg-engine/gen7/636.s","provisional direct hg-engine DS reuse assigned","manifests/COMMUNITY_DS_ANIMATION_RESCUE_PASS_12.csv"
"MOVE_PARTY_FAVORS","Party Favors","Fairy","Physical","anim_0609","docs/approval/previews/mp4/anim_0609.mp4","docs/approval/previews/gif/anim_0609.gif","hg-engine-script","609","animations/hg-engine/gen6/609.s","animations/hg-engine/gen6/609.s","direct hg-engine DS reuse","manifests/ELITE_REDUX_DS_ANIMATION_PASS_01.csv"
"PATADAGELIDA","Patada Gélida","Ice","Physical","anim_0864","docs/approval/previews/mp4/anim_0864.mp4","docs/approval/previews/gif/anim_0864.gif","hg-engine-script","864","animations/hg-engine/gen9/864.s","animations/hg-engine/gen9/864.s","provisional direct hg-engine DS reuse assigned","manifests/COMMUNITY_DS_ANIMATION_RESCUE_PASS_12.csv"
"PATRONAJE","Patronaje","Shadow","Status","anim_0916","docs/approval/previews/mp4/anim_0916.mp4","docs/approval/previews/gif/anim_0916.gif","hg-engine-script","916","animations/hg-engine/gen9/916.s","animations/hg-engine/gen9/916.s","provisional direct hg-engine DS reuse assigned","manifests/COMMUNITY_DS_ANIMATION_RESCUE_PASS_12.csv"
"MOVE_PEBBLE_SHOWER","Pebble Shower","Rock","Special","anim_0157","docs/approval/previews/mp4/anim_0157.mp4","docs/approval/previews/gif/anim_0157.gif","platinum-base-move","157","MOVE_ROCK_SLIDE","","direct Platinum/base-era DS reuse","manifests/ELITE_REDUX_DS_ANIMATION_PASS_01.csv"
"PEPPERSPRAY","Pepper Spray","Grass","Special","anim_0905","docs/approval/previews/mp4/anim_0905.mp4","docs/approval/previews/gif/anim_0905.gif","hg-engine-script","905","animations/hg-engine/gen9/905.s","animations/hg-engine/gen9/905.s","provisional direct hg-engine DS reuse assigned","manifests/COMMUNITY_DS_ANIMATION_RESCUE_PASS_12.csv"
"PERMAFROST","Permafrost","Ice","Status","anim_0697","docs/approval/previews/mp4/anim_0697.mp4","docs/approval/previews/gif/anim_0697.gif","hg-engine-script","697","animations/hg-engine/gen7/697.s","animations/hg-engine/gen7/697.s","provisional direct hg-engine DS reuse assigned","manifests/COMMUNITY_DS_ANIMATION_RESCUE_PASS_12.csv"
"PESTILENCEBURST","Pestilence Burst","Grass","Special","anim_0838","docs/approval/previews/mp4/anim_0838.mp4","docs/approval/previews/gif/anim_0838.gif","hg-engine-script","838","animations/hg-engine/gen8/838.s","animations/hg-engine/gen8/838.s","provisional direct hg-engine DS reuse assigned","manifests/COMMUNITY_DS_ANIMATION_RESCUE_PASS_12.csv"
"MOVE_PHANTOM_GLOVES","Phantom Glove","Ghost","Physical","anim_0421","docs/approval/previews/mp4/anim_0421.mp4","docs/approval/previews/gif/anim_0421.gif","platinum-base-move","421","MOVE_SHADOW_CLAW","","direct Platinum/base-era DS reuse","manifests/ELITE_REDUX_DS_ANIMATION_PASS_01.csv"
"PIPADELAPAZ","Pipa de la Paz","Psychic","Special","anim_0476","docs/approval/previews/mp4/anim_0476.mp4","docs/approval/previews/gif/anim_0476.gif","hg-engine-script","476","animations/hg-engine/gen5/476.s","animations/hg-engine/gen5/476.s","provisional direct hg-engine DS reuse assigned","manifests/COMMUNITY_DS_ANIMATION_RESCUE_PASS_12.csv"
"MOVE_PITFALL","Pitfall","Ground","Physical","anim_0896","docs/approval/previews/mp4/anim_0896.mp4","docs/approval/previews/gif/anim_0896.gif","hg-engine-script","896","animations/hg-engine/gen9/896.s","animations/hg-engine/gen9/896.s","direct hg-engine DS reuse","manifests/ELITE_REDUX_DS_ANIMATION_PASS_01.csv"
"MOVE_PIXIE_BEAM","Pixie Beam","Fairy","Special","anim_0708","docs/approval/previews/mp4/anim_0708.mp4","docs/approval/previews/gif/anim_0708.gif","hg-engine-script","708","animations/hg-engine/gen7/708.s","animations/hg-engine/gen7/708.s","provisional direct hg-engine DS reuse assigned","manifests/COMMUNITY_DS_ANIMATION_RESCUE_PASS_12.csv"
"PIXIEPUMMEL","Pixie Pummel","Fairy","Physical","anim_0903","docs/approval/previews/mp4/anim_0903.mp4","docs/approval/previews/gif/anim_0903.gif","hg-engine-script","903","animations/hg-engine/gen9/903.s","animations/hg-engine/gen9/903.s","provisional direct hg-engine DS reuse assigned","manifests/COMMUNITY_DS_ANIMATION_RESCUE_PASS_12.csv"
"MOVE_PIXIE_SLASH","Pixie Slash","Fairy","Physical","anim_0586","docs/approval/previews/mp4/anim_0586.mp4","docs/approval/previews/gif/anim_0586.gif","hg-engine-script","586","animations/hg-engine/gen6/586.s","animations/hg-engine/gen6/586.s","provisional direct hg-engine DS reuse assigned","manifests/COMMUNITY_DS_ANIMATION_RESCUE_PASS_12.csv"
"MOVE_PLASMA_PULSE","Plasma Pulse","Electric","Special","anim_0850","docs/approval/previews/mp4/anim_0850.mp4","docs/approval/previews/gif/anim_0850.gif","hg-engine-script","850","animations/hg-engine/gen8/850.s","animations/hg-engine/gen8/850.s","provisional direct hg-engine DS reuse assigned","manifests/COMMUNITY_DS_ANIMATION_RESCUE_PASS_12.csv"
"PLEGARIACALAMO","Plegaria Cálamo","Flying","Special","anim_0616","docs/approval/previews/mp4/anim_0616.mp4","docs/approval/previews/gif/anim_0616.gif","hg-engine-script","616","animations/hg-engine/gen6/616.s","animations/hg-engine/gen6/616.s","provisional direct hg-engine DS reuse assigned","manifests/COMMUNITY_DS_ANIMATION_RESCUE_PASS_12.csv"
"PLUNDER","Plunder","Water","Physical","anim_0837","docs/approval/previews/mp4/anim_0837.mp4","docs/approval/previews/gif/anim_0837.gif","hg-engine-script","837","animations/hg-engine/gen8/837.s","animations/hg-engine/gen8/837.s","provisional direct hg-engine DS reuse assigned","manifests/COMMUNITY_DS_ANIMATION_RESCUE_PASS_12.csv"
"MOVE_POCKET_SAND","Pocket Sand","Ground","Physical","anim_0028","docs/approval/previews/mp4/anim_0028.mp4","docs/approval/previews/gif/anim_0028.gif","platinum-base-move","28","MOVE_SAND_ATTACK","","direct Platinum/base-era DS reuse","manifests/ELITE_REDUX_DS_ANIMATION_PASS_01.csv"
"PODERAQUA","Poder Aqua","Water","Special","anim_0879","docs/approval/previews/mp4/anim_0879.mp4","docs/approval/previews/gif/anim_0879.gif","hg-engine-script","879","animations/hg-engine/gen9/879.s","animations/hg-engine/gen9/879.s","provisional direct hg-engine DS reuse assigned","manifests/COMMUNITY_DS_ANIMATION_RESCUE_PASS_12.csv"
"PODERCIMEX","Poder Cimex","Bug","Physical","anim_0761","docs/approval/previews/mp4/anim_0761.mp4","docs/approval/previews/gif/anim_0761.gif","hg-engine-script","761","animations/hg-engine/gen8/761.s","animations/hg-engine/gen8/761.s","provisional direct hg-engine DS reuse assigned","manifests/COMMUNITY_DS_ANIMATION_RESCUE_PASS_12.csv"
"PODEREVOL","Poder Evolutivo","Ground","Physical","anim_0774","docs/approval/previews/mp4/anim_0774.mp4","docs/approval/previews/gif/anim_0774.gif","hg-engine-script","774","animations/hg-engine/gen8/774.s","animations/hg-engine/gen8/774.s","provisional direct hg-engine DS reuse assigned","manifests/COMMUNITY_DS_ANIMATION_RESCUE_PASS_12.csv"
"PODERIGNIS","Poder Ignis","Fire","Special","anim_0810","docs/approval/previews/mp4/anim_0810.mp4","docs/approval/previews/gif/anim_0810.gif","hg-engine-script","810","animations/hg-engine/gen8/810.s","animations/hg-engine/gen8/810.s","provisional direct hg-engine DS reuse assigned","manifests/COMMUNITY_DS_ANIMATION_RESCUE_PASS_12.csv"
"PODERNINFA","Poder Ninfa","Fairy","Physical","anim_0770","docs/approval/previews/mp4/anim_0770.mp4","docs/approval/previews/gif/anim_0770.gif","hg-engine-script","770","animations/hg-engine/gen8/770.s","animations/hg-engine/gen8/770.s","provisional direct hg-engine DS reuse assigned","manifests/COMMUNITY_DS_ANIMATION_RESCUE_PASS_12.csv"
"PODERPRIMATE","Poder Primate","Normal","Status","anim_0507","docs/approval/previews/mp4/anim_0507.mp4","docs/approval/previews/gif/anim_0507.gif","hg-engine-script","507","animations/hg-engine/gen5/507.s","animations/hg-engine/gen5/507.s","provisional direct hg-engine DS reuse assigned","manifests/COMMUNITY_DS_ANIMATION_RESCUE_PASS_12.csv"
"PODERVOLTA","Poder Volta","Electric","Special","anim_0807","docs/approval/previews/mp4/anim_0807.mp4","docs/approval/previews/gif/anim_0807.gif","hg-engine-script","807","animations/hg-engine/gen8/807.s","animations/hg-engine/gen8/807.s","provisional direct hg-engine DS reuse assigned","manifests/COMMUNITY_DS_ANIMATION_RESCUE_PASS_12.csv"
"POISONSWEEP","Poison Sweep","Poison","Physical","anim_0842","docs/approval/previews/mp4/anim_0842.mp4","docs/approval/previews/gif/anim_0842.gif","hg-engine-script","842","animations/hg-engine/gen8/842.s","animations/hg-engine/gen8/842.s","provisional direct hg-engine DS reuse assigned","manifests/COMMUNITY_DS_ANIMATION_RESCUE_PASS_12.csv"
"POLARFLARE","Polar Flare","Fire","Special","anim_0522","docs/approval/previews/mp4/anim_0522.mp4","docs/approval/previews/gif/anim_0522.gif","hg-engine-script","522","animations/hg-engine/gen5/522.s","animations/hg-engine/gen5/522.s","provisional direct hg-engine DS reuse assigned","manifests/COMMUNITY_DS_ANIMATION_RESCUE_PASS_12.csv"
"MOVE_POP_MAYHEM","Popping Mayhem","Fire","Physical","anim_0331","docs/approval/previews/mp4/anim_0331.mp4","docs/approval/previews/gif/anim_0331.gif","platinum-base-move","331","MOVE_BULLET_SEED","","direct Platinum/base-era DS reuse","manifests/ELITE_REDUX_DS_ANIMATION_PASS_01.csv"
"MOVE_PRIMAL_BEAM","Primal Beam","Dragon","Physical","anim_0802","docs/approval/previews/mp4/anim_0802.mp4","docs/approval/previews/gif/anim_0802.gif","hg-engine-script","802","animations/hg-engine/gen8/802.s","animations/hg-engine/gen8/802.s","provisional direct hg-engine DS reuse assigned","manifests/COMMUNITY_DS_ANIMATION_RESCUE_PASS_12.csv"
"PRIMALSUN","Primal Sun","Fire","Status","anim_0911","docs/approval/previews/mp4/anim_0911.mp4","docs/approval/previews/gif/anim_0911.gif","hg-engine-script","911","animations/hg-engine/gen9/911.s","animations/hg-engine/gen9/911.s","provisional direct hg-engine DS reuse assigned","manifests/COMMUNITY_DS_ANIMATION_RESCUE_PASS_12.csv"
"MOVE_PRIMITIVE_STRIKE","Primitive Strike","Ground","Physical","anim_0896","docs/approval/previews/mp4/anim_0896.mp4","docs/approval/previews/gif/anim_0896.gif","hg-engine-script","896","animations/hg-engine/gen9/896.s","animations/hg-engine/gen9/896.s","direct hg-engine DS reuse","manifests/ELITE_REDUX_DS_ANIMATION_PASS_01.csv"
"MOVE_PRISM_BLAST","Prism Blast","Rock","Special","anim_0714","docs/approval/previews/mp4/anim_0714.mp4","docs/approval/previews/gif/anim_0714.gif","hg-engine-script","714","animations/hg-engine/gen7/714.s","animations/hg-engine/gen7/714.s","direct hg-engine DS reuse","manifests/ELITE_REDUX_DS_ANIMATION_PASS_01.csv"
"PROBOPOG","Probopass PogChampion","Normal","Special","anim_0909","docs/approval/previews/mp4/anim_0909.mp4","docs/approval/previews/gif/anim_0909.gif","hg-engine-script","909","animations/hg-engine/gen9/909.s","animations/hg-engine/gen9/909.s","provisional direct hg-engine DS reuse assigned","manifests/COMMUNITY_DS_ANIMATION_RESCUE_PASS_12.csv"
"PROTONBEAM","Proton Beam","Nuclear","Special","anim_0708","docs/approval/previews/mp4/anim_0708.mp4","docs/approval/previews/gif/anim_0708.gif","hg-engine-script","708","animations/hg-engine/gen7/708.s","animations/hg-engine/gen7/708.s","provisional direct hg-engine DS reuse assigned","manifests/COMMUNITY_DS_ANIMATION_RESCUE_PASS_12.csv"
"PROTOPLUMA","Protopluma","Rock","Physical","anim_0833","docs/approval/previews/mp4/anim_0833.mp4","docs/approval/previews/gif/anim_0833.gif","hg-engine-script","833","animations/hg-engine/gen8/833.s","animations/hg-engine/gen8/833.s","provisional direct hg-engine DS reuse assigned","manifests/COMMUNITY_DS_ANIMATION_RESCUE_PASS_12.csv"
"MOVE_PSYCHO_WAVE","Psycho Wave","Psychic","Special","anim_0354","docs/approval/previews/mp4/anim_0354.mp4","docs/approval/previews/gif/anim_0354.gif","platinum-base-move","354","MOVE_PSYCHO_BOOST","","direct Platinum/base-era DS reuse","manifests/ELITE_REDUX_DS_ANIMATION_PASS_01.csv"
"MOVE_PSYCHOKINETIC_SLAM","Psychokinetic Slam","Psychic","Physical","anim_0038","docs/approval/previews/mp4/anim_0038.mp4","docs/approval/previews/gif/anim_0038.gif","platinum-base-move","38","MOVE_DOUBLE_EDGE","","direct Platinum/base-era DS reuse","manifests/ELITE_REDUX_DS_ANIMATION_PASS_01.csv"
"PSYCRUSH","Psycrush","Psychic","Special","anim_0858","docs/approval/previews/mp4/anim_0858.mp4","docs/approval/previews/gif/anim_0858.gif","hg-engine-script","858","animations/hg-engine/gen9/858.s","animations/hg-engine/gen9/858.s","provisional direct hg-engine DS reuse assigned","manifests/COMMUNITY_DS_ANIMATION_RESCUE_PASS_12.csv"
"PSYSONIC","Psysonic","Psychic","Special","anim_0920","docs/approval/previews/mp4/anim_0920.mp4","docs/approval/previews/gif/anim_0920.gif","hg-engine-script","920","animations/hg-engine/gen9/920.s","animations/hg-engine/gen9/920.s","direct hg-engine DS reuse assigned","manifests/COMMUNITY_DS_ANIMATION_PORT_FALLBACK_PASS_13.csv"
"PUNZADABURBUJA","Púa Burbuja","Water","Physical","anim_0713","docs/approval/previews/mp4/anim_0713.mp4","docs/approval/previews/gif/anim_0713.gif","hg-engine-script","713","animations/hg-engine/gen7/713.s","animations/hg-engine/gen7/713.s","provisional direct hg-engine DS reuse assigned","manifests/COMMUNITY_DS_ANIMATION_RESCUE_PASS_12.csv"
"PUKEBLOOD","Puke Blood","Bug","Special","anim_0679","docs/approval/previews/mp4/anim_0679.mp4","docs/approval/previews/gif/anim_0679.gif","hg-engine-script","679","animations/hg-engine/gen7/679.s","animations/hg-engine/gen7/679.s","provisional direct hg-engine DS reuse assigned","manifests/COMMUNITY_DS_ANIMATION_RESCUE_PASS_12.csv"
"PUNCHOUT","Punch Out","Fighting","Physical","anim_0615","docs/approval/previews/mp4/anim_0615.mp4","docs/approval/previews/gif/anim_0615.gif","hg-engine-script","615","animations/hg-engine/gen6/615.s","animations/hg-engine/gen6/615.s","provisional direct hg-engine DS reuse assigned","manifests/COMMUNITY_DS_ANIMATION_RESCUE_PASS_12.csv"
"PYROCLASTICSWEEP","Pyroclastic Sweep","Fire","Physical","anim_0683","docs/approval/previews/mp4/anim_0683.mp4","docs/approval/previews/gif/anim_0683.gif","hg-engine-script","683","animations/hg-engine/gen7/683.s","animations/hg-engine/gen7/683.s","provisional direct hg-engine DS reuse assigned","manifests/COMMUNITY_DS_ANIMATION_RESCUE_PASS_12.csv"
"PYROKINESIS","Pyrokinesis","Psychic","Special","anim_0824","docs/approval/previews/mp4/anim_0824.mp4","docs/approval/previews/gif/anim_0824.gif","hg-engine-script","824","animations/hg-engine/gen8/824.s","animations/hg-engine/gen8/824.s","provisional direct hg-engine DS reuse assigned","manifests/COMMUNITY_DS_ANIMATION_RESCUE_PASS_12.csv"
"QUAKINGSPEAR","Quaking Spear","Ground","Physical","anim_0617","docs/approval/previews/mp4/anim_0617.mp4","docs/approval/previews/gif/anim_0617.gif","hg-engine-script","617","animations/hg-engine/gen6/617.s","animations/hg-engine/gen6/617.s","provisional direct hg-engine DS reuse assigned","manifests/COMMUNITY_DS_ANIMATION_RESCUE_PASS_12.csv"
"QUANTUMLEAP","Quantum Leap","Nuclear","Physical","anim_0672","docs/approval/previews/mp4/anim_0672.mp4","docs/approval/previews/gif/anim_0672.gif","hg-engine-script","672","animations/hg-engine/gen7/672.s","animations/hg-engine/gen7/672.s","provisional direct hg-engine DS reuse assigned","manifests/COMMUNITY_DS_ANIMATION_RESCUE_PASS_12.csv"
"QUESOBLAST","Queso Blast","Qmarks","Physical","anim_0802","docs/approval/previews/mp4/anim_0802.mp4","docs/approval/previews/gif/anim_0802.gif","hg-engine-script","802","animations/hg-engine/gen8/802.s","animations/hg-engine/gen8/802.s","provisional direct hg-engine DS reuse assigned","manifests/COMMUNITY_DS_ANIMATION_RESCUE_PASS_12.csv"
"QUICKSAND","Quick Sand","Ground","Physical","anim_0526","docs/approval/previews/mp4/anim_0526.mp4","docs/approval/previews/gif/anim_0526.gif","hg-engine-script","526","animations/hg-engine/gen5/526.s","animations/hg-engine/gen5/526.s","provisional direct hg-engine DS reuse assigned","manifests/COMMUNITY_DS_ANIMATION_RESCUE_PASS_12.csv"
"QUICKSILVERSPEAR","Quicksilver Spear","Steel","Physical","anim_0862","docs/approval/previews/mp4/anim_0862.mp4","docs/approval/previews/gif/anim_0862.gif","hg-engine-script","862","animations/hg-engine/gen9/862.s","animations/hg-engine/gen9/862.s","provisional direct hg-engine DS reuse assigned","manifests/COMMUNITY_DS_ANIMATION_RESCUE_PASS_12.csv"
"RADIOACID","Radioacid","Nuclear","Special","anim_0506","docs/approval/previews/mp4/anim_0506.mp4","docs/approval/previews/gif/anim_0506.gif","hg-engine-script","506","animations/hg-engine/gen5/506.s","animations/hg-engine/gen5/506.s","provisional direct hg-engine DS reuse assigned","manifests/COMMUNITY_DS_ANIMATION_RESCUE_PASS_12.csv"
"MOVE_RAGING_SOULS","Raging Souls","Ghost","Special","anim_0261","docs/approval/previews/mp4/anim_0261.mp4","docs/approval/previews/gif/anim_0261.gif","platinum-base-move","261","MOVE_WILL_O_WISP","","direct Platinum/base-era DS reuse","manifests/ELITE_REDUX_DS_ANIMATION_PASS_01.csv"
"RAIDERTONITRUS","Raider Tonitrus","Electric","Special","anim_0553","docs/approval/previews/mp4/anim_0553.mp4","docs/approval/previews/gif/anim_0553.gif","hg-engine-script","553","animations/hg-engine/gen5/553.s","animations/hg-engine/gen5/553.s","provisional direct hg-engine DS reuse assigned","manifests/COMMUNITY_DS_ANIMATION_RESCUE_PASS_12.csv"
"MOVE_RAIN_FLUSH","Rain Flush","Water","Special","anim_0240","docs/approval/previews/mp4/anim_0240.mp4","docs/approval/previews/gif/anim_0240.gif","platinum-base-move","240","MOVE_RAIN_DANCE","","direct Platinum/base-era DS reuse","manifests/ELITE_REDUX_DS_ANIMATION_PASS_01.csv"
"MOVE_RAPID_RIVER","Rapid River","Water","Physical","anim_0127","docs/approval/previews/mp4/anim_0127.mp4","docs/approval/previews/gif/anim_0127.gif","platinum-base-move","127","MOVE_WATERFALL","","direct Platinum/base-era DS reuse","manifests/ELITE_REDUX_DS_ANIMATION_PASS_01.csv"
"MOVE_READY_OR_NOT","Ready or Not","Normal","Physical","anim_0310","docs/approval/previews/mp4/anim_0310.mp4","docs/approval/previews/gif/anim_0310.gif","platinum-base-move","310","MOVE_ASTONISH","","direct Platinum/base-era DS reuse","manifests/ELITE_REDUX_DS_ANIMATION_PASS_01.csv"
"REBALANCING","Rebalancing","Fighting","Status","anim_0814","docs/approval/previews/mp4/anim_0814.mp4","docs/approval/previews/gif/anim_0814.gif","hg-engine-script","814","animations/hg-engine/gen8/814.s","animations/hg-engine/gen8/814.s","provisional direct hg-engine DS reuse assigned","manifests/COMMUNITY_DS_ANIMATION_RESCUE_PASS_12.csv"
"REGENERATE","Regenerate","Grass","Status","anim_0819","docs/approval/previews/mp4/anim_0819.mp4","docs/approval/previews/gif/anim_0819.gif","hg-engine-script","819","animations/hg-engine/gen8/819.s","animations/hg-engine/gen8/819.s","provisional direct hg-engine DS reuse assigned","manifests/COMMUNITY_DS_ANIMATION_RESCUE_PASS_12.csv"
"MOVE_RELENTLESS_CLOBBER","Relentless Clobber","Dark","Physical","anim_0251","docs/approval/previews/mp4/anim_0251.mp4","docs/approval/previews/gif/anim_0251.gif","platinum-base-move","251","MOVE_BEAT_UP","","direct Platinum/base-era DS reuse","manifests/ELITE_REDUX_DS_ANIMATION_PASS_01.csv"
"MOVE_REQUIEM","Requiem","Ghost","Special","anim_0047","docs/approval/previews/mp4/anim_0047.mp4","docs/approval/previews/gif/anim_0047.gif","platinum-base-move","47","MOVE_SING","","direct Platinum/base-era DS reuse","manifests/ELITE_REDUX_DS_ANIMATION_PASS_01.csv"
"RETROGRADE","Retrograde","Normal","Status","anim_0705","docs/approval/previews/mp4/anim_0705.mp4","docs/approval/previews/gif/anim_0705.gif","hg-engine-script","705","animations/hg-engine/gen7/705.s","animations/hg-engine/gen7/705.s","provisional direct hg-engine DS reuse assigned","manifests/COMMUNITY_DS_ANIMATION_RESCUE_PASS_12.csv"
"RHYTHMICCOMBO","Rhythmic Combo","Sound","Physical","anim_0816","docs/approval/previews/mp4/anim_0816.mp4","docs/approval/previews/gif/anim_0816.gif","hg-engine-script","816","animations/hg-engine/gen8/816.s","animations/hg-engine/gen8/816.s","provisional direct hg-engine DS reuse assigned","manifests/COMMUNITY_DS_ANIMATION_RESCUE_PASS_12.csv"
"MOVE_RIDER_KICK","Rider Kick","Bug","Physical","anim_0026","docs/approval/previews/mp4/anim_0026.mp4","docs/approval/previews/gif/anim_0026.gif","platinum-base-move","26","MOVE_JUMP_KICK","","direct Platinum/base-era DS reuse","manifests/ELITE_REDUX_DS_ANIMATION_PASS_01.csv"
"RIOTSHIELD","Riot Shield","Fighting","Physical","anim_0779","docs/approval/previews/mp4/anim_0779.mp4","docs/approval/previews/gif/anim_0779.gif","hg-engine-script","779","animations/hg-engine/gen8/779.s","animations/hg-engine/gen8/779.s","provisional direct hg-engine DS reuse assigned","manifests/COMMUNITY_DS_ANIMATION_RESCUE_PASS_12.csv"
"MOVE_RIP_AND_TEAR","Rip and Tear","Dark","Physical","anim_0242","docs/approval/previews/mp4/anim_0242.mp4","docs/approval/previews/gif/anim_0242.gif","platinum-base-move","242","MOVE_CRUNCH","","direct Platinum/base-era DS reuse","manifests/ELITE_REDUX_DS_ANIMATION_PASS_01.csv"
"RITOCHAMANICO","Rito Chamánico","Fire","Status","anim_0911","docs/approval/previews/mp4/anim_0911.mp4","docs/approval/previews/gif/anim_0911.gif","hg-engine-script","911","animations/hg-engine/gen9/911.s","animations/hg-engine/gen9/911.s","provisional direct hg-engine DS reuse assigned","manifests/COMMUNITY_DS_ANIMATION_RESCUE_PASS_12.csv"
"ROCAVOLTAICA","Roca Voltaica","Rock","Special","anim_0636","docs/approval/previews/mp4/anim_0636.mp4","docs/approval/previews/gif/anim_0636.gif","hg-engine-script","636","animations/hg-engine/gen7/636.s","animations/hg-engine/gen7/636.s","provisional direct hg-engine DS reuse assigned","manifests/COMMUNITY_DS_ANIMATION_RESCUE_PASS_12.csv"
"MOVE_ROCKET_PUNCH","Rocket Shot","Steel","Physical","anim_0004","docs/approval/previews/mp4/anim_0004.mp4","docs/approval/previews/gif/anim_0004.gif","platinum-base-move","4","MOVE_COMET_PUNCH","","direct Platinum/base-era DS reuse","manifests/ELITE_REDUX_DS_ANIMATION_PASS_01.csv"
"ROMPEHIELOS","Rompehielos","Ice","Physical","anim_0864","docs/approval/previews/mp4/anim_0864.mp4","docs/approval/previews/gif/anim_0864.gif","hg-engine-script","864","animations/hg-engine/gen9/864.s","animations/hg-engine/gen9/864.s","provisional direct hg-engine DS reuse assigned","manifests/COMMUNITY_DS_ANIMATION_RESCUE_PASS_12.csv"
"ROUNDABOUT","Roundabout","Normal","Physical","anim_0890","docs/approval/previews/mp4/anim_0890.mp4","docs/approval/previews/gif/anim_0890.gif","hg-engine-script","890","animations/hg-engine/gen9/890.s","animations/hg-engine/gen9/890.s","provisional direct hg-engine DS reuse assigned","manifests/COMMUNITY_DS_ANIMATION_RESCUE_PASS_12.csv"
"MOVE_RUMBLE_KICK","Rumble Kick","Rock","Physical","anim_0025","docs/approval/previews/mp4/anim_0025.mp4","docs/approval/previews/gif/anim_0025.gif","platinum-base-move","25","MOVE_MEGA_KICK","","direct Platinum/base-era DS reuse","manifests/ELITE_REDUX_DS_ANIMATION_PASS_01.csv"
"MOVE_SABER_SLASHES","Saber Slashes","Fire","Physical","anim_0683","docs/approval/previews/mp4/anim_0683.mp4","docs/approval/previews/gif/anim_0683.gif","hg-engine-script","683","animations/hg-engine/gen7/683.s","animations/hg-engine/gen7/683.s","direct hg-engine DS reuse","manifests/ELITE_REDUX_DS_ANIMATION_PASS_01.csv"
"MOVE_SAFE_PASSAGE","Safe Passage","Normal","Status","anim_0226","docs/approval/previews/mp4/anim_0226.mp4","docs/approval/previews/gif/anim_0226.gif","platinum-base-move","226","MOVE_BATON_PASS","","direct Platinum/base-era DS reuse","manifests/ELITE_REDUX_DS_ANIMATION_PASS_01.csv"
"MOVE_SCATTER_BLAST","Scatter Blast","Ground","Special","anim_0818","docs/approval/previews/mp4/anim_0818.mp4","docs/approval/previews/gif/anim_0818.gif","hg-engine-script","818","animations/hg-engine/gen8/818.s","animations/hg-engine/gen8/818.s","provisional direct hg-engine DS reuse assigned","manifests/COMMUNITY_DS_ANIMATION_RESCUE_PASS_12.csv"
"SCATTERDUST","Scatterdust","Bug","Special","anim_0525","docs/approval/previews/mp4/anim_0525.mp4","docs/approval/previews/gif/anim_0525.gif","hg-engine-script","525","animations/hg-engine/gen5/525.s","animations/hg-engine/gen5/525.s","provisional direct hg-engine DS reuse assigned","manifests/COMMUNITY_DS_ANIMATION_RESCUE_PASS_12.csv"
"MOVE_SCORCHED_EARTH","Scorched Earth","Fire","Special","anim_0685","docs/approval/previews/mp4/anim_0685.mp4","docs/approval/previews/gif/anim_0685.gif","hg-engine-script","685","animations/hg-engine/gen7/685.s","animations/hg-engine/gen7/685.s","provisional direct hg-engine DS reuse assigned","manifests/COMMUNITY_DS_ANIMATION_RESCUE_PASS_12.csv"
"SCOURINGWINDS","Scouring Winds","Flying","Special","anim_0849","docs/approval/previews/mp4/anim_0849.mp4","docs/approval/previews/gif/anim_0849.gif","hg-engine-script","849","animations/hg-engine/gen8/849.s","animations/hg-engine/gen8/849.s","provisional direct hg-engine DS reuse assigned","manifests/COMMUNITY_DS_ANIMATION_RESCUE_PASS_12.csv"
"MOVE_SEISMIC_BLADE","Seismic Blade","Ground","Physical","anim_0622","docs/approval/previews/mp4/anim_0622.mp4","docs/approval/previews/gif/anim_0622.gif","hg-engine-script","622","animations/hg-engine/gen6/622.s","animations/hg-engine/gen6/622.s","provisional direct hg-engine DS reuse assigned","manifests/COMMUNITY_DS_ANIMATION_RESCUE_PASS_12.csv"
"MOVE_SEISMIC_FIST","Seismic Fist","Ground","Physical","anim_0841","docs/approval/previews/mp4/anim_0841.mp4","docs/approval/previews/gif/anim_0841.gif","hg-engine-script","841","animations/hg-engine/gen8/841.s","animations/hg-engine/gen8/841.s","provisional direct hg-engine DS reuse assigned","manifests/COMMUNITY_DS_ANIMATION_RESCUE_PASS_12.csv"
"MOVE_SEISMIC_SLAM","Seismic Slam","Ground","Physical","anim_0038","docs/approval/previews/mp4/anim_0038.mp4","docs/approval/previews/gif/anim_0038.gif","platinum-base-move","38","MOVE_DOUBLE_EDGE","","direct Platinum/base-era DS reuse","manifests/ELITE_REDUX_DS_ANIMATION_PASS_01.csv"
"MENTEREY","Semblante Real","Psychic","Special","anim_0835","docs/approval/previews/mp4/anim_0835.mp4","docs/approval/previews/gif/anim_0835.gif","hg-engine-script","835","animations/hg-engine/gen8/835.s","animations/hg-engine/gen8/835.s","provisional direct hg-engine DS reuse assigned","manifests/COMMUNITY_DS_ANIMATION_RESCUE_PASS_12.csv"
"MOVE_SEPTIC_SWITCH","Septic Switch","Poison","Status","anim_0492","docs/approval/previews/mp4/anim_0492.mp4","docs/approval/previews/gif/anim_0492.gif","hg-engine-script","492","animations/hg-engine/gen5/492.s","animations/hg-engine/gen5/492.s","provisional direct hg-engine DS reuse assigned","manifests/COMMUNITY_DS_ANIMATION_RESCUE_PASS_12.csv"
"SERENEWAVE","Serene Wave","Normal","Special","anim_0854","docs/approval/previews/mp4/anim_0854.mp4","docs/approval/previews/gif/anim_0854.gif","hg-engine-script","854","animations/hg-engine/gen9/854.s","animations/hg-engine/gen9/854.s","provisional direct hg-engine DS reuse assigned","manifests/COMMUNITY_DS_ANIMATION_RESCUE_PASS_12.csv"
"MOVE_SHADOW_FANGS","Shadow Fangs","Ghost","Physical","anim_0711","docs/approval/previews/mp4/anim_0711.mp4","docs/approval/previews/gif/anim_0711.gif","hg-engine-script","711","animations/hg-engine/gen7/711.s","animations/hg-engine/gen7/711.s","provisional direct hg-engine DS reuse assigned","manifests/COMMUNITY_DS_ANIMATION_RESCUE_PASS_12.csv"
"MOVE_SHADOW_HAMMER","Shadow Hammer","Ghost","Physical","anim_0896","docs/approval/previews/mp4/anim_0896.mp4","docs/approval/previews/gif/anim_0896.gif","hg-engine-script","896","animations/hg-engine/gen9/896.s","animations/hg-engine/gen9/896.s","direct hg-engine DS reuse","manifests/ELITE_REDUX_DS_ANIMATION_PASS_01.csv"
"SHADOWSTEP","Shadow Step","Fighting","Physical","anim_0779","docs/approval/previews/mp4/anim_0779.mp4","docs/approval/previews/gif/anim_0779.gif","hg-engine-script","779","animations/hg-engine/gen8/779.s","animations/hg-engine/gen8/779.s","provisional direct hg-engine DS reuse assigned","manifests/COMMUNITY_DS_ANIMATION_RESCUE_PASS_12.csv"
"SHADOWSTRIKE","Shadow Strike","Ghost","Physical","anim_0711","docs/approval/previews/mp4/anim_0711.mp4","docs/approval/previews/gif/anim_0711.gif","hg-engine-script","711","animations/hg-engine/gen7/711.s","animations/hg-engine/gen7/711.s","provisional direct hg-engine DS reuse assigned","manifests/COMMUNITY_DS_ANIMATION_RESCUE_PASS_12.csv"
"SHATTERBLADE","Shatterblade","Ice","Physical","anim_0816","docs/approval/previews/mp4/anim_0816.mp4","docs/approval/previews/gif/anim_0816.gif","hg-engine-script","816","animations/hg-engine/gen8/816.s","animations/hg-engine/gen8/816.s","provisional direct hg-engine DS reuse assigned","manifests/COMMUNITY_DS_ANIMATION_RESCUE_PASS_12.csv"
"SHITPOST","Shitpost","Ground","Physical","anim_0841","docs/approval/previews/mp4/anim_0841.mp4","docs/approval/previews/gif/anim_0841.gif","hg-engine-script","841","animations/hg-engine/gen8/841.s","animations/hg-engine/gen8/841.s","provisional direct hg-engine DS reuse assigned","manifests/COMMUNITY_DS_ANIMATION_RESCUE_PASS_12.csv"
"MOVE_SHOCKING_EDGE","Shocking Edge","Electric","Physical","anim_0719","docs/approval/previews/mp4/anim_0719.mp4","docs/approval/previews/gif/anim_0719.gif","hg-engine-script","719","animations/hg-engine/gen7/719.s","animations/hg-engine/gen7/719.s","provisional direct hg-engine DS reuse assigned","manifests/COMMUNITY_DS_ANIMATION_RESCUE_PASS_12.csv"
"MOVE_SHOCKING_JAB","Shocking Jab","Electric","Physical","anim_0724","docs/approval/previews/mp4/anim_0724.mp4","docs/approval/previews/gif/anim_0724.gif","hg-engine-script","724","animations/hg-engine/gen7/724.s","animations/hg-engine/gen7/724.s","direct hg-engine DS reuse assigned","manifests/COMMUNITY_DS_ANIMATION_PORT_FALLBACK_PASS_13.csv"
"MOVE_SHOT_PUT","Shot Put","Steel","Physical","anim_0140","docs/approval/previews/mp4/anim_0140.mp4","docs/approval/previews/gif/anim_0140.gif","platinum-base-move","140","MOVE_BARRAGE","","direct Platinum/base-era DS reuse","manifests/ELITE_REDUX_DS_ANIMATION_PASS_01.csv"
"MOVE_SHOWTIME","Showtime","Psychic","Status","anim_0481","docs/approval/previews/mp4/anim_0481.mp4","docs/approval/previews/gif/anim_0481.gif","hg-engine-script","481","animations/hg-engine/gen5/481.s","animations/hg-engine/gen5/481.s","direct hg-engine DS reuse","manifests/ELITE_REDUX_DS_ANIMATION_PASS_01.csv"
"SHUFFLE","Shuffle","Normal","Special","anim_0499","docs/approval/previews/mp4/anim_0499.mp4","docs/approval/previews/gif/anim_0499.gif","hg-engine-script","499","animations/hg-engine/gen5/499.s","animations/hg-engine/gen5/499.s","provisional direct hg-engine DS reuse assigned","manifests/COMMUNITY_DS_ANIMATION_RESCUE_PASS_12.csv"
"SINGESLAYER","Singe Slayer","Fighting","Physical","anim_0846","docs/approval/previews/mp4/anim_0846.mp4","docs/approval/previews/gif/anim_0846.gif","hg-engine-script","846","animations/hg-engine/gen8/846.s","animations/hg-engine/gen8/846.s","provisional direct hg-engine DS reuse assigned","manifests/COMMUNITY_DS_ANIMATION_RESCUE_PASS_12.csv"
"SIRENSONG","Siren Song","Water","Special","anim_0733","docs/approval/previews/mp4/anim_0733.mp4","docs/approval/previews/gif/anim_0733.gif","hg-engine-script","733","animations/hg-engine/gen7/733.s","animations/hg-engine/gen7/733.s","provisional direct hg-engine DS reuse assigned","manifests/COMMUNITY_DS_ANIMATION_RESCUE_PASS_12.csv"
"SKYFALL","Sky Fall","Flying","Special","anim_0849","docs/approval/previews/mp4/anim_0849.mp4","docs/approval/previews/gif/anim_0849.gif","hg-engine-script","849","animations/hg-engine/gen8/849.s","animations/hg-engine/gen8/849.s","provisional direct hg-engine DS reuse assigned","manifests/COMMUNITY_DS_ANIMATION_RESCUE_PASS_12.csv"
"MOVE_SKY_QUAKE","Sky Quake","Flying","Physical","anim_0623","docs/approval/previews/mp4/anim_0623.mp4","docs/approval/previews/gif/anim_0623.gif","hg-engine-script","623","animations/hg-engine/gen6/623.s","animations/hg-engine/gen6/623.s","direct hg-engine DS reuse assigned","manifests/COMMUNITY_DS_ANIMATION_DIRECT_RESOLUTION_PASS_14.csv"
"SLASHANDBURN","Slash and Burn","Grass","Physical","anim_0672","docs/approval/previews/mp4/anim_0672.mp4","docs/approval/previews/gif/anim_0672.gif","hg-engine-script","672","animations/hg-engine/gen7/672.s","animations/hg-engine/gen7/672.s","provisional direct hg-engine DS reuse assigned","manifests/COMMUNITY_DS_ANIMATION_RESCUE_PASS_12.csv"
"SLEAZYSPORES","Sleazy Spores","Grass","Status","anim_0574","docs/approval/previews/mp4/anim_0574.mp4","docs/approval/previews/gif/anim_0574.gif","hg-engine-script","574","animations/hg-engine/gen6/574.s","animations/hg-engine/gen6/574.s","provisional direct hg-engine DS reuse assigned","manifests/COMMUNITY_DS_ANIMATION_RESCUE_PASS_12.csv"
"SLIMEGULP","Slime Gulp","Poison","Physical","anim_0830","docs/approval/previews/mp4/anim_0830.mp4","docs/approval/previews/gif/anim_0830.gif","hg-engine-script","830","animations/hg-engine/gen8/830.s","animations/hg-engine/gen8/830.s","provisional direct hg-engine DS reuse assigned","manifests/COMMUNITY_DS_ANIMATION_RESCUE_PASS_12.csv"
"SLIMESHOT","Slime Shot","Ground","Special","anim_0818","docs/approval/previews/mp4/anim_0818.mp4","docs/approval/previews/gif/anim_0818.gif","hg-engine-script","818","animations/hg-engine/gen8/818.s","animations/hg-engine/gen8/818.s","direct hg-engine DS reuse assigned","manifests/COMMUNITY_DS_ANIMATION_PORT_FALLBACK_PASS_13.csv"
"MOVE_SMASHIN_REALITIES","Smashin\' Realities","Dark","Physical","anim_0359","docs/approval/previews/mp4/anim_0359.mp4","docs/approval/previews/gif/anim_0359.gif","platinum-base-move","359","MOVE_HAMMER_ARM","","direct Platinum/base-era DS reuse","manifests/ELITE_REDUX_DS_ANIMATION_PASS_01.csv"
"MOVE_SMASHING_PUMPKINS","Smashing Pumpkins","Grass","Physical","anim_0896","docs/approval/previews/mp4/anim_0896.mp4","docs/approval/previews/gif/anim_0896.gif","hg-engine-script","896","animations/hg-engine/gen9/896.s","animations/hg-engine/gen9/896.s","direct hg-engine DS reuse","manifests/ELITE_REDUX_DS_ANIMATION_PASS_01.csv"
"MOVE_SMITE","Smite","Electric","Physical","anim_0553","docs/approval/previews/mp4/anim_0553.mp4","docs/approval/previews/gif/anim_0553.gif","hg-engine-script","553","animations/hg-engine/gen5/553.s","animations/hg-engine/gen5/553.s","direct hg-engine DS reuse assigned","manifests/COMMUNITY_DS_ANIMATION_PORT_FALLBACK_PASS_13.csv"
"MOVE_SMOLDER_BASH","Smolder Bash","Fire","Physical","anim_0394","docs/approval/previews/mp4/anim_0394.mp4","docs/approval/previews/gif/anim_0394.gif","platinum-base-move","394","MOVE_FLARE_BLITZ","","direct Platinum/base-era DS reuse","manifests/ELITE_REDUX_DS_ANIMATION_PASS_01.csv"
"MOVE_SOIL_DRAIN","Soil Drain","Ground","Special","anim_0202","docs/approval/previews/mp4/anim_0202.mp4","docs/approval/previews/gif/anim_0202.gif","platinum-base-move","202","MOVE_GIGA_DRAIN","","direct Platinum/base-era DS reuse","manifests/ELITE_REDUX_DS_ANIMATION_PASS_01.csv"
"SOLARFLARE","Solar Flare","Fire","Physical","anim_0783","docs/approval/previews/mp4/anim_0783.mp4","docs/approval/previews/gif/anim_0783.gif","hg-engine-script","783","animations/hg-engine/gen8/783.s","animations/hg-engine/gen8/783.s","provisional direct hg-engine DS reuse assigned","manifests/COMMUNITY_DS_ANIMATION_RESCUE_PASS_12.csv"
"SOMBRATELA","Sombratela","Dark","Physical","anim_0775","docs/approval/previews/mp4/anim_0775.mp4","docs/approval/previews/gif/anim_0775.gif","hg-engine-script","775","animations/hg-engine/gen8/775.s","animations/hg-engine/gen8/775.s","provisional direct hg-engine DS reuse assigned","manifests/COMMUNITY_DS_ANIMATION_RESCUE_PASS_12.csv"
"SOULSUCKER","Soul Sucker","Ghost","Physical","anim_0711","docs/approval/previews/mp4/anim_0711.mp4","docs/approval/previews/gif/anim_0711.gif","hg-engine-script","711","animations/hg-engine/gen7/711.s","animations/hg-engine/gen7/711.s","provisional direct hg-engine DS reuse assigned","manifests/COMMUNITY_DS_ANIMATION_RESCUE_PASS_12.csv"
"SOVEREIGNEDGE","Sovereign Edge","Steel","Physical","anim_0785","docs/approval/previews/mp4/anim_0785.mp4","docs/approval/previews/gif/anim_0785.gif","hg-engine-script","785","animations/hg-engine/gen8/785.s","animations/hg-engine/gen8/785.s","provisional direct hg-engine DS reuse assigned","manifests/COMMUNITY_DS_ANIMATION_RESCUE_PASS_12.csv"
"SPARKLECLUSTER","Sparkle Cluster","Fairy","Physical","anim_0770","docs/approval/previews/mp4/anim_0770.mp4","docs/approval/previews/gif/anim_0770.gif","hg-engine-script","770","animations/hg-engine/gen8/770.s","animations/hg-engine/gen8/770.s","provisional direct hg-engine DS reuse assigned","manifests/COMMUNITY_DS_ANIMATION_RESCUE_PASS_12.csv"
"SPARKLEON","Sparkle On","Fairy","Physical","anim_0903","docs/approval/previews/mp4/anim_0903.mp4","docs/approval/previews/gif/anim_0903.gif","hg-engine-script","903","animations/hg-engine/gen9/903.s","animations/hg-engine/gen9/903.s","provisional direct hg-engine DS reuse assigned","manifests/COMMUNITY_DS_ANIMATION_RESCUE_PASS_12.csv"
"MOVE_SPARKLING_BARRAGE","Sparkling Barrage","Psychic","Physical","anim_0665","docs/approval/previews/mp4/anim_0665.mp4","docs/approval/previews/gif/anim_0665.gif","hg-engine-script","665","animations/hg-engine/gen7/665.s","animations/hg-engine/gen7/665.s","direct hg-engine DS reuse","manifests/ELITE_REDUX_DS_ANIMATION_PASS_01.csv"
"MOVE_SPECTRAL_FLAME","Spectral Flame","Ghost","Status","anim_0261","docs/approval/previews/mp4/anim_0261.mp4","docs/approval/previews/gif/anim_0261.gif","platinum-base-move","261","MOVE_WILL_O_WISP","","direct Platinum/base-era DS reuse","manifests/ELITE_REDUX_DS_ANIMATION_PASS_01.csv"
"SPECTRALHORDE","Spectral Horde","Ghost","Special","anim_0717","docs/approval/previews/mp4/anim_0717.mp4","docs/approval/previews/gif/anim_0717.gif","hg-engine-script","717","animations/hg-engine/gen7/717.s","animations/hg-engine/gen7/717.s","provisional direct hg-engine DS reuse assigned","manifests/COMMUNITY_DS_ANIMATION_RESCUE_PASS_12.csv"
"SPECTRALSCREAM","Spectral Scream","Ghost","Special","anim_0844","docs/approval/previews/mp4/anim_0844.mp4","docs/approval/previews/gif/anim_0844.gif","hg-engine-script","844","animations/hg-engine/gen8/844.s","animations/hg-engine/gen8/844.s","provisional direct hg-engine DS reuse assigned","manifests/COMMUNITY_DS_ANIMATION_RESCUE_PASS_12.csv"
"MOVE_SPECTRAL_SERENADE","Spectral Serenade","Ghost","Special","anim_0261","docs/approval/previews/mp4/anim_0261.mp4","docs/approval/previews/gif/anim_0261.gif","platinum-base-move","261","MOVE_WILL_O_WISP","","direct Platinum/base-era DS reuse","manifests/ELITE_REDUX_DS_ANIMATION_PASS_01.csv"
"SPEEDWEED","Speed Weed","Grass","Physical","anim_0888","docs/approval/previews/mp4/anim_0888.mp4","docs/approval/previews/gif/anim_0888.gif","hg-engine-script","888","animations/hg-engine/gen9/888.s","animations/hg-engine/gen9/888.s","provisional direct hg-engine DS reuse assigned","manifests/COMMUNITY_DS_ANIMATION_RESCUE_PASS_12.csv"
"SPICYMAW","Spicy Maw","Grass","Physical","anim_0791","docs/approval/previews/mp4/anim_0791.mp4","docs/approval/previews/gif/anim_0791.gif","hg-engine-script","791","animations/hg-engine/gen8/791.s","animations/hg-engine/gen8/791.s","provisional direct hg-engine DS reuse assigned","manifests/COMMUNITY_DS_ANIMATION_RESCUE_PASS_12.csv"
"MOVE_SPINE_BREAKER","Spine Breaker","Rock","Physical","anim_0896","docs/approval/previews/mp4/anim_0896.mp4","docs/approval/previews/gif/anim_0896.gif","hg-engine-script","896","animations/hg-engine/gen9/896.s","animations/hg-engine/gen9/896.s","direct hg-engine DS reuse","manifests/ELITE_REDUX_DS_ANIMATION_PASS_01.csv"
"SPIRITAWAY","Spirit Away","Fairy","Physical","anim_0792","docs/approval/previews/mp4/anim_0792.mp4","docs/approval/previews/gif/anim_0792.gif","hg-engine-script","792","animations/hg-engine/gen8/792.s","animations/hg-engine/gen8/792.s","provisional direct hg-engine DS reuse assigned","manifests/COMMUNITY_DS_ANIMATION_RESCUE_PASS_12.csv"
"SPIRITSPEAR","Spirit Spear","Dragon","Physical","anim_0802","docs/approval/previews/mp4/anim_0802.mp4","docs/approval/previews/gif/anim_0802.gif","hg-engine-script","802","animations/hg-engine/gen8/802.s","animations/hg-engine/gen8/802.s","provisional direct hg-engine DS reuse assigned","manifests/COMMUNITY_DS_ANIMATION_RESCUE_PASS_12.csv"
"SPLINTERSHOT","Splinter Shot","Grass","Physical","anim_0673","docs/approval/previews/mp4/anim_0673.mp4","docs/approval/previews/gif/anim_0673.gif","hg-engine-script","673","animations/hg-engine/gen7/673.s","animations/hg-engine/gen7/673.s","provisional direct hg-engine DS reuse assigned","manifests/COMMUNITY_DS_ANIMATION_RESCUE_PASS_12.csv"
"SPLITMASK","Split Mask","Poison","Physical","anim_0869","docs/approval/previews/mp4/anim_0869.mp4","docs/approval/previews/gif/anim_0869.gif","hg-engine-script","869","animations/hg-engine/gen9/869.s","animations/hg-engine/gen9/869.s","provisional direct hg-engine DS reuse assigned","manifests/COMMUNITY_DS_ANIMATION_RESCUE_PASS_12.csv"
"SPOOKOUT","Spook Out","Ghost","Physical","anim_0857","docs/approval/previews/mp4/anim_0857.mp4","docs/approval/previews/gif/anim_0857.gif","hg-engine-script","857","animations/hg-engine/gen9/857.s","animations/hg-engine/gen9/857.s","provisional direct hg-engine DS reuse assigned","manifests/COMMUNITY_DS_ANIMATION_RESCUE_PASS_12.csv"
"SPOOPERPOWER","Spooperpower","Ghost","Special","anim_0717","docs/approval/previews/mp4/anim_0717.mp4","docs/approval/previews/gif/anim_0717.gif","hg-engine-script","717","animations/hg-engine/gen7/717.s","animations/hg-engine/gen7/717.s","provisional direct hg-engine DS reuse assigned","manifests/COMMUNITY_DS_ANIMATION_RESCUE_PASS_12.csv"
"MOVE_SPREAD_BOMB","Spread Bomb","Fire","Physical","anim_0153","docs/approval/previews/mp4/anim_0153.mp4","docs/approval/previews/gif/anim_0153.gif","platinum-base-move","153","MOVE_EXPLOSION","","direct Platinum/base-era DS reuse","manifests/ELITE_REDUX_DS_ANIMATION_PASS_01.csv"
"MOVE_SQUALL_HAMMER","Squall Hammer","Flying","Physical","anim_0896","docs/approval/previews/mp4/anim_0896.mp4","docs/approval/previews/gif/anim_0896.gif","hg-engine-script","896","animations/hg-engine/gen9/896.s","animations/hg-engine/gen9/896.s","direct hg-engine DS reuse","manifests/ELITE_REDUX_DS_ANIMATION_PASS_01.csv"
"MOVE_SQUEAKY_HAMMER","Squeaky Hammer","Fairy","Physical","anim_0896","docs/approval/previews/mp4/anim_0896.mp4","docs/approval/previews/gif/anim_0896.gif","hg-engine-script","896","animations/hg-engine/gen9/896.s","animations/hg-engine/gen9/896.s","direct hg-engine DS reuse","manifests/ELITE_REDUX_DS_ANIMATION_PASS_01.csv"
"STACKINGSHOT","Stacking Shot","Fighting","Physical","anim_0615","docs/approval/previews/mp4/anim_0615.mp4","docs/approval/previews/gif/anim_0615.gif","hg-engine-script","615","animations/hg-engine/gen6/615.s","animations/hg-engine/gen6/615.s","provisional direct hg-engine DS reuse assigned","manifests/COMMUNITY_DS_ANIMATION_RESCUE_PASS_12.csv"
"STALAGBITE","Stalagbite","Rock","Physical","anim_0594","docs/approval/previews/mp4/anim_0594.mp4","docs/approval/previews/gif/anim_0594.gif","hg-engine-script","594","animations/hg-engine/gen6/594.s","animations/hg-engine/gen6/594.s","provisional direct hg-engine DS reuse assigned","manifests/COMMUNITY_DS_ANIMATION_RESCUE_PASS_12.csv"
"MOVE_STAR_CRASH","Star Crash","Fairy","Physical","anim_0309","docs/approval/previews/mp4/anim_0309.mp4","docs/approval/previews/gif/anim_0309.gif","platinum-base-move","309","MOVE_METEOR_MASH","","direct Platinum/base-era DS reuse","manifests/ELITE_REDUX_DS_ANIMATION_PASS_01.csv"
"MOVE_STARBURST","Starburst","Normal","Physical","anim_0501","docs/approval/previews/mp4/anim_0501.mp4","docs/approval/previews/gif/anim_0501.gif","hg-engine-script","501","animations/hg-engine/gen5/501.s","animations/hg-engine/gen5/501.s","provisional direct hg-engine DS reuse assigned","manifests/COMMUNITY_DS_ANIMATION_RESCUE_PASS_12.csv"
"STEALTHCOAL","Stealth Coal","Fire","Status","anim_0911","docs/approval/previews/mp4/anim_0911.mp4","docs/approval/previews/gif/anim_0911.gif","hg-engine-script","911","animations/hg-engine/gen9/911.s","animations/hg-engine/gen9/911.s","provisional direct hg-engine DS reuse assigned","manifests/COMMUNITY_DS_ANIMATION_RESCUE_PASS_12.csv"
"STEAMBURST","Steam Burst","Fire","Special","anim_0548","docs/approval/previews/mp4/anim_0548.mp4","docs/approval/previews/gif/anim_0548.gif","hg-engine-script","548","animations/hg-engine/gen5/548.s","animations/hg-engine/gen5/548.s","provisional direct hg-engine DS reuse assigned","manifests/COMMUNITY_DS_ANIMATION_RESCUE_PASS_12.csv"
"STICKYTERRAIN","Sticky Terrain","Poison","Status","anim_0664","docs/approval/previews/mp4/anim_0664.mp4","docs/approval/previews/gif/anim_0664.gif","hg-engine-script","664","animations/hg-engine/gen7/664.s","animations/hg-engine/gen7/664.s","provisional direct hg-engine DS reuse assigned","manifests/COMMUNITY_DS_ANIMATION_RESCUE_PASS_12.csv"
"STRATOBLADE","Strato Blade","Flying","Physical","anim_0734","docs/approval/previews/mp4/anim_0734.mp4","docs/approval/previews/gif/anim_0734.gif","hg-engine-script","734","animations/hg-engine/gen7/734.s","animations/hg-engine/gen7/734.s","provisional direct hg-engine DS reuse assigned","manifests/COMMUNITY_DS_ANIMATION_RESCUE_PASS_12.csv"
"STRIDENTSPARK","Strident Spark","Sound","Physical","anim_0724","docs/approval/previews/mp4/anim_0724.mp4","docs/approval/previews/gif/anim_0724.gif","hg-engine-script","724","animations/hg-engine/gen7/724.s","animations/hg-engine/gen7/724.s","provisional direct hg-engine DS reuse assigned","manifests/COMMUNITY_DS_ANIMATION_RESCUE_PASS_12.csv"
"SUBDUCTION","Subduction","Ground","Physical","anim_0617","docs/approval/previews/mp4/anim_0617.mp4","docs/approval/previews/gif/anim_0617.gif","hg-engine-script","617","animations/hg-engine/gen6/617.s","animations/hg-engine/gen6/617.s","provisional direct hg-engine DS reuse assigned","manifests/COMMUNITY_DS_ANIMATION_RESCUE_PASS_12.csv"
"SUDDENSTRIKE","Sudden Strike","Dark","Physical","anim_0820","docs/approval/previews/mp4/anim_0820.mp4","docs/approval/previews/gif/anim_0820.gif","hg-engine-script","820","animations/hg-engine/gen8/820.s","animations/hg-engine/gen8/820.s","provisional direct hg-engine DS reuse assigned","manifests/COMMUNITY_DS_ANIMATION_RESCUE_PASS_12.csv"
"SUDOKU","Sudoku","Normal","Status","anim_0496","docs/approval/previews/mp4/anim_0496.mp4","docs/approval/previews/gif/anim_0496.gif","hg-engine-script","496","animations/hg-engine/gen5/496.s","animations/hg-engine/gen5/496.s","provisional direct hg-engine DS reuse assigned","manifests/COMMUNITY_DS_ANIMATION_RESCUE_PASS_12.csv"
"MOVE_SUNSTRIKE","Sunstrike (N)","Fire","Special","anim_0716","docs/approval/previews/mp4/anim_0716.mp4","docs/approval/previews/gif/anim_0716.gif","hg-engine-script","716","animations/hg-engine/gen7/716.s","animations/hg-engine/gen7/716.s","direct hg-engine DS reuse","manifests/ELITE_REDUX_DS_ANIMATION_PASS_01.csv"
"SUPERSNORE","Super Snore","Ice","Physical","anim_0559","docs/approval/previews/mp4/anim_0559.mp4","docs/approval/previews/gif/anim_0559.gif","hg-engine-script","559","animations/hg-engine/gen5/559.s","animations/hg-engine/gen5/559.s","provisional direct hg-engine DS reuse assigned","manifests/COMMUNITY_DS_ANIMATION_RESCUE_PASS_12.csv"
"ULTRAMEGADEATH","Super Ultra Mega Death Move","Steel","Physical","anim_0641","docs/approval/previews/mp4/anim_0641.mp4","docs/approval/previews/gif/anim_0641.gif","hg-engine-script","641","animations/hg-engine/gen7/641.s","animations/hg-engine/gen7/641.s","provisional direct hg-engine DS reuse assigned","manifests/COMMUNITY_DS_ANIMATION_RESCUE_PASS_12.csv"
"MOVE_SUPERSONIC_SHOT","Supersonic Shot","Flying","Physical","anim_0048","docs/approval/previews/mp4/anim_0048.mp4","docs/approval/previews/gif/anim_0048.gif","platinum-base-move","48","MOVE_SUPERSONIC","","direct Platinum/base-era DS reuse","manifests/ELITE_REDUX_DS_ANIMATION_PASS_01.csv"
"SURGINGBULL","Surging Bull","Water","Physical","anim_0713","docs/approval/previews/mp4/anim_0713.mp4","docs/approval/previews/gif/anim_0713.gif","hg-engine-script","713","animations/hg-engine/gen7/713.s","animations/hg-engine/gen7/713.s","provisional direct hg-engine DS reuse assigned","manifests/COMMUNITY_DS_ANIMATION_RESCUE_PASS_12.csv"
"SWEETTOOTH","Sweet Tooth","Fairy","Physical","anim_0749","docs/approval/previews/mp4/anim_0749.mp4","docs/approval/previews/gif/anim_0749.gif","hg-engine-script","749","animations/hg-engine/gen8/749.s","animations/hg-engine/gen8/749.s","direct hg-engine DS reuse assigned","manifests/COMMUNITY_DS_ANIMATION_PORT_FALLBACK_PASS_13.csv"
"SWIFTSTRIKE","Swift Strike","Fighting","Physical","anim_0493","docs/approval/previews/mp4/anim_0493.mp4","docs/approval/previews/gif/anim_0493.gif","hg-engine-script","493","animations/hg-engine/gen5/493.s","animations/hg-engine/gen5/493.s","provisional direct hg-engine DS reuse assigned","manifests/COMMUNITY_DS_ANIMATION_RESCUE_PASS_12.csv"
"SWINDLE","Swindle","Dark","Special","anim_0825","docs/approval/previews/mp4/anim_0825.mp4","docs/approval/previews/gif/anim_0825.gif","hg-engine-script","825","animations/hg-engine/gen8/825.s","animations/hg-engine/gen8/825.s","provisional direct hg-engine DS reuse assigned","manifests/COMMUNITY_DS_ANIMATION_RESCUE_PASS_12.csv"
"MOVE_TAKE_FLIGHT","Take Flight","Flying","Special","anim_0369","docs/approval/previews/mp4/anim_0369.mp4","docs/approval/previews/gif/anim_0369.gif","platinum-base-move","369","MOVE_U_TURN","","direct Platinum/base-era DS reuse","manifests/ELITE_REDUX_DS_ANIMATION_PASS_01.csv"
"MOVE_TANGLING_HUSK","Tangling Husk","Grass","Status","anim_0855","docs/approval/previews/mp4/anim_0855.mp4","docs/approval/previews/gif/anim_0855.gif","hg-engine-script","855","animations/hg-engine/gen9/855.s","animations/hg-engine/gen9/855.s","direct hg-engine DS reuse","manifests/ELITE_REDUX_DS_ANIMATION_PASS_01.csv"
"TASER","Táser","Electric","Physical","anim_0649","docs/approval/previews/mp4/anim_0649.mp4","docs/approval/previews/gif/anim_0649.gif","hg-engine-script","649","animations/hg-engine/gen7/649.s","animations/hg-engine/gen7/649.s","provisional direct hg-engine DS reuse assigned","manifests/COMMUNITY_DS_ANIMATION_RESCUE_PASS_12.csv"
"MOVE_TECTONIC_FANGS","Tectonic Fangs","Ground","Physical","anim_0532","docs/approval/previews/mp4/anim_0532.mp4","docs/approval/previews/gif/anim_0532.gif","hg-engine-script","532","animations/hg-engine/gen5/532.s","animations/hg-engine/gen5/532.s","provisional direct hg-engine DS reuse assigned","manifests/COMMUNITY_DS_ANIMATION_RESCUE_PASS_12.csv"
"MOVE_TEMPEST_STORM","Tempest Storm (N)","Electric","Status","anim_0087","docs/approval/previews/mp4/anim_0087.mp4","docs/approval/previews/gif/anim_0087.gif","platinum-base-move","87","MOVE_THUNDER","","direct Platinum/base-era DS reuse","manifests/ELITE_REDUX_DS_ANIMATION_PASS_01.csv"
"TERIUMPALM","Terium Palm","Psychic","Status","anim_0473","docs/approval/previews/mp4/anim_0473.mp4","docs/approval/previews/gif/anim_0473.gif","hg-engine-script","473","animations/hg-engine/gen5/473.s","animations/hg-engine/gen5/473.s","provisional direct hg-engine DS reuse assigned","manifests/COMMUNITY_DS_ANIMATION_RESCUE_PASS_12.csv"
"TERRESTRIALCLAW","Terrestrial Claw","Dragon","Physical","anim_0802","docs/approval/previews/mp4/anim_0802.mp4","docs/approval/previews/gif/anim_0802.gif","hg-engine-script","802","animations/hg-engine/gen8/802.s","animations/hg-engine/gen8/802.s","provisional direct hg-engine DS reuse assigned","manifests/COMMUNITY_DS_ANIMATION_RESCUE_PASS_12.csv"
"MOVE_TERROR_CHARGE","Terror Charge","Dark","Physical","anim_0038","docs/approval/previews/mp4/anim_0038.mp4","docs/approval/previews/gif/anim_0038.gif","platinum-base-move","38","MOVE_DOUBLE_EDGE","","direct Platinum/base-era DS reuse","manifests/ELITE_REDUX_DS_ANIMATION_PASS_01.csv"
"MOVE_TERROR_LOCKS","Terror Locks","Ghost","Physical","anim_0400","docs/approval/previews/mp4/anim_0400.mp4","docs/approval/previews/gif/anim_0400.gif","platinum-base-move","400","MOVE_NIGHT_SLASH","","direct Platinum/base-era DS reuse","manifests/ELITE_REDUX_DS_ANIMATION_PASS_01.csv"
"TETRAJECTILE","Tetrajectile","Fire","Special","anim_0893","docs/approval/previews/mp4/anim_0893.mp4","docs/approval/previews/gif/anim_0893.gif","hg-engine-script","893","animations/hg-engine/gen9/893.s","animations/hg-engine/gen9/893.s","provisional direct hg-engine DS reuse assigned","manifests/COMMUNITY_DS_ANIMATION_RESCUE_PASS_12.csv"
"THINKFAST","Think Fast","Psychic","Special","anim_0891","docs/approval/previews/mp4/anim_0891.mp4","docs/approval/previews/gif/anim_0891.gif","hg-engine-script","891","animations/hg-engine/gen9/891.s","animations/hg-engine/gen9/891.s","provisional direct hg-engine DS reuse assigned","manifests/COMMUNITY_DS_ANIMATION_RESCUE_PASS_12.csv"
"THOUSANDFOLDS","Thousand Folds","Steel","Physical","anim_0784","docs/approval/previews/mp4/anim_0784.mp4","docs/approval/previews/gif/anim_0784.gif","hg-engine-script","784","animations/hg-engine/gen8/784.s","animations/hg-engine/gen8/784.s","provisional direct hg-engine DS reuse assigned","manifests/COMMUNITY_DS_ANIMATION_RESCUE_PASS_12.csv"
"THUNDERRAID","Thunder Raid","Electric","Physical","anim_0732","docs/approval/previews/mp4/anim_0732.mp4","docs/approval/previews/gif/anim_0732.gif","hg-engine-script","732","animations/hg-engine/gen7/732.s","animations/hg-engine/gen7/732.s","provisional direct hg-engine DS reuse assigned","manifests/COMMUNITY_DS_ANIMATION_RESCUE_PASS_12.csv"
"THUNDERSTORM","Thunderstorm","Electric","Status","anim_0607","docs/approval/previews/mp4/anim_0607.mp4","docs/approval/previews/gif/anim_0607.gif","hg-engine-script","607","animations/hg-engine/gen6/607.s","animations/hg-engine/gen6/607.s","provisional direct hg-engine DS reuse assigned","manifests/COMMUNITY_DS_ANIMATION_RESCUE_PASS_12.csv"
"TIROTEO","Tiroteo","Dark","Physical","anim_0775","docs/approval/previews/mp4/anim_0775.mp4","docs/approval/previews/gif/anim_0775.gif","hg-engine-script","775","animations/hg-engine/gen8/775.s","animations/hg-engine/gen8/775.s","provisional direct hg-engine DS reuse assigned","manifests/COMMUNITY_DS_ANIMATION_RESCUE_PASS_12.csv"
"TITANSWRATH","Titan's Wrath","Qmarks","Special","anim_0854","docs/approval/previews/mp4/anim_0854.mp4","docs/approval/previews/gif/anim_0854.gif","hg-engine-script","854","animations/hg-engine/gen9/854.s","animations/hg-engine/gen9/854.s","provisional direct hg-engine DS reuse assigned","manifests/COMMUNITY_DS_ANIMATION_RESCUE_PASS_12.csv"
"TOKE","Toke","Fire","Status","anim_0911","docs/approval/previews/mp4/anim_0911.mp4","docs/approval/previews/gif/anim_0911.gif","hg-engine-script","911","animations/hg-engine/gen9/911.s","animations/hg-engine/gen9/911.s","provisional direct hg-engine DS reuse assigned","manifests/COMMUNITY_DS_ANIMATION_RESCUE_PASS_12.csv"
"TORBIDVINESTORM","Torbid Vinestorm","Grass","Special","anim_0523","docs/approval/previews/mp4/anim_0523.mp4","docs/approval/previews/gif/anim_0523.gif","hg-engine-script","523","animations/hg-engine/gen5/523.s","animations/hg-engine/gen5/523.s","provisional direct hg-engine DS reuse assigned","manifests/COMMUNITY_DS_ANIMATION_RESCUE_PASS_12.csv"
"MOVE_TORRENT_FIST","Torrent Fist","Water","Physical","anim_0821","docs/approval/previews/mp4/anim_0821.mp4","docs/approval/previews/gif/anim_0821.gif","hg-engine-script","821","animations/hg-engine/gen8/821.s","animations/hg-engine/gen8/821.s","direct hg-engine DS reuse","manifests/ELITE_REDUX_DS_ANIMATION_PASS_01.csv"
"MOVE_TOXIC_NEEDLES","Toxic Needles","Poison","Physical","anim_0842","docs/approval/previews/mp4/anim_0842.mp4","docs/approval/previews/gif/anim_0842.gif","hg-engine-script","842","animations/hg-engine/gen8/842.s","animations/hg-engine/gen8/842.s","direct hg-engine DS reuse","manifests/ELITE_REDUX_DS_ANIMATION_PASS_01.csv"
"MOVE_TOXIC_PLUNGE","Toxic Plunge","Poison","Physical","anim_0485","docs/approval/previews/mp4/anim_0485.mp4","docs/approval/previews/gif/anim_0485.gif","hg-engine-script","485","animations/hg-engine/gen5/485.s","animations/hg-engine/gen5/485.s","direct hg-engine DS reuse","manifests/ELITE_REDUX_DS_ANIMATION_PASS_01.csv"
"MOVE_TOXIC_TERRAIN","Toxic Terrain","Poison","Status","anim_0584","docs/approval/previews/mp4/anim_0584.mp4","docs/approval/previews/gif/anim_0584.gif","hg-engine-script","584","animations/hg-engine/gen6/584.s","animations/hg-engine/gen6/584.s","direct hg-engine DS reuse assigned","manifests/COMMUNITY_DS_ANIMATION_DIRECT_RESOLUTION_PASS_14.csv"
"TOXIRAVAGE","Toxiravage","Poison","Physical","anim_0830","docs/approval/previews/mp4/anim_0830.mp4","docs/approval/previews/gif/anim_0830.gif","hg-engine-script","830","animations/hg-engine/gen8/830.s","animations/hg-engine/gen8/830.s","provisional direct hg-engine DS reuse assigned","manifests/COMMUNITY_DS_ANIMATION_RESCUE_PASS_12.csv"
"MOVE_TRANSMUTE","Transmute","Psychic","Special","anim_0094","docs/approval/previews/mp4/anim_0094.mp4","docs/approval/previews/gif/anim_0094.gif","platinum-base-move","94","MOVE_PSYCHIC","","direct Platinum/base-era DS reuse","manifests/ELITE_REDUX_DS_ANIMATION_PASS_01.csv"
"MOVE_TREPIDATION","Trepidation","Poison","Special","anim_0212","docs/approval/previews/mp4/anim_0212.mp4","docs/approval/previews/gif/anim_0212.gif","platinum-base-move","212","MOVE_MEAN_LOOK","","direct Platinum/base-era DS reuse","manifests/ELITE_REDUX_DS_ANIMATION_PASS_01.csv"
"TRESDESEOS","Tres Deseos","Fairy","Special","anim_0587","docs/approval/previews/mp4/anim_0587.mp4","docs/approval/previews/gif/anim_0587.gif","hg-engine-script","587","animations/hg-engine/gen6/587.s","animations/hg-engine/gen6/587.s","provisional direct hg-engine DS reuse assigned","manifests/COMMUNITY_DS_ANIMATION_RESCUE_PASS_12.csv"
"TRIGGER","Trigger","Psychic","Physical","anim_0772","docs/approval/previews/mp4/anim_0772.mp4","docs/approval/previews/gif/anim_0772.gif","hg-engine-script","772","animations/hg-engine/gen8/772.s","animations/hg-engine/gen8/772.s","provisional direct hg-engine DS reuse assigned","manifests/COMMUNITY_DS_ANIMATION_RESCUE_PASS_12.csv"
"TRIMTACKLE","Trim Tackle","Normal","Physical","anim_0546","docs/approval/previews/mp4/anim_0546.mp4","docs/approval/previews/gif/anim_0546.gif","hg-engine-script","546","animations/hg-engine/gen5/546.s","animations/hg-engine/gen5/546.s","provisional direct hg-engine DS reuse assigned","manifests/COMMUNITY_DS_ANIMATION_RESCUE_PASS_12.csv"
"TRINCHAR","Trinchar","Steel","Physical","anim_0547","docs/approval/previews/mp4/anim_0547.mp4","docs/approval/previews/gif/anim_0547.gif","hg-engine-script","547","animations/hg-engine/gen5/547.s","animations/hg-engine/gen5/547.s","provisional direct hg-engine DS reuse assigned","manifests/COMMUNITY_DS_ANIMATION_RESCUE_PASS_12.csv"
"MOVE_TRIPLE_TREMOR","Triple Tremor","Ground","Physical","anim_0167","docs/approval/previews/mp4/anim_0167.mp4","docs/approval/previews/gif/anim_0167.gif","platinum-base-move","167","MOVE_TRIPLE_KICK","","direct Platinum/base-era DS reuse","manifests/ELITE_REDUX_DS_ANIMATION_PASS_01.csv"
"TRIPLEWHIRLING","Triple Whirling","Psychic","Physical","anim_0709","docs/approval/previews/mp4/anim_0709.mp4","docs/approval/previews/gif/anim_0709.gif","hg-engine-script","709","animations/hg-engine/gen7/709.s","animations/hg-engine/gen7/709.s","provisional direct hg-engine DS reuse assigned","manifests/COMMUNITY_DS_ANIMATION_RESCUE_PASS_12.csv"
"TRITIUMCANNON","Tritium Cannon","Fire","Special","anim_0893","docs/approval/previews/mp4/anim_0893.mp4","docs/approval/previews/gif/anim_0893.gif","hg-engine-script","893","animations/hg-engine/gen9/893.s","animations/hg-engine/gen9/893.s","provisional direct hg-engine DS reuse assigned","manifests/COMMUNITY_DS_ANIMATION_RESCUE_PASS_12.csv"
"MOVE_TSUNAMI_HAMMER","Tsunami Hammer","Water","Physical","anim_0837","docs/approval/previews/mp4/anim_0837.mp4","docs/approval/previews/gif/anim_0837.gif","hg-engine-script","837","animations/hg-engine/gen8/837.s","animations/hg-engine/gen8/837.s","direct hg-engine DS reuse assigned","manifests/COMMUNITY_DS_ANIMATION_DIRECT_RESOLUTION_PASS_14.csv"
"UNLEASHEDPOWER","Unleashed Power","Qmarks","Special","anim_0798","docs/approval/previews/mp4/anim_0798.mp4","docs/approval/previews/gif/anim_0798.gif","hg-engine-script","798","animations/hg-engine/gen8/798.s","animations/hg-engine/gen8/798.s","provisional direct hg-engine DS reuse assigned","manifests/COMMUNITY_DS_ANIMATION_RESCUE_PASS_12.csv"
"UPROOT","Uproot","Grass","Special","anim_0905","docs/approval/previews/mp4/anim_0905.mp4","docs/approval/previews/gif/anim_0905.gif","hg-engine-script","905","animations/hg-engine/gen9/905.s","animations/hg-engine/gen9/905.s","provisional direct hg-engine DS reuse assigned","manifests/COMMUNITY_DS_ANIMATION_RESCUE_PASS_12.csv"
"VENAMSKISS","Venam's Kiss","Poison","Physical","anim_0842","docs/approval/previews/mp4/anim_0842.mp4","docs/approval/previews/gif/anim_0842.gif","hg-engine-script","842","animations/hg-engine/gen8/842.s","animations/hg-engine/gen8/842.s","provisional direct hg-engine DS reuse assigned","manifests/COMMUNITY_DS_ANIMATION_RESCUE_PASS_12.csv"
"MOVE_VENOM_BOLT","Venom Bolt","Poison","Physical","anim_0040","docs/approval/previews/mp4/anim_0040.mp4","docs/approval/previews/gif/anim_0040.gif","platinum-base-move","40","MOVE_POISON_STING","","direct Platinum/base-era DS reuse","manifests/ELITE_REDUX_DS_ANIMATION_PASS_01.csv"
"MOVE_VEXING_VOID","Vexing Void","Dark","Special","anim_0464","docs/approval/previews/mp4/anim_0464.mp4","docs/approval/previews/gif/anim_0464.gif","platinum-base-move","464","MOVE_DARK_VOID","","direct Platinum/base-era DS reuse","manifests/ELITE_REDUX_DS_ANIMATION_PASS_01.csv"
"VILEASSAULT","Vile Assault","Poison","Physical","anim_0830","docs/approval/previews/mp4/anim_0830.mp4","docs/approval/previews/gif/anim_0830.gif","hg-engine-script","830","animations/hg-engine/gen8/830.s","animations/hg-engine/gen8/830.s","provisional direct hg-engine DS reuse assigned","manifests/COMMUNITY_DS_ANIMATION_RESCUE_PASS_12.csv"
"VINDUNAR","Vindunar","Flying","Special","anim_0849","docs/approval/previews/mp4/anim_0849.mp4","docs/approval/previews/gif/anim_0849.gif","hg-engine-script","849","animations/hg-engine/gen8/849.s","animations/hg-engine/gen8/849.s","provisional direct hg-engine DS reuse assigned","manifests/COMMUNITY_DS_ANIMATION_RESCUE_PASS_12.csv"
"MOVE_VIRAL_STRIKE","Viral Strike","Poison","Physical","anim_0896","docs/approval/previews/mp4/anim_0896.mp4","docs/approval/previews/gif/anim_0896.gif","hg-engine-script","896","animations/hg-engine/gen9/896.s","animations/hg-engine/gen9/896.s","direct hg-engine DS reuse","manifests/ELITE_REDUX_DS_ANIMATION_PASS_01.csv"
"VIRAZON","Virazón","Water","Physical","anim_0875","docs/approval/previews/mp4/anim_0875.mp4","docs/approval/previews/gif/anim_0875.gif","hg-engine-script","875","animations/hg-engine/gen9/875.s","animations/hg-engine/gen9/875.s","provisional direct hg-engine DS reuse assigned","manifests/COMMUNITY_DS_ANIMATION_RESCUE_PASS_12.csv"
"BOOMINSTALL","Virus Inject","Qmarks","Status","anim_0675","docs/approval/previews/mp4/anim_0675.mp4","docs/approval/previews/gif/anim_0675.gif","hg-engine-script","675","animations/hg-engine/gen7/675.s","animations/hg-engine/gen7/675.s","provisional direct hg-engine DS reuse assigned","manifests/COMMUNITY_DS_ANIMATION_RESCUE_PASS_12.csv"
"MOVE_VOLT_BOLT","Volt Bolt","Electric","Physical","anim_0344","docs/approval/previews/mp4/anim_0344.mp4","docs/approval/previews/gif/anim_0344.gif","platinum-base-move","344","MOVE_VOLT_TACKLE","","direct Platinum/base-era DS reuse","manifests/ELITE_REDUX_DS_ANIMATION_PASS_01.csv"
"WAKEUPSHOCK","Wake-Up Shock","Electric","Physical","anim_0719","docs/approval/previews/mp4/anim_0719.mp4","docs/approval/previews/gif/anim_0719.gif","hg-engine-script","719","animations/hg-engine/gen7/719.s","animations/hg-engine/gen7/719.s","provisional direct hg-engine DS reuse assigned","manifests/COMMUNITY_DS_ANIMATION_RESCUE_PASS_12.csv"
"WARHEAD","Warhead","Steel","Special","anim_0877","docs/approval/previews/mp4/anim_0877.mp4","docs/approval/previews/gif/anim_0877.gif","hg-engine-script","877","animations/hg-engine/gen9/877.s","animations/hg-engine/gen9/877.s","provisional direct hg-engine DS reuse assigned","manifests/COMMUNITY_DS_ANIMATION_RESCUE_PASS_12.csv"
"MOVE_WATERLOG","Waterlog","Water","Status","anim_0055","docs/approval/previews/mp4/anim_0055.mp4","docs/approval/previews/gif/anim_0055.gif","platinum-base-move","55","MOVE_WATER_GUN","","direct Platinum/base-era DS reuse","manifests/ELITE_REDUX_DS_ANIMATION_PASS_01.csv"
"WAVELASH","Wave Lash","Water","Physical","anim_0713","docs/approval/previews/mp4/anim_0713.mp4","docs/approval/previews/gif/anim_0713.gif","hg-engine-script","713","animations/hg-engine/gen7/713.s","animations/hg-engine/gen7/713.s","provisional direct hg-engine DS reuse assigned","manifests/COMMUNITY_DS_ANIMATION_RESCUE_PASS_12.csv"
"MOVE_WEB_SHOT","Web Shot","Bug","Physical","anim_0567","docs/approval/previews/mp4/anim_0567.mp4","docs/approval/previews/gif/anim_0567.gif","hg-engine-script","567","animations/hg-engine/gen6/567.s","animations/hg-engine/gen6/567.s","direct hg-engine DS reuse","manifests/ELITE_REDUX_DS_ANIMATION_PASS_01.csv"
"WEIRDFLEX","Weird Flex","Fighting","Status","anim_0504","docs/approval/previews/mp4/anim_0504.mp4","docs/approval/previews/gif/anim_0504.gif","hg-engine-script","504","animations/hg-engine/gen5/504.s","animations/hg-engine/gen5/504.s","provisional direct hg-engine DS reuse assigned","manifests/COMMUNITY_DS_ANIMATION_RESCUE_PASS_12.csv"
"MOVE_WHIRLING_STRIKES","Whirling Strikes","Flying","Physical","anim_0816","docs/approval/previews/mp4/anim_0816.mp4","docs/approval/previews/gif/anim_0816.gif","hg-engine-script","816","animations/hg-engine/gen8/816.s","animations/hg-engine/gen8/816.s","direct hg-engine DS reuse","manifests/ELITE_REDUX_DS_ANIMATION_PASS_01.csv"
"WHIRLYHELIX","Whirly Helix","Flying","Physical","anim_0510","docs/approval/previews/mp4/anim_0510.mp4","docs/approval/previews/gif/anim_0510.gif","hg-engine-script","510","animations/hg-engine/gen5/510.s","animations/hg-engine/gen5/510.s","provisional direct hg-engine DS reuse assigned","manifests/COMMUNITY_DS_ANIMATION_RESCUE_PASS_12.csv"
"WHITEWRAITHS","White Wraiths","Ghost","Physical","anim_0569","docs/approval/previews/mp4/anim_0569.mp4","docs/approval/previews/gif/anim_0569.gif","hg-engine-script","569","animations/hg-engine/gen6/569.s","animations/hg-engine/gen6/569.s","provisional direct hg-engine DS reuse assigned","manifests/COMMUNITY_DS_ANIMATION_RESCUE_PASS_12.csv"
"MOVE_WILD_SWING","Wild Swing","Normal","Physical","anim_0896","docs/approval/previews/mp4/anim_0896.mp4","docs/approval/previews/gif/anim_0896.gif","hg-engine-script","896","animations/hg-engine/gen9/896.s","animations/hg-engine/gen9/896.s","direct hg-engine DS reuse","manifests/ELITE_REDUX_DS_ANIMATION_PASS_01.csv"
"WILDFIRE","Wildfire","Fire","Status","anim_0911","docs/approval/previews/mp4/anim_0911.mp4","docs/approval/previews/gif/anim_0911.gif","hg-engine-script","911","animations/hg-engine/gen9/911.s","animations/hg-engine/gen9/911.s","provisional direct hg-engine DS reuse assigned","manifests/COMMUNITY_DS_ANIMATION_RESCUE_PASS_12.csv"
"WORMHOLE","Wormhole","Psychic","Special","anim_0891","docs/approval/previews/mp4/anim_0891.mp4","docs/approval/previews/gif/anim_0891.gif","hg-engine-script","891","animations/hg-engine/gen9/891.s","animations/hg-engine/gen9/891.s","provisional direct hg-engine DS reuse assigned","manifests/COMMUNITY_DS_ANIMATION_RESCUE_PASS_12.csv"
"WOWWIENER","Wow Wiener","Fire","Special","anim_0513","docs/approval/previews/mp4/anim_0513.mp4","docs/approval/previews/gif/anim_0513.gif","hg-engine-script","513","animations/hg-engine/gen5/513.s","animations/hg-engine/gen5/513.s","provisional direct hg-engine DS reuse assigned","manifests/COMMUNITY_DS_ANIMATION_RESCUE_PASS_12.csv"
"MOVE_WYRM_WIND","Wyrm Wind","Dragon","Special","anim_0802","docs/approval/previews/mp4/anim_0802.mp4","docs/approval/previews/gif/anim_0802.gif","hg-engine-script","802","animations/hg-engine/gen8/802.s","animations/hg-engine/gen8/802.s","direct hg-engine DS reuse","manifests/ELITE_REDUX_DS_ANIMATION_PASS_01.csv"
"MOVE_YGGDRASIL_FORCE","Yggdrasil Force","Grass","Physical","anim_0276","docs/approval/previews/mp4/anim_0276.mp4","docs/approval/previews/gif/anim_0276.gif","platinum-base-move","276","MOVE_SUPERPOWER","","direct Platinum/base-era DS reuse","manifests/ELITE_REDUX_DS_ANIMATION_PASS_01.csv"
"AHOGAMIENTO","Zambullida","Water","Special","anim_0736","docs/approval/previews/mp4/anim_0736.mp4","docs/approval/previews/gif/anim_0736.gif","hg-engine-script","736","animations/hg-engine/gen7/736.s","animations/hg-engine/gen7/736.s","provisional direct hg-engine DS reuse assigned","manifests/COMMUNITY_DS_ANIMATION_RESCUE_PASS_12.csv"
"MOVE_ZAP_JIVE","Zap Jive","Electric","Special","anim_0689","docs/approval/previews/mp4/anim_0689.mp4","docs/approval/previews/gif/anim_0689.gif","hg-engine-script","689","animations/hg-engine/gen7/689.s","animations/hg-engine/gen7/689.s","direct hg-engine DS reuse","manifests/ELITE_REDUX_DS_ANIMATION_PASS_01.csv"
"ZARZAS","Zarzas","Grass","Physical","anim_0776","docs/approval/previews/mp4/anim_0776.mp4","docs/approval/previews/gif/anim_0776.gif","hg-engine-script","776","animations/hg-engine/gen8/776.s","animations/hg-engine/gen8/776.s","provisional direct hg-engine DS reuse assigned","manifests/COMMUNITY_DS_ANIMATION_RESCUE_PASS_12.csv"
"ZEALOUSDANCE","Zealous Dance","Dragon","Special","anim_0731","docs/approval/previews/mp4/anim_0731.mp4","docs/approval/previews/gif/anim_0731.gif","hg-engine-script","731","animations/hg-engine/gen7/731.s","animations/hg-engine/gen7/731.s","provisional direct hg-engine DS reuse assigned","manifests/COMMUNITY_DS_ANIMATION_RESCUE_PASS_12.csv"
"MOVE_ZEPHYR_RUSH","Zephyr Rush","Flying","Physical","anim_0026","docs/approval/previews/mp4/anim_0026.mp4","docs/approval/previews/gif/anim_0026.gif","platinum-base-move","26","MOVE_JUMP_KICK","","direct Platinum/base-era DS reuse","manifests/ELITE_REDUX_DS_ANIMATION_PASS_01.csv"
"ZOMBIESTRIKE","Zombie Strike","Ghost","Physical","anim_0715","docs/approval/previews/mp4/anim_0715.mp4","docs/approval/previews/gif/anim_0715.gif","hg-engine-script","715","animations/hg-engine/gen7/715.s","animations/hg-engine/gen7/715.s","provisional direct hg-engine DS reuse assigned","manifests/COMMUNITY_DS_ANIMATION_RESCUE_PASS_12.csv"
