"move_id","move_name","type","category","source_animation_reference","ds_animation_class","ds_animation_path","ds_move_id","port_action","notes"
"MOVE_SHOCKING_EDGE","Shocking Edge","Electric","Physical","","provisional direct hg-engine DS reuse assigned","animations/hg-engine/gen7/719.s","719","Reuse Zing Zap (MOVE_ZING_ZAP) as the provisional DS animation; replace or customize during visual approval if needed.","Emergency rescue assignment. Analog: Zing Zap. Confidence: high. Basis: move type/category plus name/effect/tag similarity. This is an assigned DS-native visual, not claimed as the source game's original animation."
"MOVE_LIGHTNING_STRIKE","Lightning Strike","Electric","Physical","","provisional direct hg-engine DS reuse assigned","animations/hg-engine/gen7/732.s","732","Reuse Zippy Zap (MOVE_ZIPPY_ZAP) as the provisional DS animation; replace or customize during visual approval if needed.","Emergency rescue assignment. Analog: Zippy Zap. Confidence: high. Basis: move type/category plus name/effect/tag similarity. This is an assigned DS-native visual, not claimed as the source game's original animation."
"MOVE_EXCALIBUR","Excalibur","Steel","Physical","","provisional direct hg-engine DS reuse assigned","animations/hg-engine/gen8/784.s","784","Reuse Behemoth Blade (MOVE_BEHEMOTH_BLADE) as the provisional DS animation; replace or customize during visual approval if needed.","Emergency rescue assignment. Analog: Behemoth Blade. Confidence: high. Basis: move type/category plus name/effect/tag similarity. This is an assigned DS-native visual, not claimed as the source game's original animation."
"MOVE_AQUA_FANG","Aqua Fang","Water","Physical","","provisional direct hg-engine DS reuse assigned","animations/hg-engine/gen9/875.s","875","Reuse Aqua Step (MOVE_AQUA_STEP) as the provisional DS animation; replace or customize during visual approval if needed.","Emergency rescue assignment. Analog: Aqua Step. Confidence: high. Basis: move type/category plus name/effect/tag similarity. This is an assigned DS-native visual, not claimed as the source game's original animation."
"MOVE_SEISMIC_FIST","Seismic Fist","Ground","Physical","","provisional direct hg-engine DS reuse assigned","animations/hg-engine/gen8/841.s","841","Reuse Headlong Rush (MOVE_HEADLONG_RUSH) as the provisional DS animation; replace or customize during visual approval if needed.","Emergency rescue assignment. Analog: Headlong Rush. Confidence: high. Basis: move type/category plus name/effect/tag similarity. This is an assigned DS-native visual, not claimed as the source game's original animation."
"MOVE_IRON_FANGS","Iron Fangs","Steel","Physical","","provisional direct hg-engine DS reuse assigned","animations/hg-engine/gen7/745.s","745","Reuse Double IronBash (MOVE_DOUBLE_IRON_BASH) as the provisional DS animation; replace or customize during visual approval if needed.","Emergency rescue assignment. Analog: Double IronBash. Confidence: high. Basis: move type/category plus name/effect/tag similarity. This is an assigned DS-native visual, not claimed as the source game's original animation."
"MOVE_SHADOW_FANGS","Shadow Fangs","Ghost","Physical","","provisional direct hg-engine DS reuse assigned","animations/hg-engine/gen7/711.s","711","Reuse Shadow Bone (MOVE_SHADOW_BONE) as the provisional DS animation; replace or customize during visual approval if needed.","Emergency rescue assignment. Analog: Shadow Bone. Confidence: high. Basis: move type/category plus name/effect/tag similarity. This is an assigned DS-native visual, not claimed as the source game's original animation."
"MOVE_LOVELY_BITE","Lovely Bite","Fairy","Physical","","provisional direct hg-engine DS reuse assigned","animations/hg-engine/gen6/586.s","586","Reuse Play Rough (MOVE_PLAY_ROUGH) as the provisional DS animation; replace or customize during visual approval if needed.","Emergency rescue assignment. Analog: Play Rough. Confidence: high. Basis: move type/category plus name/effect/tag similarity. This is an assigned DS-native visual, not claimed as the source game's original animation."
"MOVE_JAGGED_FANGS","Jagged Fangs","Rock","Physical","","provisional direct hg-engine DS reuse assigned","animations/hg-engine/gen8/833.s","833","Reuse Stone Axe (MOVE_STONE_AXE) as the provisional DS animation; replace or customize during visual approval if needed.","Emergency rescue assignment. Analog: Stone Axe. Confidence: high. Basis: move type/category plus name/effect/tag similarity. This is an assigned DS-native visual, not claimed as the source game's original animation."
"MOVE_SCORCHED_EARTH","Scorched Earth","Fire","Special","","provisional direct hg-engine DS reuse assigned","animations/hg-engine/gen7/685.s","685","Reuse Burn Up (MOVE_BURN_UP) as the provisional DS animation; replace or customize during visual approval if needed.","Emergency rescue assignment. Analog: Burn Up. Confidence: high. Basis: move type/category plus name/effect/tag similarity. This is an assigned DS-native visual, not claimed as the source game's original animation."
"MOVE_PLASMA_PULSE","Plasma Pulse","Electric","Special","","provisional direct hg-engine DS reuse assigned","animations/hg-engine/gen8/850.s","850","Reuse WildboltStorm (MOVE_WILDBOLT_STORM) as the provisional DS animation; replace or customize during visual approval if needed.","Emergency rescue assignment. Analog: WildboltStorm. Confidence: high. Basis: move type/category plus name/effect/tag similarity. This is an assigned DS-native visual, not claimed as the source game's original animation."
"MOVE_PRIMAL_BEAM","Primal Beam","Dragon","Physical","","provisional direct hg-engine DS reuse assigned","animations/hg-engine/gen8/802.s","802","Reuse Scale Shot (MOVE_SCALE_SHOT) as the provisional DS animation; replace or customize during visual approval if needed.","Emergency rescue assignment. Analog: Scale Shot. Confidence: high. Basis: move type/category plus name/effect/tag similarity. This is an assigned DS-native visual, not claimed as the source game's original animation."
"MOVE_PIXIE_BEAM","Pixie Beam","Fairy","Special","","provisional direct hg-engine DS reuse assigned","animations/hg-engine/gen7/708.s","708","Reuse Fleur Cannon (MOVE_FLEUR_CANNON) as the provisional DS animation; replace or customize during visual approval if needed.","Emergency rescue assignment. Analog: Fleur Cannon. Confidence: high. Basis: move type/category plus name/effect/tag similarity. This is an assigned DS-native visual, not claimed as the source game's original animation."
"MOVE_PIXIE_SLASH","Pixie Slash","Fairy","Physical","","provisional direct hg-engine DS reuse assigned","animations/hg-engine/gen6/586.s","586","Reuse Play Rough (MOVE_PLAY_ROUGH) as the provisional DS animation; replace or customize during visual approval if needed.","Emergency rescue assignment. Analog: Play Rough. Confidence: medium. Basis: move type/category plus name/effect/tag similarity. This is an assigned DS-native visual, not claimed as the source game's original animation."
"MOVE_SEISMIC_BLADE","Seismic Blade","Ground","Physical","","provisional direct hg-engine DS reuse assigned","animations/hg-engine/gen6/622.s","622","Reuse PrecipiceBlades (MOVE_PRECIPICE_BLADES) as the provisional DS animation; replace or customize during visual approval if needed.","Emergency rescue assignment. Analog: PrecipiceBlades. Confidence: high. Basis: move type/category plus name/effect/tag similarity. This is an assigned DS-native visual, not claimed as the source game's original animation."
"MOVE_MOUNTAIN_CHUNK","Mountain Chunk","Ground","Physical","","provisional direct hg-engine DS reuse assigned","animations/hg-engine/gen7/670.s","670","Reuse High Horsepower (MOVE_HIGH_HORSEPOWER) as the provisional DS animation; replace or customize during visual approval if needed.","Emergency rescue assignment. Analog: High Horsepower. Confidence: high. Basis: move type/category plus name/effect/tag similarity. This is an assigned DS-native visual, not claimed as the source game's original animation."
"MOVE_ARCHER_SHOT","Archer Shot","Normal","Physical","","provisional direct hg-engine DS reuse assigned","animations/hg-engine/gen5/501.s","501","Reuse Chip Away (MOVE_CHIP_AWAY) as the provisional DS animation; replace or customize during visual approval if needed.","Emergency rescue assignment. Analog: Chip Away. Confidence: medium. Basis: move type/category plus name/effect/tag similarity. This is an assigned DS-native visual, not claimed as the source game's original animation."
"MOVE_FROST_BRAND","Frost Brand","Ice","Physical","","provisional direct hg-engine DS reuse assigned","animations/hg-engine/gen7/668.s","668","Reuse Ice Hammer (MOVE_ICE_HAMMER) as the provisional DS animation; replace or customize during visual approval if needed.","Emergency rescue assignment. Analog: Ice Hammer. Confidence: high. Basis: move type/category plus name/effect/tag similarity. This is an assigned DS-native visual, not claimed as the source game's original animation."
"MOVE_FROST_BOLT","Frost Bolt","Ice","Physical","","provisional direct hg-engine DS reuse assigned","animations/hg-engine/gen7/668.s","668","Reuse Ice Hammer (MOVE_ICE_HAMMER) as the provisional DS animation; replace or customize during visual approval if needed.","Emergency rescue assignment. Analog: Ice Hammer. Confidence: high. Basis: move type/category plus name/effect/tag similarity. This is an assigned DS-native visual, not claimed as the source game's original animation."
"MOVE_SCATTER_BLAST","Scatter Blast","Ground","Special","","provisional direct hg-engine DS reuse assigned","animations/hg-engine/gen8/818.s","818","Reuse Scorching Sands (MOVE_SCORCHING_SANDS) as the provisional DS animation; replace or customize during visual approval if needed.","Emergency rescue assignment. Analog: Scorching Sands. Confidence: high. Basis: move type/category plus name/effect/tag similarity. This is an assigned DS-native visual, not claimed as the source game's original animation."
"MOVE_CUTSIE_SLAP","Cutsie Slap","Fairy","Physical","","provisional direct hg-engine DS reuse assigned","animations/hg-engine/gen7/729.s","729","Reuse Let’s Snuggle (MOVE_LETS_SNUGGLE_FOREVER) as the provisional DS animation; replace or customize during visual approval if needed.","Emergency rescue assignment. Analog: Let’s Snuggle. Confidence: high. Basis: move type/category plus name/effect/tag similarity. This is an assigned DS-native visual, not claimed as the source game's original animation."
"MOVE_TECTONIC_FANGS","Tectonic Fangs","Ground","Physical","","provisional direct hg-engine DS reuse assigned","animations/hg-engine/gen5/532.s","532","Reuse Drill Run (MOVE_DRILL_RUN) as the provisional DS animation; replace or customize during visual approval if needed.","Emergency rescue assignment. Analog: Drill Run. Confidence: high. Basis: move type/category plus name/effect/tag similarity. This is an assigned DS-native visual, not claimed as the source game's original animation."
"MOVE_CUPID_SHOT","Cupid Shot","Fairy","Physical","","provisional direct hg-engine DS reuse assigned","animations/hg-engine/gen8/792.s","792","Reuse Spirit Break (MOVE_SPIRIT_BREAK) as the provisional DS animation; replace or customize during visual approval if needed.","Emergency rescue assignment. Analog: Spirit Break. Confidence: high. Basis: move type/category plus name/effect/tag similarity. This is an assigned DS-native visual, not claimed as the source game's original animation."
"MOVE_FUMIGATION_BOMB","Fumigation Bomb","Poison","Physical","","provisional direct hg-engine DS reuse assigned","animations/hg-engine/gen8/830.s","830","Reuse Dire Claw (MOVE_DIRE_CLAW) as the provisional DS animation; replace or customize during visual approval if needed.","Emergency rescue assignment. Analog: Dire Claw. Confidence: medium. Basis: move type/category plus name/effect/tag similarity. This is an assigned DS-native visual, not claimed as the source game's original animation."
"MOVE_FLAME_TONGUE","Flame Tongue","Fire","Physical","","provisional direct hg-engine DS reuse assigned","animations/hg-engine/gen9/899.s","899","Reuse Blazing Torque (MOVE_BLAZING_TORQUE) as the provisional DS animation; replace or customize during visual approval if needed.","Emergency rescue assignment. Analog: Blazing Torque. Confidence: high. Basis: move type/category plus name/effect/tag similarity. This is an assigned DS-native visual, not claimed as the source game's original animation."
"MOVE_LOTUS_SHOWER","Lotus Shower","Grass","Physical","","provisional direct hg-engine DS reuse assigned","animations/hg-engine/gen6/575.s","575","Reuse Petal Blizzard (MOVE_PETAL_BLIZZARD) as the provisional DS animation; replace or customize during visual approval if needed.","Emergency rescue assignment. Analog: Petal Blizzard. Confidence: high. Basis: move type/category plus name/effect/tag similarity. This is an assigned DS-native visual, not claimed as the source game's original animation."
"MOVE_BLOOD_SHOT","Blood Shot","Dark","Status","","provisional direct hg-engine DS reuse assigned","animations/hg-engine/gen6/578.s","578","Reuse Parting Shot (MOVE_PARTING_SHOT) as the provisional DS animation; replace or customize during visual approval if needed.","Emergency rescue assignment. Analog: Parting Shot. Confidence: high. Basis: move type/category plus name/effect/tag similarity. This is an assigned DS-native visual, not claimed as the source game's original animation."
"MOVE_STARBURST","Starburst","Normal","Physical","","provisional direct hg-engine DS reuse assigned","animations/hg-engine/gen5/501.s","501","Reuse Chip Away (MOVE_CHIP_AWAY) as the provisional DS animation; replace or customize during visual approval if needed.","Emergency rescue assignment. Analog: Chip Away. Confidence: high. Basis: move type/category plus name/effect/tag similarity. This is an assigned DS-native visual, not claimed as the source game's original animation."
"MOVE_CREEPING_THORNS","Creeping Thorns","Grass","Status","","provisional direct hg-engine DS reuse assigned","animations/hg-engine/gen5/541.s","541","Reuse Cotton Guard (MOVE_COTTON_GUARD) as the provisional DS animation; replace or customize during visual approval if needed.","Emergency rescue assignment. Analog: Cotton Guard. Confidence: high. Basis: move type/category plus name/effect/tag similarity. This is an assigned DS-native visual, not claimed as the source game's original animation."
"MOVE_SEPTIC_SWITCH","Septic Switch","Poison","Status","","provisional direct hg-engine DS reuse assigned","animations/hg-engine/gen5/492.s","492","Reuse Coil (MOVE_COIL) as the provisional DS animation; replace or customize during visual approval if needed.","Emergency rescue assignment. Analog: Coil. Confidence: high. Basis: move type/category plus name/effect/tag similarity. This is an assigned DS-native visual, not claimed as the source game's original animation."
"MOVE_OBSCURED_SHOT","Obscured Shot","Dark","Special","","provisional direct hg-engine DS reuse assigned","animations/hg-engine/gen5/542.s","542","Reuse Night Daze (MOVE_NIGHT_DAZE) as the provisional DS animation; replace or customize during visual approval if needed.","Emergency rescue assignment. Analog: Night Daze. Confidence: high. Basis: move type/category plus name/effect/tag similarity. This is an assigned DS-native visual, not claimed as the source game's original animation."
"MOVE_BLITZ_ARROW","Blitz Arrow","Fighting","Physical","","provisional direct hg-engine DS reuse assigned","animations/hg-engine/gen8/846.s","846","Reuse Triple Arrows (MOVE_TRIPLE_ARROWS) as the provisional DS animation; replace or customize during visual approval if needed.","Emergency rescue assignment. Analog: Triple Arrows. Confidence: high. Basis: move type/category plus name/effect/tag similarity. This is an assigned DS-native visual, not claimed as the source game's original animation."
"PRIMALSUN","Primal Sun","Fire","Status","","provisional direct hg-engine DS reuse assigned","animations/hg-engine/gen9/911.s","911","Reuse Burning Bulwark (MOVE_BURNING_BULWARK) as the provisional DS animation; replace or customize during visual approval if needed.","Emergency rescue assignment. Analog: Burning Bulwark. Confidence: medium. Basis: move type/category plus name/effect/tag similarity. This is an assigned DS-native visual, not claimed as the source game's original animation."
"FROSTWALKER","Frost Walker","Ice","Physical","","provisional direct hg-engine DS reuse assigned","animations/hg-engine/gen7/668.s","668","Reuse Ice Hammer (MOVE_ICE_HAMMER) as the provisional DS animation; replace or customize during visual approval if needed.","Emergency rescue assignment. Analog: Ice Hammer. Confidence: high. Basis: move type/category plus name/effect/tag similarity. This is an assigned DS-native visual, not claimed as the source game's original animation."
"WAVELASH","Wave Lash","Water","Physical","","provisional direct hg-engine DS reuse assigned","animations/hg-engine/gen7/713.s","713","Reuse Liquidation (MOVE_LIQUIDATION) as the provisional DS animation; replace or customize during visual approval if needed.","Emergency rescue assignment. Analog: Liquidation. Confidence: high. Basis: move type/category plus name/effect/tag similarity. This is an assigned DS-native visual, not claimed as the source game's original animation."
"FIRECRACKERS","Fire Crackers","Fire","Physical","","provisional direct hg-engine DS reuse assigned","animations/hg-engine/gen7/683.s","683","Reuse Fire Lash (MOVE_FIRE_LASH) as the provisional DS animation; replace or customize during visual approval if needed.","Emergency rescue assignment. Analog: Fire Lash. Confidence: high. Basis: move type/category plus name/effect/tag similarity. This is an assigned DS-native visual, not claimed as the source game's original animation."
"SWIFTSTRIKE","Swift Strike","Fighting","Physical","","provisional direct hg-engine DS reuse assigned","animations/hg-engine/gen5/493.s","493","Reuse Low Sweep (MOVE_LOW_SWEEP) as the provisional DS animation; replace or customize during visual approval if needed.","Emergency rescue assignment. Analog: Low Sweep. Confidence: high. Basis: move type/category plus name/effect/tag similarity. This is an assigned DS-native visual, not claimed as the source game's original animation."
"FANGLEECH","Fang Leech","Dragon","Physical","","provisional direct hg-engine DS reuse assigned","animations/hg-engine/gen8/802.s","802","Reuse Scale Shot (MOVE_SCALE_SHOT) as the provisional DS animation; replace or customize during visual approval if needed.","Emergency rescue assignment. Analog: Scale Shot. Confidence: high. Basis: move type/category plus name/effect/tag similarity. This is an assigned DS-native visual, not claimed as the source game's original animation."
"SHADOWSTEP","Shadow Step","Fighting","Physical","","provisional direct hg-engine DS reuse assigned","animations/hg-engine/gen8/779.s","779","Reuse Body Press (MOVE_BODY_PRESS) as the provisional DS animation; replace or customize during visual approval if needed.","Emergency rescue assignment. Analog: Body Press. Confidence: high. Basis: move type/category plus name/effect/tag similarity. This is an assigned DS-native visual, not claimed as the source game's original animation."
"DRUMBEAT","Drum Beat","Sound","Physical","","provisional direct hg-engine DS reuse assigned","animations/hg-engine/gen8/781.s","781","Reuse Drum Beating (MOVE_DRUM_BEATING) as the provisional DS animation; replace or customize during visual approval if needed.","Emergency rescue assignment. Analog: Drum Beating. Confidence: manual-rescue. Basis: move type/category plus name/effect/tag similarity; manually selected for custom/unknown source typing. This is an assigned DS-native visual, not claimed as the source game's original animation."
"BEATDROP","Beat Drop","Sound","Physical","","provisional direct hg-engine DS reuse assigned","animations/hg-engine/gen6/589.s","589","Reuse Boomburst (MOVE_BOOMBURST) as the provisional DS animation; replace or customize during visual approval if needed.","Emergency rescue assignment. Analog: Boomburst. Confidence: manual-rescue. Basis: move type/category plus name/effect/tag similarity; manually selected for custom/unknown source typing. This is an assigned DS-native visual, not claimed as the source game's original animation."
"BLAZINGBULL","Blazing Bull","Fire","Physical","","provisional direct hg-engine DS reuse assigned","animations/hg-engine/gen9/899.s","899","Reuse Blazing Torque (MOVE_BLAZING_TORQUE) as the provisional DS animation; replace or customize during visual approval if needed.","Emergency rescue assignment. Analog: Blazing Torque. Confidence: high. Basis: move type/category plus name/effect/tag similarity. This is an assigned DS-native visual, not claimed as the source game's original animation."
"SURGINGBULL","Surging Bull","Water","Physical","","provisional direct hg-engine DS reuse assigned","animations/hg-engine/gen7/713.s","713","Reuse Liquidation (MOVE_LIQUIDATION) as the provisional DS animation; replace or customize during visual approval if needed.","Emergency rescue assignment. Analog: Liquidation. Confidence: high. Basis: move type/category plus name/effect/tag similarity. This is an assigned DS-native visual, not claimed as the source game's original animation."
"ENIGMATICDASH","Enigmatic Dash","Fairy","Physical","","provisional direct hg-engine DS reuse assigned","animations/hg-engine/gen8/792.s","792","Reuse Spirit Break (MOVE_SPIRIT_BREAK) as the provisional DS animation; replace or customize during visual approval if needed.","Emergency rescue assignment. Analog: Spirit Break. Confidence: medium. Basis: move type/category plus name/effect/tag similarity. This is an assigned DS-native visual, not claimed as the source game's original animation."
"BLAZINGSTAMPEDE","Blazing Stampede","Fire","Physical","","provisional direct hg-engine DS reuse assigned","animations/hg-engine/gen9/899.s","899","Reuse Blazing Torque (MOVE_BLAZING_TORQUE) as the provisional DS animation; replace or customize during visual approval if needed.","Emergency rescue assignment. Analog: Blazing Torque. Confidence: high. Basis: move type/category plus name/effect/tag similarity. This is an assigned DS-native visual, not claimed as the source game's original animation."
"IRONBARB","Iron Barb","Steel","Physical","","provisional direct hg-engine DS reuse assigned","animations/hg-engine/gen8/777.s","777","Reuse Max Steelspike (MOVE_MAX_STEELSPIKE) as the provisional DS animation; replace or customize during visual approval if needed.","Emergency rescue assignment. Analog: Max Steelspike. Confidence: high. Basis: move type/category plus name/effect/tag similarity. This is an assigned DS-native visual, not claimed as the source game's original animation."
"KAOLINBASH","Kaolin Bash","Ground","Physical","","provisional direct hg-engine DS reuse assigned","animations/hg-engine/gen6/618.s","618","Reuse Thousand Waves (MOVE_THOUSAND_WAVES) as the provisional DS animation; replace or customize during visual approval if needed.","Emergency rescue assignment. Analog: Thousand Waves. Confidence: high. Basis: move type/category plus name/effect/tag similarity. This is an assigned DS-native visual, not claimed as the source game's original animation."
"DIAMONDBREATH","Diamond Breath","Rock","Special","","provisional direct hg-engine DS reuse assigned","animations/hg-engine/gen8/803.s","803","Reuse Meteor Beam (MOVE_METEOR_BEAM) as the provisional DS animation; replace or customize during visual approval if needed.","Emergency rescue assignment. Analog: Meteor Beam. Confidence: medium. Basis: move type/category plus name/effect/tag similarity. This is an assigned DS-native visual, not claimed as the source game's original animation."
"SOVEREIGNEDGE","Sovereign Edge","Steel","Physical","","provisional direct hg-engine DS reuse assigned","animations/hg-engine/gen8/785.s","785","Reuse Behemoth Bash (MOVE_BEHEMOTH_BASH) as the provisional DS animation; replace or customize during visual approval if needed.","Emergency rescue assignment. Analog: Behemoth Bash. Confidence: high. Basis: move type/category plus name/effect/tag similarity. This is an assigned DS-native visual, not claimed as the source game's original animation."
"HEATEDREVUP","Heated Rev Up","Fire","Status","","provisional direct hg-engine DS reuse assigned","animations/hg-engine/gen9/911.s","911","Reuse Burning Bulwark (MOVE_BURNING_BULWARK) as the provisional DS animation; replace or customize during visual approval if needed.","Emergency rescue assignment. Analog: Burning Bulwark. Confidence: high. Basis: move type/category plus name/effect/tag similarity. This is an assigned DS-native visual, not claimed as the source game's original animation."
"NIGHTBOUQUET","Night Bouquet","Poison","Special","","provisional direct hg-engine DS reuse assigned","animations/hg-engine/gen5/477.s","477","Reuse Venoshock (MOVE_VENOSHOCK) as the provisional DS animation; replace or customize during visual approval if needed.","Emergency rescue assignment. Analog: Venoshock. Confidence: high. Basis: move type/category plus name/effect/tag similarity. This is an assigned DS-native visual, not claimed as the source game's original animation."
"TRIPLEWHIRLING","Triple Whirling","Psychic","Physical","","provisional direct hg-engine DS reuse assigned","animations/hg-engine/gen7/709.s","709","Reuse Psychic Fangs (MOVE_PSYCHIC_FANGS) as the provisional DS animation; replace or customize during visual approval if needed.","Emergency rescue assignment. Analog: Psychic Fangs. Confidence: medium. Basis: move type/category plus name/effect/tag similarity. This is an assigned DS-native visual, not claimed as the source game's original animation."
"CODEPOWER","Code:Power","Poison","Physical","","provisional direct hg-engine DS reuse assigned","animations/hg-engine/gen9/869.s","869","Reuse Mortal Spin (MOVE_MORTAL_SPIN) as the provisional DS animation; replace or customize during visual approval if needed.","Emergency rescue assignment. Analog: Mortal Spin. Confidence: high. Basis: move type/category plus name/effect/tag similarity. This is an assigned DS-native visual, not claimed as the source game's original animation."
"CODEQUARANTINE","Code:Quarantine","Electric","Status","","provisional direct hg-engine DS reuse assigned","animations/hg-engine/gen6/605.s","605","Reuse Magnetic Flux (MOVE_MAGNETIC_FLUX) as the provisional DS animation; replace or customize during visual approval if needed.","Emergency rescue assignment. Analog: Magnetic Flux. Confidence: high. Basis: move type/category plus name/effect/tag similarity. This is an assigned DS-native visual, not claimed as the source game's original animation."
"CODE:INJECTION","Code:Injection","Psychic","Special","","provisional direct hg-engine DS reuse assigned","animations/hg-engine/gen6/596.s","596","Reuse Hyperspace Hole (MOVE_HYPERSPACE_HOLE) as the provisional DS animation; replace or customize during visual approval if needed.","Emergency rescue assignment. Analog: Hyperspace Hole. Confidence: high. Basis: move type/category plus name/effect/tag similarity. This is an assigned DS-native visual, not claimed as the source game's original animation."
"DUNEGLIDER","Dune Glider","Ground","Physical","","provisional direct hg-engine DS reuse assigned","animations/hg-engine/gen6/617.s","617","Reuse Thousand Arrows (MOVE_THOUSAND_ARROWS) as the provisional DS animation; replace or customize during visual approval if needed.","Emergency rescue assignment. Analog: Thousand Arrows. Confidence: high. Basis: move type/category plus name/effect/tag similarity. This is an assigned DS-native visual, not claimed as the source game's original animation."
"GENEBLASTER","Gene Blaster","Normal","Special","","provisional direct hg-engine DS reuse assigned","animations/hg-engine/gen9/854.s","854","Reuse Tera Blast (MOVE_TERA_BLAST) as the provisional DS animation; replace or customize during visual approval if needed.","Emergency rescue assignment. Analog: Tera Blast. Confidence: high. Basis: move type/category plus name/effect/tag similarity. This is an assigned DS-native visual, not claimed as the source game's original animation."
"PESTILENCEBURST","Pestilence Burst","Grass","Special","","provisional direct hg-engine DS reuse assigned","animations/hg-engine/gen8/838.s","838","Reuse Chloroblast (MOVE_CHLOROBLAST) as the provisional DS animation; replace or customize during visual approval if needed.","Emergency rescue assignment. Analog: Chloroblast. Confidence: medium. Basis: move type/category plus name/effect/tag similarity. This is an assigned DS-native visual, not claimed as the source game's original animation."
"NAZCAPATTERNS","Nazca Patterns","Normal","Special","","provisional direct hg-engine DS reuse assigned","animations/hg-engine/gen9/854.s","854","Reuse Tera Blast (MOVE_TERA_BLAST) as the provisional DS animation; replace or customize during visual approval if needed.","Emergency rescue assignment. Analog: Tera Blast. Confidence: medium. Basis: move type/category plus name/effect/tag similarity. This is an assigned DS-native visual, not claimed as the source game's original animation."
"QUAKINGSPEAR","Quaking Spear","Ground","Physical","","provisional direct hg-engine DS reuse assigned","animations/hg-engine/gen6/617.s","617","Reuse Thousand Arrows (MOVE_THOUSAND_ARROWS) as the provisional DS animation; replace or customize during visual approval if needed.","Emergency rescue assignment. Analog: Thousand Arrows. Confidence: high. Basis: move type/category plus name/effect/tag similarity. This is an assigned DS-native visual, not claimed as the source game's original animation."
"STRIDENTSPARK","Strident Spark","Sound","Physical","","provisional direct hg-engine DS reuse assigned","animations/hg-engine/gen7/724.s","724","Reuse Plasma Fists (MOVE_PLASMA_FISTS) as the provisional DS animation; replace or customize during visual approval if needed.","Emergency rescue assignment. Analog: Plasma Fists. Confidence: medium. Basis: move type/category plus name/effect/tag similarity. This is an assigned DS-native visual, not claimed as the source game's original animation."
"SPARKLECLUSTER","Sparkle Cluster","Fairy","Physical","","provisional direct hg-engine DS reuse assigned","animations/hg-engine/gen8/770.s","770","Reuse Max Starfall (MOVE_MAX_STARFALL) as the provisional DS animation; replace or customize during visual approval if needed.","Emergency rescue assignment. Analog: Max Starfall. Confidence: medium. Basis: move type/category plus name/effect/tag similarity. This is an assigned DS-native visual, not claimed as the source game's original animation."
"SPICYMAW","Spicy Maw","Grass","Physical","","provisional direct hg-engine DS reuse assigned","animations/hg-engine/gen8/791.s","791","Reuse Grav Apple (MOVE_GRAV_APPLE) as the provisional DS animation; replace or customize during visual approval if needed.","Emergency rescue assignment. Analog: Grav Apple. Confidence: high. Basis: move type/category plus name/effect/tag similarity. This is an assigned DS-native visual, not claimed as the source game's original animation."
"SPIRITSPEAR","Spirit Spear","Dragon","Physical","","provisional direct hg-engine DS reuse assigned","animations/hg-engine/gen8/802.s","802","Reuse Scale Shot (MOVE_SCALE_SHOT) as the provisional DS animation; replace or customize during visual approval if needed.","Emergency rescue assignment. Analog: Scale Shot. Confidence: high. Basis: move type/category plus name/effect/tag similarity. This is an assigned DS-native visual, not claimed as the source game's original animation."
"SPLITMASK","Split Mask","Poison","Physical","","provisional direct hg-engine DS reuse assigned","animations/hg-engine/gen9/869.s","869","Reuse Mortal Spin (MOVE_MORTAL_SPIN) as the provisional DS animation; replace or customize during visual approval if needed.","Emergency rescue assignment. Analog: Mortal Spin. Confidence: medium. Basis: move type/category plus name/effect/tag similarity. This is an assigned DS-native visual, not claimed as the source game's original animation."
"TETRAJECTILE","Tetrajectile","Fire","Special","","provisional direct hg-engine DS reuse assigned","animations/hg-engine/gen9/893.s","893","Reuse Armor Cannon (MOVE_ARMOR_CANNON) as the provisional DS animation; replace or customize during visual approval if needed.","Emergency rescue assignment. Analog: Armor Cannon. Confidence: medium. Basis: move type/category plus name/effect/tag similarity. This is an assigned DS-native visual, not claimed as the source game's original animation."
"VINDUNAR","Vindunar","Flying","Special","","provisional direct hg-engine DS reuse assigned","animations/hg-engine/gen8/849.s","849","Reuse BleakwindStorm (MOVE_BLEAKWIND_STORM) as the provisional DS animation; replace or customize during visual approval if needed.","Emergency rescue assignment. Analog: BleakwindStorm. Confidence: medium. Basis: move type/category plus name/effect/tag similarity. This is an assigned DS-native visual, not claimed as the source game's original animation."
"WHIRLYHELIX","Whirly Helix","Flying","Physical","","provisional direct hg-engine DS reuse assigned","animations/hg-engine/gen5/510.s","510","Reuse Sky Drop (MOVE_SKY_DROP) as the provisional DS animation; replace or customize during visual approval if needed.","Emergency rescue assignment. Analog: Sky Drop. Confidence: medium. Basis: move type/category plus name/effect/tag similarity. This is an assigned DS-native visual, not claimed as the source game's original animation."
"RHYTHMICCOMBO","Rhythmic Combo","Sound","Physical","","provisional direct hg-engine DS reuse assigned","animations/hg-engine/gen8/816.s","816","Reuse Triple Axel (MOVE_TRIPLE_AXEL) as the provisional DS animation; replace or customize during visual approval if needed.","Emergency rescue assignment. Analog: Triple Axel. Confidence: manual-rescue. Basis: move type/category plus name/effect/tag similarity; manually selected for custom/unknown source typing. This is an assigned DS-native visual, not claimed as the source game's original animation."
"INSTANTWHISTLE","Instant Whistle","Sound","Status","","provisional direct hg-engine DS reuse assigned","animations/hg-engine/gen7/674.s","674","Reuse Spotlight (MOVE_SPOTLIGHT) as the provisional DS animation; replace or customize during visual approval if needed.","Emergency rescue assignment. Analog: Spotlight. Confidence: manual-rescue. Basis: move type/category plus name/effect/tag similarity; manually selected for custom/unknown source typing. This is an assigned DS-native visual, not claimed as the source game's original animation."
"DISCORDANTSHRIEK","Discordant Shriek","Sound","Special","","provisional direct hg-engine DS reuse assigned","animations/hg-engine/gen6/589.s","589","Reuse Boomburst (MOVE_BOOMBURST) as the provisional DS animation; replace or customize during visual approval if needed.","Emergency rescue assignment. Analog: Boomburst. Confidence: manual-rescue. Basis: move type/category plus name/effect/tag similarity; manually selected for custom/unknown source typing. This is an assigned DS-native visual, not claimed as the source game's original animation."
"HEARTBEAT","Heart Beat","Sound","Physical","","provisional direct hg-engine DS reuse assigned","animations/hg-engine/gen9/863.s","863","Reuse Population Bomb (MOVE_POPULATION_BOMB) as the provisional DS animation; replace or customize during visual approval if needed.","Emergency rescue assignment. Analog: Population Bomb. Confidence: manual-rescue. Basis: move type/category plus name/effect/tag similarity; manually selected for custom/unknown source typing. This is an assigned DS-native visual, not claimed as the source game's original animation."
"AUDIOBREAK","Audio Break","Sound","Physical","","provisional direct hg-engine DS reuse assigned","animations/hg-engine/gen9/876.s","876","Reuse Raging Bull (MOVE_RAGING_BULL) as the provisional DS animation; replace or customize during visual approval if needed.","Emergency rescue assignment. Analog: Raging Bull. Confidence: medium. Basis: move type/category plus name/effect/tag similarity. This is an assigned DS-native visual, not claimed as the source game's original animation."
"SERENEWAVE","Serene Wave","Normal","Special","","provisional direct hg-engine DS reuse assigned","animations/hg-engine/gen9/854.s","854","Reuse Tera Blast (MOVE_TERA_BLAST) as the provisional DS animation; replace or customize during visual approval if needed.","Emergency rescue assignment. Analog: Tera Blast. Confidence: high. Basis: move type/category plus name/effect/tag similarity. This is an assigned DS-native visual, not claimed as the source game's original animation."
"FURIOUSPUMMELING","Furious Pummeling","Normal","Physical","","provisional direct hg-engine DS reuse assigned","animations/hg-engine/gen9/876.s","876","Reuse Raging Bull (MOVE_RAGING_BULL) as the provisional DS animation; replace or customize during visual approval if needed.","Emergency rescue assignment. Analog: Raging Bull. Confidence: high. Basis: move type/category plus name/effect/tag similarity. This is an assigned DS-native visual, not claimed as the source game's original animation."
"ROUNDABOUT","Roundabout","Normal","Physical","","provisional direct hg-engine DS reuse assigned","animations/hg-engine/gen9/890.s","890","Reuse Hyper Drill (MOVE_HYPER_DRILL) as the provisional DS animation; replace or customize during visual approval if needed.","Emergency rescue assignment. Analog: Hyper Drill. Confidence: high. Basis: move type/category plus name/effect/tag similarity. This is an assigned DS-native visual, not claimed as the source game's original animation."
"DESERTWHIRL","Desert Whirl","Ground","Special","","provisional direct hg-engine DS reuse assigned","animations/hg-engine/gen8/851.s","851","Reuse SandsearStorm (MOVE_SANDSEAR_STORM) as the provisional DS animation; replace or customize during visual approval if needed.","Emergency rescue assignment. Analog: SandsearStorm. Confidence: high. Basis: move type/category plus name/effect/tag similarity. This is an assigned DS-native visual, not claimed as the source game's original animation."
"HOARFROSTTIDE","Hoarfrost Tide","Water","Special","","provisional direct hg-engine DS reuse assigned","animations/hg-engine/gen9/889.s","889","Reuse Chilling Water (MOVE_CHILLING_WATER) as the provisional DS animation; replace or customize during visual approval if needed.","Emergency rescue assignment. Analog: Chilling Water. Confidence: high. Basis: move type/category plus name/effect/tag similarity. This is an assigned DS-native visual, not claimed as the source game's original animation."
"MANAFANGS","Mana Fangs","Dragon","Physical","","provisional direct hg-engine DS reuse assigned","animations/hg-engine/gen8/802.s","802","Reuse Scale Shot (MOVE_SCALE_SHOT) as the provisional DS animation; replace or customize during visual approval if needed.","Emergency rescue assignment. Analog: Scale Shot. Confidence: medium. Basis: move type/category plus name/effect/tag similarity. This is an assigned DS-native visual, not claimed as the source game's original animation."
"MERCURIANTRAP","Mercurian Trap","Steel","Special","","provisional direct hg-engine DS reuse assigned","animations/hg-engine/gen9/877.s","877","Reuse Make It Rain (MOVE_MAKE_IT_RAIN) as the provisional DS animation; replace or customize during visual approval if needed.","Emergency rescue assignment. Analog: Make It Rain. Confidence: medium. Basis: move type/category plus name/effect/tag similarity. This is an assigned DS-native visual, not claimed as the source game's original animation."
"RAIDERTONITRUS","Raider Tonitrus","Electric","Special","","provisional direct hg-engine DS reuse assigned","animations/hg-engine/gen5/553.s","553","Reuse Bolt Strike (MOVE_BOLT_STRIKE) as the provisional DS animation; replace or customize during visual approval if needed.","Emergency rescue assignment. Analog: Bolt Strike. Confidence: medium. Basis: move type/category plus name/effect/tag similarity. This is an assigned DS-native visual, not claimed as the source game's original animation."
"SINGESLAYER","Singe Slayer","Fighting","Physical","","provisional direct hg-engine DS reuse assigned","animations/hg-engine/gen8/846.s","846","Reuse Triple Arrows (MOVE_TRIPLE_ARROWS) as the provisional DS animation; replace or customize during visual approval if needed.","Emergency rescue assignment. Analog: Triple Arrows. Confidence: high. Basis: move type/category plus name/effect/tag similarity. This is an assigned DS-native visual, not claimed as the source game's original animation."
"HUNTERSWILDS","Hunter's Wilds","Grass","Status","","provisional direct hg-engine DS reuse assigned","animations/hg-engine/gen6/599.s","599","Reuse Spiky Shield (MOVE_SPIKY_SHIELD) as the provisional DS animation; replace or customize during visual approval if needed.","Emergency rescue assignment. Analog: Spiky Shield. Confidence: high. Basis: move type/category plus name/effect/tag similarity. This is an assigned DS-native visual, not claimed as the source game's original animation."
"TERIUMPALM","Terium Palm","Psychic","Status","","provisional direct hg-engine DS reuse assigned","animations/hg-engine/gen5/473.s","473","Reuse Guard Split (MOVE_GUARD_SPLIT) as the provisional DS animation; replace or customize during visual approval if needed.","Emergency rescue assignment. Analog: Guard Split. Confidence: high. Basis: move type/category plus name/effect/tag similarity. This is an assigned DS-native visual, not claimed as the source game's original animation."
"TERRESTRIALCLAW","Terrestrial Claw","Dragon","Physical","","provisional direct hg-engine DS reuse assigned","animations/hg-engine/gen8/802.s","802","Reuse Scale Shot (MOVE_SCALE_SHOT) as the provisional DS animation; replace or customize during visual approval if needed.","Emergency rescue assignment. Analog: Scale Shot. Confidence: medium. Basis: move type/category plus name/effect/tag similarity. This is an assigned DS-native visual, not claimed as the source game's original animation."
"TRITIUMCANNON","Tritium Cannon","Fire","Special","","provisional direct hg-engine DS reuse assigned","animations/hg-engine/gen9/893.s","893","Reuse Armor Cannon (MOVE_ARMOR_CANNON) as the provisional DS animation; replace or customize during visual approval if needed.","Emergency rescue assignment. Analog: Armor Cannon. Confidence: high. Basis: move type/category plus name/effect/tag similarity. This is an assigned DS-native visual, not claimed as the source game's original animation."
"WHITEWRAITHS","White Wraiths","Ghost","Physical","","provisional direct hg-engine DS reuse assigned","animations/hg-engine/gen6/569.s","569","Reuse Phantom Force (MOVE_PHANTOM_FORCE) as the provisional DS animation; replace or customize during visual approval if needed.","Emergency rescue assignment. Analog: Phantom Force. Confidence: high. Basis: move type/category plus name/effect/tag similarity. This is an assigned DS-native visual, not claimed as the source game's original animation."
"SOULSUCKER","Soul Sucker","Ghost","Physical","","provisional direct hg-engine DS reuse assigned","animations/hg-engine/gen7/711.s","711","Reuse Shadow Bone (MOVE_SHADOW_BONE) as the provisional DS animation; replace or customize during visual approval if needed.","Emergency rescue assignment. Analog: Shadow Bone. Confidence: high. Basis: move type/category plus name/effect/tag similarity. This is an assigned DS-native visual, not claimed as the source game's original animation."
"SPECTRALHORDE","Spectral Horde","Ghost","Special","","provisional direct hg-engine DS reuse assigned","animations/hg-engine/gen7/717.s","717","Reuse Moongeist Beam (MOVE_MOONGEIST_BEAM) as the provisional DS animation; replace or customize during visual approval if needed.","Emergency rescue assignment. Analog: Moongeist Beam. Confidence: high. Basis: move type/category plus name/effect/tag similarity. This is an assigned DS-native visual, not claimed as the source game's original animation."
"SHATTERBLADE","Shatterblade","Ice","Physical","","provisional direct hg-engine DS reuse assigned","animations/hg-engine/gen8/816.s","816","Reuse Triple Axel (MOVE_TRIPLE_AXEL) as the provisional DS animation; replace or customize during visual approval if needed.","Emergency rescue assignment. Analog: Triple Axel. Confidence: high. Basis: move type/category plus name/effect/tag similarity. This is an assigned DS-native visual, not claimed as the source game's original animation."
"PYROCLASTICSWEEP","Pyroclastic Sweep","Fire","Physical","","provisional direct hg-engine DS reuse assigned","animations/hg-engine/gen7/683.s","683","Reuse Fire Lash (MOVE_FIRE_LASH) as the provisional DS animation; replace or customize during visual approval if needed.","Emergency rescue assignment. Analog: Fire Lash. Confidence: medium. Basis: move type/category plus name/effect/tag similarity. This is an assigned DS-native visual, not claimed as the source game's original animation."
"TORBIDVINESTORM","Torbid Vinestorm","Grass","Special","","provisional direct hg-engine DS reuse assigned","animations/hg-engine/gen5/523.s","523","Reuse Grass Pledge (MOVE_GRASS_PLEDGE) as the provisional DS animation; replace or customize during visual approval if needed.","Emergency rescue assignment. Analog: Grass Pledge. Confidence: high. Basis: move type/category plus name/effect/tag similarity. This is an assigned DS-native visual, not claimed as the source game's original animation."
"ARMAMENTSTRIKE","Armament Strike","Steel","Physical","","provisional direct hg-engine DS reuse assigned","animations/hg-engine/gen7/716.s","716","Reuse Sunsteel Strike (MOVE_SUNSTEEL_STRIKE) as the provisional DS animation; replace or customize during visual approval if needed.","Emergency rescue assignment. Analog: Sunsteel Strike. Confidence: high. Basis: move type/category plus name/effect/tag similarity. This is an assigned DS-native visual, not claimed as the source game's original animation."
"HANABIDANCE","Hanabi Dance","Fairy","Physical","","provisional direct hg-engine DS reuse assigned","animations/hg-engine/gen8/770.s","770","Reuse Max Starfall (MOVE_MAX_STARFALL) as the provisional DS animation; replace or customize during visual approval if needed.","Emergency rescue assignment. Analog: Max Starfall. Confidence: high. Basis: move type/category plus name/effect/tag similarity. This is an assigned DS-native visual, not claimed as the source game's original animation."
"IADOSGUARD","Iado's Guard","Steel","Status","","provisional direct hg-engine DS reuse assigned","animations/hg-engine/gen6/591.s","591","Reuse King’s Shield (MOVE_KINGS_SHIELD) as the provisional DS animation; replace or customize during visual approval if needed.","Emergency rescue assignment. Analog: King’s Shield. Confidence: high. Basis: move type/category plus name/effect/tag similarity. This is an assigned DS-native visual, not claimed as the source game's original animation."
"VENAMSKISS","Venam's Kiss","Poison","Physical","","provisional direct hg-engine DS reuse assigned","animations/hg-engine/gen8/842.s","842","Reuse Barb Barrage (MOVE_BARB_BARRAGE) as the provisional DS animation; replace or customize during visual approval if needed.","Emergency rescue assignment. Analog: Barb Barrage. Confidence: high. Basis: move type/category plus name/effect/tag similarity. This is an assigned DS-native visual, not claimed as the source game's original animation."
"GALESTRIKE","Gale Strike","Fighting","Physical","","provisional direct hg-engine DS reuse assigned","animations/hg-engine/gen6/563.s","563","Reuse Flying Press (MOVE_FLYING_PRESS) as the provisional DS animation; replace or customize during visual approval if needed.","Emergency rescue assignment. Analog: Flying Press. Confidence: high. Basis: move type/category plus name/effect/tag similarity. This is an assigned DS-native visual, not claimed as the source game's original animation."
"MULTIPULSE","Multipulse","Normal","Special","","provisional direct hg-engine DS reuse assigned","animations/hg-engine/gen8/808.s","808","Reuse Terrain Pulse (MOVE_TERRAIN_PULSE) as the provisional DS animation; replace or customize during visual approval if needed.","Emergency rescue assignment. Analog: Terrain Pulse. Confidence: high. Basis: move type/category plus name/effect/tag similarity. This is an assigned DS-native visual, not claimed as the source game's original animation."
"SPECTRALSCREAM","Spectral Scream","Ghost","Special","","provisional direct hg-engine DS reuse assigned","animations/hg-engine/gen8/844.s","844","Reuse Bitter Malice (MOVE_BITTER_MALICE) as the provisional DS animation; replace or customize during visual approval if needed.","Emergency rescue assignment. Analog: Bitter Malice. Confidence: high. Basis: move type/category plus name/effect/tag similarity. This is an assigned DS-native visual, not claimed as the source game's original animation."
"AQUABATICS","Aquabatics","Water","Status","","provisional direct hg-engine DS reuse assigned","animations/hg-engine/gen5/490.s","490","Reuse Soak (MOVE_SOAK) as the provisional DS animation; replace or customize during visual approval if needed.","Emergency rescue assignment. Analog: Soak. Confidence: high. Basis: move type/category plus name/effect/tag similarity. This is an assigned DS-native visual, not claimed as the source game's original animation."
"BARBEDWEB","Barbed Web","Bug","Physical","","provisional direct hg-engine DS reuse assigned","animations/hg-engine/gen6/568.s","568","Reuse Fell Stinger (MOVE_FELL_STINGER) as the provisional DS animation; replace or customize during visual approval if needed.","Emergency rescue assignment. Analog: Fell Stinger. Confidence: high. Basis: move type/category plus name/effect/tag similarity. This is an assigned DS-native visual, not claimed as the source game's original animation."
"COLDTRUTH","Cold Truth","Ice","Special","","provisional direct hg-engine DS reuse assigned","animations/hg-engine/gen6/576.s","576","Reuse Freeze-Dry (MOVE_FREEZE_DRY) as the provisional DS animation; replace or customize during visual approval if needed.","Emergency rescue assignment. Analog: Freeze-Dry. Confidence: high. Basis: move type/category plus name/effect/tag similarity. This is an assigned DS-native visual, not claimed as the source game's original animation."
"FEVERPITCH","Fever Pitch","Fire","Special","","provisional direct hg-engine DS reuse assigned","animations/hg-engine/gen9/874.s","874","Reuse Torch Song (MOVE_TORCH_SONG) as the provisional DS animation; replace or customize during visual approval if needed.","Emergency rescue assignment. Analog: Torch Song. Confidence: high. Basis: move type/category plus name/effect/tag similarity. This is an assigned DS-native visual, not claimed as the source game's original animation."
"THUNDERRAID","Thunder Raid","Electric","Physical","","provisional direct hg-engine DS reuse assigned","animations/hg-engine/gen7/732.s","732","Reuse Zippy Zap (MOVE_ZIPPY_ZAP) as the provisional DS animation; replace or customize during visual approval if needed.","Emergency rescue assignment. Analog: Zippy Zap. Confidence: high. Basis: move type/category plus name/effect/tag similarity. This is an assigned DS-native visual, not claimed as the source game's original animation."
"UPROOT","Uproot","Grass","Special","","provisional direct hg-engine DS reuse assigned","animations/hg-engine/gen9/905.s","905","Reuse Matcha Gotcha (MOVE_MATCHA_GOTCHA) as the provisional DS animation; replace or customize during visual approval if needed.","Emergency rescue assignment. Analog: Matcha Gotcha. Confidence: high. Basis: move type/category plus name/effect/tag similarity. This is an assigned DS-native visual, not claimed as the source game's original animation."
"BUNRAKUBEATDOWN","Bunraku Beatdown","Psychic","Special","","provisional direct hg-engine DS reuse assigned","animations/hg-engine/gen9/920.s","920","Reuse Psychic Noise (MOVE_PSYCHIC_NOISE) as the provisional DS animation; replace or customize during visual approval if needed.","Emergency rescue assignment. Analog: Psychic Noise. Confidence: high. Basis: move type/category plus name/effect/tag similarity. This is an assigned DS-native visual, not claimed as the source game's original animation."
"HEAVENLYWING","Heavenly Wing","Flying","Physical","","provisional direct hg-engine DS reuse assigned","animations/hg-engine/gen7/734.s","734","Reuse Floaty Fall (MOVE_FLOATY_FALL) as the provisional DS animation; replace or customize during visual approval if needed.","Emergency rescue assignment. Analog: Floaty Fall. Confidence: high. Basis: move type/category plus name/effect/tag similarity. This is an assigned DS-native visual, not claimed as the source game's original animation."
"MATRIXSHOT","Matrix Shot","Rock","Physical","","provisional direct hg-engine DS reuse assigned","animations/hg-engine/gen6/594.s","594","Reuse Diamond Storm (MOVE_DIAMOND_STORM) as the provisional DS animation; replace or customize during visual approval if needed.","Emergency rescue assignment. Analog: Diamond Storm. Confidence: high. Basis: move type/category plus name/effect/tag similarity. This is an assigned DS-native visual, not claimed as the source game's original animation."
"DESERTSMARK","Desert's Mark","Ground","Status","","provisional direct hg-engine DS reuse assigned","animations/hg-engine/gen7/662.s","662","Reuse Shore Up (MOVE_SHORE_UP) as the provisional DS animation; replace or customize during visual approval if needed.","Emergency rescue assignment. Analog: Shore Up. Confidence: high. Basis: move type/category plus name/effect/tag similarity. This is an assigned DS-native visual, not claimed as the source game's original animation."
"ULTRAMEGADEATH","Super Ultra Mega Death Move","Steel","Physical","","provisional direct hg-engine DS reuse assigned","animations/hg-engine/gen7/641.s","641","Reuse Corkscrew Crash (MOVE_CORKSCREW_CRASH_PHYSICAL) as the provisional DS animation; replace or customize during visual approval if needed.","Emergency rescue assignment. Analog: Corkscrew Crash. Confidence: high. Basis: move type/category plus name/effect/tag similarity. This is an assigned DS-native visual, not claimed as the source game's original animation."
"DECIMATION","Decimation","Dark","Special","","provisional direct hg-engine DS reuse assigned","animations/hg-engine/gen5/542.s","542","Reuse Night Daze (MOVE_NIGHT_DAZE) as the provisional DS animation; replace or customize during visual approval if needed.","Emergency rescue assignment. Analog: Night Daze. Confidence: high. Basis: move type/category plus name/effect/tag similarity. This is an assigned DS-native visual, not claimed as the source game's original animation."
"PYROKINESIS","Pyrokinesis","Psychic","Special","","provisional direct hg-engine DS reuse assigned","animations/hg-engine/gen8/824.s","824","Reuse Freezing Glare (MOVE_FREEZING_GLARE) as the provisional DS animation; replace or customize during visual approval if needed.","Emergency rescue assignment. Analog: Freezing Glare. Confidence: high. Basis: move type/category plus name/effect/tag similarity. This is an assigned DS-native visual, not claimed as the source game's original animation."
"ALPHASHOT","Alpha Shot","Normal","Special","","provisional direct hg-engine DS reuse assigned","animations/hg-engine/gen5/549.s","549","Reuse Techno Blast (MOVE_TECHNO_BLAST) as the provisional DS animation; replace or customize during visual approval if needed.","Emergency rescue assignment. Analog: Techno Blast. Confidence: high. Basis: move type/category plus name/effect/tag similarity. This is an assigned DS-native visual, not claimed as the source game's original animation."
"GILDEDARROW","Gilded Arrow","Normal","Special","","provisional direct hg-engine DS reuse assigned","animations/hg-engine/gen5/549.s","549","Reuse Techno Blast (MOVE_TECHNO_BLAST) as the provisional DS animation; replace or customize during visual approval if needed.","Emergency rescue assignment. Analog: Techno Blast. Confidence: high. Basis: move type/category plus name/effect/tag similarity. This is an assigned DS-native visual, not claimed as the source game's original animation."
"GILDEDHELIX","Gilded Helix","Normal","Special","","provisional direct hg-engine DS reuse assigned","animations/hg-engine/gen5/549.s","549","Reuse Techno Blast (MOVE_TECHNO_BLAST) as the provisional DS animation; replace or customize during visual approval if needed.","Emergency rescue assignment. Analog: Techno Blast. Confidence: high. Basis: move type/category plus name/effect/tag similarity. This is an assigned DS-native visual, not claimed as the source game's original animation."
"POISONSWEEP","Poison Sweep","Poison","Physical","","provisional direct hg-engine DS reuse assigned","animations/hg-engine/gen8/842.s","842","Reuse Barb Barrage (MOVE_BARB_BARRAGE) as the provisional DS animation; replace or customize during visual approval if needed.","Emergency rescue assignment. Analog: Barb Barrage. Confidence: high. Basis: move type/category plus name/effect/tag similarity. This is an assigned DS-native visual, not claimed as the source game's original animation."
"STACKINGSHOT","Stacking Shot","Fighting","Physical","","provisional direct hg-engine DS reuse assigned","animations/hg-engine/gen6/615.s","615","Reuse Power-Up Punch (MOVE_POWER_UP_PUNCH) as the provisional DS animation; replace or customize during visual approval if needed.","Emergency rescue assignment. Analog: Power-Up Punch. Confidence: high. Basis: move type/category plus name/effect/tag similarity. This is an assigned DS-native visual, not claimed as the source game's original animation."
"IRRITATION","Irritation","Bug","Special","","provisional direct hg-engine DS reuse assigned","animations/hg-engine/gen5/525.s","525","Reuse Struggle Bug (MOVE_STRUGGLE_BUG) as the provisional DS animation; replace or customize during visual approval if needed.","Emergency rescue assignment. Analog: Struggle Bug. Confidence: high. Basis: move type/category plus name/effect/tag similarity. This is an assigned DS-native visual, not claimed as the source game's original animation."
"MAGMADRIFT","Magma Drift","Fire","Special","","provisional direct hg-engine DS reuse assigned","animations/hg-engine/gen5/522.s","522","Reuse Fire Pledge (MOVE_FIRE_PLEDGE) as the provisional DS animation; replace or customize during visual approval if needed.","Emergency rescue assignment. Analog: Fire Pledge. Confidence: high. Basis: move type/category plus name/effect/tag similarity. This is an assigned DS-native visual, not claimed as the source game's original animation."
"DELUGE","Deluge","Water","Physical","","provisional direct hg-engine DS reuse assigned","animations/hg-engine/gen8/758.s","758","Reuse Fishious Rend (MOVE_FISHIOUS_REND) as the provisional DS animation; replace or customize during visual approval if needed.","Emergency rescue assignment. Analog: Fishious Rend. Confidence: high. Basis: move type/category plus name/effect/tag similarity. This is an assigned DS-native visual, not claimed as the source game's original animation."
"MUDBARRAGE","Mud Barrage","Ground","Special","","provisional direct hg-engine DS reuse assigned","animations/hg-engine/gen8/818.s","818","Reuse Scorching Sands (MOVE_SCORCHING_SANDS) as the provisional DS animation; replace or customize during visual approval if needed.","Emergency rescue assignment. Analog: Scorching Sands. Confidence: high. Basis: move type/category plus name/effect/tag similarity. This is an assigned DS-native visual, not claimed as the source game's original animation."
"SLASHANDBURN","Slash and Burn","Grass","Physical","","provisional direct hg-engine DS reuse assigned","animations/hg-engine/gen7/672.s","672","Reuse Solar Blade (MOVE_SOLAR_BLADE) as the provisional DS animation; replace or customize during visual approval if needed.","Emergency rescue assignment. Analog: Solar Blade. Confidence: high. Basis: move type/category plus name/effect/tag similarity. This is an assigned DS-native visual, not claimed as the source game's original animation."
"ARENITEWALL","Arenite Wall","Ground","Status","","provisional direct hg-engine DS reuse assigned","animations/hg-engine/gen7/662.s","662","Reuse Shore Up (MOVE_SHORE_UP) as the provisional DS animation; replace or customize during visual approval if needed.","Emergency rescue assignment. Analog: Shore Up. Confidence: high. Basis: move type/category plus name/effect/tag similarity. This is an assigned DS-native visual, not claimed as the source game's original animation."
"QUICKSILVERSPEAR","Quicksilver Spear","Steel","Physical","","provisional direct hg-engine DS reuse assigned","animations/hg-engine/gen9/862.s","862","Reuse Spin Out (MOVE_SPIN_OUT) as the provisional DS animation; replace or customize during visual approval if needed.","Emergency rescue assignment. Analog: Spin Out. Confidence: high. Basis: move type/category plus name/effect/tag similarity. This is an assigned DS-native visual, not claimed as the source game's original animation."
"SPARKLEON","Sparkle On","Fairy","Physical","","provisional direct hg-engine DS reuse assigned","animations/hg-engine/gen9/903.s","903","Reuse Magical Torque (MOVE_MAGICAL_TORQUE) as the provisional DS animation; replace or customize during visual approval if needed.","Emergency rescue assignment. Analog: Magical Torque. Confidence: high. Basis: move type/category plus name/effect/tag similarity. This is an assigned DS-native visual, not claimed as the source game's original animation."
"SOLARFLARE","Solar Flare","Fire","Physical","","provisional direct hg-engine DS reuse assigned","animations/hg-engine/gen8/783.s","783","Reuse Pyro Ball (MOVE_PYRO_BALL) as the provisional DS animation; replace or customize during visual approval if needed.","Emergency rescue assignment. Analog: Pyro Ball. Confidence: high. Basis: move type/category plus name/effect/tag similarity. This is an assigned DS-native visual, not claimed as the source game's original animation."
"HOARFROSTMOON","Hoarfrost Moon","Ice","Special","","provisional direct hg-engine DS reuse assigned","animations/hg-engine/gen7/742.s","742","Reuse Freezy Frost (MOVE_FREEZY_FROST) as the provisional DS animation; replace or customize during visual approval if needed.","Emergency rescue assignment. Analog: Freezy Frost. Confidence: high. Basis: move type/category plus name/effect/tag similarity. This is an assigned DS-native visual, not claimed as the source game's original animation."
"HEXINGSLASH","Hexing Slash","Ghost","Physical","","provisional direct hg-engine DS reuse assigned","animations/hg-engine/gen7/702.s","702","Reuse 7-Star Strike (MOVE_SOUL_STEALING_7_STAR_STRIKE) as the provisional DS animation; replace or customize during visual approval if needed.","Emergency rescue assignment. Analog: 7-Star Strike. Confidence: high. Basis: move type/category plus name/effect/tag similarity. This is an assigned DS-native visual, not claimed as the source game's original animation."
"WAKEUPSHOCK","Wake-Up Shock","Electric","Physical","","provisional direct hg-engine DS reuse assigned","animations/hg-engine/gen7/719.s","719","Reuse Zing Zap (MOVE_ZING_ZAP) as the provisional DS animation; replace or customize during visual approval if needed.","Emergency rescue assignment. Analog: Zing Zap. Confidence: high. Basis: move type/category plus name/effect/tag similarity. This is an assigned DS-native visual, not claimed as the source game's original animation."
"VILEASSAULT","Vile Assault","Poison","Physical","","provisional direct hg-engine DS reuse assigned","animations/hg-engine/gen8/830.s","830","Reuse Dire Claw (MOVE_DIRE_CLAW) as the provisional DS animation; replace or customize during visual approval if needed.","Emergency rescue assignment. Analog: Dire Claw. Confidence: high. Basis: move type/category plus name/effect/tag similarity. This is an assigned DS-native visual, not claimed as the source game's original animation."
"ETHEREALTEMPEST","Ethereal Tempest","Flying","Special","","provisional direct hg-engine DS reuse assigned","animations/hg-engine/gen5/545.s","545","Reuse Hurricane (MOVE_HURRICANE) as the provisional DS animation; replace or customize during visual approval if needed.","Emergency rescue assignment. Analog: Hurricane. Confidence: high. Basis: move type/category plus name/effect/tag similarity. This is an assigned DS-native visual, not claimed as the source game's original animation."
"MIRRORBEAM","Mirror Beam","Steel","Special","","provisional direct hg-engine DS reuse assigned","animations/hg-engine/gen8/799.s","799","Reuse Steel Beam (MOVE_STEEL_BEAM) as the provisional DS animation; replace or customize during visual approval if needed.","Emergency rescue assignment. Analog: Steel Beam. Confidence: high. Basis: move type/category plus name/effect/tag similarity. This is an assigned DS-native visual, not claimed as the source game's original animation."
"PROBOPOG","Probopass PogChampion","Normal","Special","","provisional direct hg-engine DS reuse assigned","animations/hg-engine/gen9/909.s","909","Reuse Tera Starstorm (MOVE_TERA_STARSTORM) as the provisional DS animation; replace or customize during visual approval if needed.","Emergency rescue assignment. Analog: Tera Starstorm. Confidence: high. Basis: move type/category plus name/effect/tag similarity. This is an assigned DS-native visual, not claimed as the source game's original animation."
"UNLEASHEDPOWER","Unleashed Power","Qmarks","Special","","provisional direct hg-engine DS reuse assigned","animations/hg-engine/gen8/798.s","798","Reuse Eternabeam (MOVE_ETERNABEAM) as the provisional DS animation; replace or customize during visual approval if needed.","Emergency rescue assignment. Analog: Eternabeam. Confidence: manual-rescue. Basis: move type/category plus name/effect/tag similarity; manually selected for custom/unknown source typing. This is an assigned DS-native visual, not claimed as the source game's original animation."
"BLINDINGSPEED","Blinding Speed","Qmarks","Physical","","provisional direct hg-engine DS reuse assigned","animations/hg-engine/gen7/712.s","712","Reuse Accelerock (MOVE_ACCELEROCK) as the provisional DS animation; replace or customize during visual approval if needed.","Emergency rescue assignment. Analog: Accelerock. Confidence: medium. Basis: move type/category plus name/effect/tag similarity. This is an assigned DS-native visual, not claimed as the source game's original animation."
"ELYSIANSHIELD","Elysian Shield","Fairy","Status","","provisional direct hg-engine DS reuse assigned","animations/hg-engine/gen6/581.s","581","Reuse Crafty Shield (MOVE_CRAFTY_SHIELD) as the provisional DS animation; replace or customize during visual approval if needed.","Emergency rescue assignment. Analog: Crafty Shield. Confidence: high. Basis: move type/category plus name/effect/tag similarity. This is an assigned DS-native visual, not claimed as the source game's original animation."
"CHTHONICMALADY","Chthonic Malady","Shadow","Status","","provisional direct hg-engine DS reuse assigned","animations/hg-engine/gen5/472.s","472","Reuse Wide Guard (MOVE_WIDE_GUARD) as the provisional DS animation; replace or customize during visual approval if needed.","Emergency rescue assignment. Analog: Wide Guard. Confidence: medium. Basis: move type/category plus name/effect/tag similarity. This is an assigned DS-native visual, not claimed as the source game's original animation."
"DOMAINSHIFT","Domain Shift","Qmarks","Status","","provisional direct hg-engine DS reuse assigned","animations/hg-engine/gen5/481.s","481","Reuse Magic Room (MOVE_MAGIC_ROOM) as the provisional DS animation; replace or customize during visual approval if needed.","Emergency rescue assignment. Analog: Magic Room. Confidence: manual-rescue. Basis: move type/category plus name/effect/tag similarity; manually selected for custom/unknown source typing. This is an assigned DS-native visual, not claimed as the source game's original animation."
"CORALBREAK","Coral Break","Water","Special","","provisional direct hg-engine DS reuse assigned","animations/hg-engine/gen5/506.s","506","Reuse Scald (MOVE_SCALD) as the provisional DS animation; replace or customize during visual approval if needed.","Emergency rescue assignment. Analog: Scald. Confidence: high. Basis: move type/category plus name/effect/tag similarity. This is an assigned DS-native visual, not claimed as the source game's original animation."
"ATOMICPUNCH","Atomic Punch","Nuclear","Physical","","provisional direct hg-engine DS reuse assigned","animations/hg-engine/gen9/860.s","860","Reuse Jet Punch (MOVE_JET_PUNCH) as the provisional DS animation; replace or customize during visual approval if needed.","Emergency rescue assignment. Analog: Jet Punch. Confidence: medium. Basis: move type/category plus name/effect/tag similarity. This is an assigned DS-native visual, not claimed as the source game's original animation."
"METALWHIP","Metal Whip","Steel","Physical","","provisional direct hg-engine DS reuse assigned","animations/hg-engine/gen8/777.s","777","Reuse Max Steelspike (MOVE_MAX_STEELSPIKE) as the provisional DS animation; replace or customize during visual approval if needed.","Emergency rescue assignment. Analog: Max Steelspike. Confidence: high. Basis: move type/category plus name/effect/tag similarity. This is an assigned DS-native visual, not claimed as the source game's original animation."
"SHUFFLE","Shuffle","Normal","Special","","provisional direct hg-engine DS reuse assigned","animations/hg-engine/gen5/499.s","499","Reuse Round (MOVE_ROUND) as the provisional DS animation; replace or customize during visual approval if needed.","Emergency rescue assignment. Analog: Round. Confidence: high. Basis: move type/category plus name/effect/tag similarity. This is an assigned DS-native visual, not claimed as the source game's original animation."
"NUCLEARWASTE","Nuclear Waste","Nuclear","Status","","provisional direct hg-engine DS reuse assigned","animations/hg-engine/gen7/664.s","664","Reuse Baneful Bunker (MOVE_BANEFUL_BUNKER) as the provisional DS animation; replace or customize during visual approval if needed.","Emergency rescue assignment. Analog: Baneful Bunker. Confidence: medium. Basis: move type/category plus name/effect/tag similarity. This is an assigned DS-native visual, not claimed as the source game's original animation."
"GAMMARAY","Gamma Ray","Nuclear","Special","","provisional direct hg-engine DS reuse assigned","animations/hg-engine/gen9/854.s","854","Reuse Tera Blast (MOVE_TERA_BLAST) as the provisional DS animation; replace or customize during visual approval if needed.","Emergency rescue assignment. Analog: Tera Blast. Confidence: medium. Basis: move type/category plus name/effect/tag similarity. This is an assigned DS-native visual, not claimed as the source game's original animation."
"RADIOACID","Radioacid","Nuclear","Special","","provisional direct hg-engine DS reuse assigned","animations/hg-engine/gen5/506.s","506","Reuse Scald (MOVE_SCALD) as the provisional DS animation; replace or customize during visual approval if needed.","Emergency rescue assignment. Analog: Scald. Confidence: medium. Basis: move type/category plus name/effect/tag similarity. This is an assigned DS-native visual, not claimed as the source game's original animation."
"SKYFALL","Sky Fall","Flying","Special","","provisional direct hg-engine DS reuse assigned","animations/hg-engine/gen8/849.s","849","Reuse BleakwindStorm (MOVE_BLEAKWIND_STORM) as the provisional DS animation; replace or customize during visual approval if needed.","Emergency rescue assignment. Analog: BleakwindStorm. Confidence: high. Basis: move type/category plus name/effect/tag similarity. This is an assigned DS-native visual, not claimed as the source game's original animation."
"FLAMEIMPACT","Flame Impact","Fire","Physical","","provisional direct hg-engine DS reuse assigned","animations/hg-engine/gen5/491.s","491","Reuse Flame Charge (MOVE_FLAME_CHARGE) as the provisional DS animation; replace or customize during visual approval if needed.","Emergency rescue assignment. Analog: Flame Charge. Confidence: high. Basis: move type/category plus name/effect/tag similarity. This is an assigned DS-native visual, not claimed as the source game's original animation."
"SUBDUCTION","Subduction","Ground","Physical","","provisional direct hg-engine DS reuse assigned","animations/hg-engine/gen6/617.s","617","Reuse Thousand Arrows (MOVE_THOUSAND_ARROWS) as the provisional DS animation; replace or customize during visual approval if needed.","Emergency rescue assignment. Analog: Thousand Arrows. Confidence: high. Basis: move type/category plus name/effect/tag similarity. This is an assigned DS-native visual, not claimed as the source game's original animation."
"INSTANTCRUSH","Instant Crush","Psychic","Special","","provisional direct hg-engine DS reuse assigned","animations/hg-engine/gen8/800.s","800","Reuse Expanding Force (MOVE_EXPANDING_FORCE) as the provisional DS animation; replace or customize during visual approval if needed.","Emergency rescue assignment. Analog: Expanding Force. Confidence: high. Basis: move type/category plus name/effect/tag similarity. This is an assigned DS-native visual, not claimed as the source game's original animation."
"GETLUCKY","Get Lucky","Psychic","Special","","provisional direct hg-engine DS reuse assigned","animations/hg-engine/gen9/920.s","920","Reuse Psychic Noise (MOVE_PSYCHIC_NOISE) as the provisional DS animation; replace or customize during visual approval if needed.","Emergency rescue assignment. Analog: Psychic Noise. Confidence: high. Basis: move type/category plus name/effect/tag similarity. This is an assigned DS-native visual, not claimed as the source game's original animation."
"LASERPULSE","Laser Pulse","Normal","Special","","provisional direct hg-engine DS reuse assigned","animations/hg-engine/gen5/549.s","549","Reuse Techno Blast (MOVE_TECHNO_BLAST) as the provisional DS animation; replace or customize during visual approval if needed.","Emergency rescue assignment. Analog: Techno Blast. Confidence: high. Basis: move type/category plus name/effect/tag similarity. This is an assigned DS-native visual, not claimed as the source game's original animation."
"GEMSTONEGLIMMER","Gemstone Glimmer","Rock","Special","","provisional direct hg-engine DS reuse assigned","animations/hg-engine/gen8/803.s","803","Reuse Meteor Beam (MOVE_METEOR_BEAM) as the provisional DS animation; replace or customize during visual approval if needed.","Emergency rescue assignment. Analog: Meteor Beam. Confidence: medium. Basis: move type/category plus name/effect/tag similarity. This is an assigned DS-native visual, not claimed as the source game's original animation."
"HALFLIFE","Half-life","Nuclear","Special","","provisional direct hg-engine DS reuse assigned","animations/hg-engine/gen9/880.s","880","Reuse Ruination (MOVE_RUINATION) as the provisional DS animation; replace or customize during visual approval if needed.","Emergency rescue assignment. Analog: Ruination. Confidence: medium. Basis: move type/category plus name/effect/tag similarity. This is an assigned DS-native visual, not claimed as the source game's original animation."
"OCEANSWRATH","Ocean's Wrath","Water","Special","","provisional direct hg-engine DS reuse assigned","animations/hg-engine/gen6/597.s","597","Reuse Water Shuriken (MOVE_WATER_SHURIKEN) as the provisional DS animation; replace or customize during visual approval if needed.","Emergency rescue assignment. Analog: Water Shuriken. Confidence: high. Basis: move type/category plus name/effect/tag similarity. This is an assigned DS-native visual, not claimed as the source game's original animation."
"FISSIONBURST","Fission Burst","Nuclear","Physical","","provisional direct hg-engine DS reuse assigned","animations/hg-engine/gen8/805.s","805","Reuse Misty Explosion (MOVE_MISTY_EXPLOSION) as the provisional DS animation; replace or customize during visual approval if needed.","Emergency rescue assignment. Analog: Misty Explosion. Confidence: manual-rescue. Basis: move type/category plus name/effect/tag similarity; manually selected for custom/unknown source typing. This is an assigned DS-native visual, not claimed as the source game's original animation."
"CAUSTICBREATH","Caustic Breath","Dragon","Special","","provisional direct hg-engine DS reuse assigned","animations/hg-engine/gen7/694.s","694","Reuse Clanging Scales (MOVE_CLANGING_SCALES) as the provisional DS animation; replace or customize during visual approval if needed.","Emergency rescue assignment. Analog: Clanging Scales. Confidence: high. Basis: move type/category plus name/effect/tag similarity. This is an assigned DS-native visual, not claimed as the source game's original animation."
"NUCLEARSLASH","Nuclear Slash","Nuclear","Physical","","provisional direct hg-engine DS reuse assigned","animations/hg-engine/gen6/622.s","622","Reuse PrecipiceBlades (MOVE_PRECIPICE_BLADES) as the provisional DS animation; replace or customize during visual approval if needed.","Emergency rescue assignment. Analog: PrecipiceBlades. Confidence: medium. Basis: move type/category plus name/effect/tag similarity. This is an assigned DS-native visual, not claimed as the source game's original animation."
"THUNDERSTORM","Thunderstorm","Electric","Status","","provisional direct hg-engine DS reuse assigned","animations/hg-engine/gen6/607.s","607","Reuse ElectricTerrain (MOVE_ELECTRIC_TERRAIN) as the provisional DS animation; replace or customize during visual approval if needed.","Emergency rescue assignment. Analog: ElectricTerrain. Confidence: high. Basis: move type/category plus name/effect/tag similarity. This is an assigned DS-native visual, not claimed as the source game's original animation."
"SUDDENSTRIKE","Sudden Strike","Dark","Physical","","provisional direct hg-engine DS reuse assigned","animations/hg-engine/gen8/820.s","820","Reuse Wicked Blow (MOVE_WICKED_BLOW) as the provisional DS animation; replace or customize during visual approval if needed.","Emergency rescue assignment. Analog: Wicked Blow. Confidence: high. Basis: move type/category plus name/effect/tag similarity. This is an assigned DS-native visual, not claimed as the source game's original animation."
"EXPUNGE","Expunge","Nuclear","Special","","provisional direct hg-engine DS reuse assigned","animations/hg-engine/gen7/690.s","690","Reuse Core Enforcer (MOVE_CORE_ENFORCER) as the provisional DS animation; replace or customize during visual approval if needed.","Emergency rescue assignment. Analog: Core Enforcer. Confidence: manual-rescue. Basis: move type/category plus name/effect/tag similarity; manually selected for custom/unknown source typing. This is an assigned DS-native visual, not claimed as the source game's original animation."
"FALLOUT","Fallout","Nuclear","Status","","provisional direct hg-engine DS reuse assigned","animations/hg-engine/gen6/582.s","582","Reuse Flower Shield (MOVE_FLOWER_SHIELD) as the provisional DS animation; replace or customize during visual approval if needed.","Emergency rescue assignment. Analog: Flower Shield. Confidence: medium. Basis: move type/category plus name/effect/tag similarity. This is an assigned DS-native visual, not claimed as the source game's original animation."
"PROTONBEAM","Proton Beam","Nuclear","Special","","provisional direct hg-engine DS reuse assigned","animations/hg-engine/gen7/708.s","708","Reuse Fleur Cannon (MOVE_FLEUR_CANNON) as the provisional DS animation; replace or customize during visual approval if needed.","Emergency rescue assignment. Analog: Fleur Cannon. Confidence: medium. Basis: move type/category plus name/effect/tag similarity. This is an assigned DS-native visual, not claimed as the source game's original animation."
"INFERNALBLADE","Infernal Blade","Fire","Physical","","provisional direct hg-engine DS reuse assigned","animations/hg-engine/gen7/738.s","738","Reuse Sizzly Slide (MOVE_SIZZLY_SLIDE) as the provisional DS animation; replace or customize during visual approval if needed.","Emergency rescue assignment. Analog: Sizzly Slide. Confidence: high. Basis: move type/category plus name/effect/tag similarity. This is an assigned DS-native visual, not claimed as the source game's original animation."
"QUANTUMLEAP","Quantum Leap","Nuclear","Physical","","provisional direct hg-engine DS reuse assigned","animations/hg-engine/gen7/672.s","672","Reuse Solar Blade (MOVE_SOLAR_BLADE) as the provisional DS animation; replace or customize during visual approval if needed.","Emergency rescue assignment. Analog: Solar Blade. Confidence: medium. Basis: move type/category plus name/effect/tag similarity. This is an assigned DS-native visual, not claimed as the source game's original animation."
"METALCRUNCHER","Metal Cruncher","Steel","Physical","","provisional direct hg-engine DS reuse assigned","animations/hg-engine/gen8/777.s","777","Reuse Max Steelspike (MOVE_MAX_STEELSPIKE) as the provisional DS animation; replace or customize during visual approval if needed.","Emergency rescue assignment. Analog: Max Steelspike. Confidence: high. Basis: move type/category plus name/effect/tag similarity. This is an assigned DS-native visual, not claimed as the source game's original animation."
"DRAINLIFE","Drain Life","Dark","Physical","","provisional direct hg-engine DS reuse assigned","animations/hg-engine/gen8/749.s","749","Reuse Jaw Lock (MOVE_JAW_LOCK) as the provisional DS animation; replace or customize during visual approval if needed.","Emergency rescue assignment. Analog: Jaw Lock. Confidence: high. Basis: move type/category plus name/effect/tag similarity. This is an assigned DS-native visual, not claimed as the source game's original animation."
"STICKYTERRAIN","Sticky Terrain","Poison","Status","","provisional direct hg-engine DS reuse assigned","animations/hg-engine/gen7/664.s","664","Reuse Baneful Bunker (MOVE_BANEFUL_BUNKER) as the provisional DS animation; replace or customize during visual approval if needed.","Emergency rescue assignment. Analog: Baneful Bunker. Confidence: high. Basis: move type/category plus name/effect/tag similarity. This is an assigned DS-native visual, not claimed as the source game's original animation."
"NUCLEARWIND","Nuclear Wind","Nuclear","Special","","provisional direct hg-engine DS reuse assigned","animations/hg-engine/gen8/843.s","843","Reuse Esper Wing (MOVE_ESPER_WING) as the provisional DS animation; replace or customize during visual approval if needed.","Emergency rescue assignment. Analog: Esper Wing. Confidence: medium. Basis: move type/category plus name/effect/tag similarity. This is an assigned DS-native visual, not claimed as the source game's original animation."
"ACHILLESHEEL","Achilles Heel","Normal","Physical","","provisional direct hg-engine DS reuse assigned","animations/hg-engine/gen8/763.s","763","Reuse Max Strike (MOVE_MAX_STRIKE) as the provisional DS animation; replace or customize during visual approval if needed.","Emergency rescue assignment. Analog: Max Strike. Confidence: medium. Basis: move type/category plus name/effect/tag similarity. This is an assigned DS-native visual, not claimed as the source game's original animation."
"ANCIENTROAR","Ancient Roar","Rock","Special","","provisional direct hg-engine DS reuse assigned","animations/hg-engine/gen8/803.s","803","Reuse Meteor Beam (MOVE_METEOR_BEAM) as the provisional DS animation; replace or customize during visual approval if needed.","Emergency rescue assignment. Analog: Meteor Beam. Confidence: medium. Basis: move type/category plus name/effect/tag similarity. This is an assigned DS-native visual, not claimed as the source game's original animation."
"CORRODE","Corrode","Poison","Special","","provisional direct hg-engine DS reuse assigned","animations/hg-engine/gen8/804.s","804","Reuse Shell Side Arm (MOVE_SHELL_SIDE_ARM) as the provisional DS animation; replace or customize during visual approval if needed.","Emergency rescue assignment. Analog: Shell Side Arm. Confidence: high. Basis: move type/category plus name/effect/tag similarity. This is an assigned DS-native visual, not claimed as the source game's original animation."
"CRYSTALRUSH","Crystal Rush","Crystal","Physical","","provisional direct hg-engine DS reuse assigned","animations/hg-engine/gen7/712.s","712","Reuse Accelerock (MOVE_ACCELEROCK) as the provisional DS animation; replace or customize during visual approval if needed.","Emergency rescue assignment. Analog: Accelerock. Confidence: medium. Basis: move type/category plus name/effect/tag similarity. This is an assigned DS-native visual, not claimed as the source game's original animation."
"DARKMATTER","Dark Matter","Dark","Special","","provisional direct hg-engine DS reuse assigned","animations/hg-engine/gen7/658.s","658","Reuse Black Eclipse (MOVE_BLACK_HOLE_ECLIPSE_SPECIAL) as the provisional DS animation; replace or customize during visual approval if needed.","Emergency rescue assignment. Analog: Black Eclipse. Confidence: high. Basis: move type/category plus name/effect/tag similarity. This is an assigned DS-native visual, not claimed as the source game's original animation."
"DRACOJET","Draco Jet","Dragon","Physical","","provisional direct hg-engine DS reuse assigned","animations/hg-engine/gen8/754.s","754","Reuse Dragon Darts (MOVE_DRAGON_DARTS) as the provisional DS animation; replace or customize during visual approval if needed.","Emergency rescue assignment. Analog: Dragon Darts. Confidence: high. Basis: move type/category plus name/effect/tag similarity. This is an assigned DS-native visual, not claimed as the source game's original animation."
"DRAGONIFY","Dragonify","Dragon","Status","","provisional direct hg-engine DS reuse assigned","animations/hg-engine/gen9/916.s","916","Reuse Dragon Cheer (MOVE_DRAGON_CHEER) as the provisional DS animation; replace or customize during visual approval if needed.","Emergency rescue assignment. Analog: Dragon Cheer. Confidence: high. Basis: move type/category plus name/effect/tag similarity. This is an assigned DS-native visual, not claimed as the source game's original animation."
"DRAKONVOICE","Drakon Voice","Dragon","Special","","provisional direct hg-engine DS reuse assigned","animations/hg-engine/gen7/731.s","731","Reuse Soulblaze (MOVE_CLANGOROUS_SOULBLAZE) as the provisional DS animation; replace or customize during visual approval if needed.","Emergency rescue assignment. Analog: Soulblaze. Confidence: medium. Basis: move type/category plus name/effect/tag similarity. This is an assigned DS-native visual, not claimed as the source game's original animation."
"JETSTREAM","Jet Stream","Dragon","Status","","provisional direct hg-engine DS reuse assigned","animations/hg-engine/gen8/778.s","778","Reuse Clangorous Soul (MOVE_CLANGOROUS_SOUL) as the provisional DS animation; replace or customize during visual approval if needed.","Emergency rescue assignment. Analog: Clangorous Soul. Confidence: medium. Basis: move type/category plus name/effect/tag similarity. This is an assigned DS-native visual, not claimed as the source game's original animation."
"LIVEWIRE","Livewire","Electric","Status","","provisional direct hg-engine DS reuse assigned","animations/hg-engine/gen6/607.s","607","Reuse ElectricTerrain (MOVE_ELECTRIC_TERRAIN) as the provisional DS animation; replace or customize during visual approval if needed.","Emergency rescue assignment. Analog: ElectricTerrain. Confidence: high. Basis: move type/category plus name/effect/tag similarity. This is an assigned DS-native visual, not claimed as the source game's original animation."
"LUNARCANNON","Lunar Cannon","Dark","Special","","provisional direct hg-engine DS reuse assigned","animations/hg-engine/gen9/880.s","880","Reuse Ruination (MOVE_RUINATION) as the provisional DS animation; replace or customize during visual approval if needed.","Emergency rescue assignment. Analog: Ruination. Confidence: medium. Basis: move type/category plus name/effect/tag similarity. This is an assigned DS-native visual, not claimed as the source game's original animation."
"MEDUSARAY","Medusa Ray","Rock","Status","","provisional direct hg-engine DS reuse assigned","animations/hg-engine/gen8/752.s","752","Reuse Tar Shot (MOVE_TAR_SHOT) as the provisional DS animation; replace or customize during visual approval if needed.","Emergency rescue assignment. Analog: Tar Shot. Confidence: high. Basis: move type/category plus name/effect/tag similarity. This is an assigned DS-native visual, not claimed as the source game's original animation."
"MORPH","Morph","Normal","Status","","provisional direct hg-engine DS reuse assigned","animations/hg-engine/gen5/478.s","478","Reuse Autotomize (MOVE_AUTOTOMIZE) as the provisional DS animation; replace or customize during visual approval if needed.","Emergency rescue assignment. Analog: Autotomize. Confidence: medium. Basis: move type/category plus name/effect/tag similarity. This is an assigned DS-native visual, not claimed as the source game's original animation."
"NANOREPAIR","Nanorepair","Steel","Status","","provisional direct hg-engine DS reuse assigned","animations/hg-engine/gen8/845.s","845","Reuse Shelter (MOVE_SHELTER) as the provisional DS animation; replace or customize during visual approval if needed.","Emergency rescue assignment. Analog: Shelter. Confidence: high. Basis: move type/category plus name/effect/tag similarity. This is an assigned DS-native visual, not claimed as the source game's original animation."
"NEWMOON","New Moon","Dark","Status","","provisional direct hg-engine DS reuse assigned","animations/hg-engine/gen6/579.s","579","Reuse Topsy-Turvy (MOVE_TOPSY_TURVY) as the provisional DS animation; replace or customize during visual approval if needed.","Emergency rescue assignment. Analog: Topsy-Turvy. Confidence: high. Basis: move type/category plus name/effect/tag similarity. This is an assigned DS-native visual, not claimed as the source game's original animation."
"PERMAFROST","Permafrost","Ice","Status","","provisional direct hg-engine DS reuse assigned","animations/hg-engine/gen7/697.s","697","Reuse Aurora Veil (MOVE_AURORA_VEIL) as the provisional DS animation; replace or customize during visual approval if needed.","Emergency rescue assignment. Analog: Aurora Veil. Confidence: high. Basis: move type/category plus name/effect/tag similarity. This is an assigned DS-native visual, not claimed as the source game's original animation."
"RETROGRADE","Retrograde","Normal","Status","","provisional direct hg-engine DS reuse assigned","animations/hg-engine/gen7/705.s","705","Reuse ExtremeEvoboost (MOVE_EXTREME_EVOBOOST) as the provisional DS animation; replace or customize during visual approval if needed.","Emergency rescue assignment. Analog: ExtremeEvoboost. Confidence: high. Basis: move type/category plus name/effect/tag similarity. This is an assigned DS-native visual, not claimed as the source game's original animation."
"SPIRITAWAY","Spirit Away","Fairy","Physical","","provisional direct hg-engine DS reuse assigned","animations/hg-engine/gen8/792.s","792","Reuse Spirit Break (MOVE_SPIRIT_BREAK) as the provisional DS animation; replace or customize during visual approval if needed.","Emergency rescue assignment. Analog: Spirit Break. Confidence: high. Basis: move type/category plus name/effect/tag similarity. This is an assigned DS-native visual, not claimed as the source game's original animation."
"STEALTHCOAL","Stealth Coal","Fire","Status","","provisional direct hg-engine DS reuse assigned","animations/hg-engine/gen9/911.s","911","Reuse Burning Bulwark (MOVE_BURNING_BULWARK) as the provisional DS animation; replace or customize during visual approval if needed.","Emergency rescue assignment. Analog: Burning Bulwark. Confidence: high. Basis: move type/category plus name/effect/tag similarity. This is an assigned DS-native visual, not claimed as the source game's original animation."
"WILDFIRE","Wildfire","Fire","Status","","provisional direct hg-engine DS reuse assigned","animations/hg-engine/gen9/911.s","911","Reuse Burning Bulwark (MOVE_BURNING_BULWARK) as the provisional DS animation; replace or customize during visual approval if needed.","Emergency rescue assignment. Analog: Burning Bulwark. Confidence: high. Basis: move type/category plus name/effect/tag similarity. This is an assigned DS-native visual, not claimed as the source game's original animation."
"WORMHOLE","Wormhole","Psychic","Special","","provisional direct hg-engine DS reuse assigned","animations/hg-engine/gen9/891.s","891","Reuse Twin Beam (MOVE_TWIN_BEAM) as the provisional DS animation; replace or customize during visual approval if needed.","Emergency rescue assignment. Analog: Twin Beam. Confidence: medium. Basis: move type/category plus name/effect/tag similarity. This is an assigned DS-native visual, not claimed as the source game's original animation."
"ZOMBIESTRIKE","Zombie Strike","Ghost","Physical","","provisional direct hg-engine DS reuse assigned","animations/hg-engine/gen7/715.s","715","Reuse Spectral Thief (MOVE_SPECTRAL_THIEF) as the provisional DS animation; replace or customize during visual approval if needed.","Emergency rescue assignment. Analog: Spectral Thief. Confidence: medium. Basis: move type/category plus name/effect/tag similarity. This is an assigned DS-native visual, not claimed as the source game's original animation."
"SLEAZYSPORES","Sleazy Spores","Grass","Status","","provisional direct hg-engine DS reuse assigned","animations/hg-engine/gen6/574.s","574","Reuse Forest’s Curse (MOVE_FORESTS_CURSE) as the provisional DS animation; replace or customize during visual approval if needed.","Emergency rescue assignment. Analog: Forest’s Curse. Confidence: high. Basis: move type/category plus name/effect/tag similarity. This is an assigned DS-native visual, not claimed as the source game's original animation."
"SLIMEGULP","Slime Gulp","Poison","Physical","","provisional direct hg-engine DS reuse assigned","animations/hg-engine/gen8/830.s","830","Reuse Dire Claw (MOVE_DIRE_CLAW) as the provisional DS animation; replace or customize during visual approval if needed.","Emergency rescue assignment. Analog: Dire Claw. Confidence: high. Basis: move type/category plus name/effect/tag similarity. This is an assigned DS-native visual, not claimed as the source game's original animation."
"FRUITPUNCH","Fruit Punch","Fairy","Physical","","provisional direct hg-engine DS reuse assigned","animations/hg-engine/gen8/792.s","792","Reuse Spirit Break (MOVE_SPIRIT_BREAK) as the provisional DS animation; replace or customize during visual approval if needed.","Emergency rescue assignment. Analog: Spirit Break. Confidence: high. Basis: move type/category plus name/effect/tag similarity. This is an assigned DS-native visual, not claimed as the source game's original animation."
"DRAGONFIST","Dragon Fist","Dragon","Physical","","provisional direct hg-engine DS reuse assigned","animations/hg-engine/gen7/695.s","695","Reuse Dragon Hammer (MOVE_DRAGON_HAMMER) as the provisional DS animation; replace or customize during visual approval if needed.","Emergency rescue assignment. Analog: Dragon Hammer. Confidence: high. Basis: move type/category plus name/effect/tag similarity. This is an assigned DS-native visual, not claimed as the source game's original animation."
"LICKCLEAN","Lick Clean","Water","Physical","","provisional direct hg-engine DS reuse assigned","animations/hg-engine/gen8/821.s","821","Reuse Surging Strikes (MOVE_SURGING_STRIKES) as the provisional DS animation; replace or customize during visual approval if needed.","Emergency rescue assignment. Analog: Surging Strikes. Confidence: medium. Basis: move type/category plus name/effect/tag similarity. This is an assigned DS-native visual, not claimed as the source game's original animation."
"SPEEDWEED","Speed Weed","Grass","Physical","","provisional direct hg-engine DS reuse assigned","animations/hg-engine/gen9/888.s","888","Reuse Trailblaze (MOVE_TRAILBLAZE) as the provisional DS animation; replace or customize during visual approval if needed.","Emergency rescue assignment. Analog: Trailblaze. Confidence: high. Basis: move type/category plus name/effect/tag similarity. This is an assigned DS-native visual, not claimed as the source game's original animation."
"OVERBITE","Overbite","Dark","Physical","","provisional direct hg-engine DS reuse assigned","animations/hg-engine/gen8/749.s","749","Reuse Jaw Lock (MOVE_JAW_LOCK) as the provisional DS animation; replace or customize during visual approval if needed.","Emergency rescue assignment. Analog: Jaw Lock. Confidence: medium. Basis: move type/category plus name/effect/tag similarity. This is an assigned DS-native visual, not claimed as the source game's original animation."
"1000FOLDS","1000 Folds","Steel","Physical","","provisional direct hg-engine DS reuse assigned","animations/hg-engine/gen7/687.s","687","Reuse Smart Strike (MOVE_SMART_STRIKE) as the provisional DS animation; replace or customize during visual approval if needed.","Emergency rescue assignment. Analog: Smart Strike. Confidence: medium. Basis: move type/category plus name/effect/tag similarity. This is an assigned DS-native visual, not claimed as the source game's original animation."
"WARHEAD","Warhead","Steel","Special","","provisional direct hg-engine DS reuse assigned","animations/hg-engine/gen9/877.s","877","Reuse Make It Rain (MOVE_MAKE_IT_RAIN) as the provisional DS animation; replace or customize during visual approval if needed.","Emergency rescue assignment. Analog: Make It Rain. Confidence: medium. Basis: move type/category plus name/effect/tag similarity. This is an assigned DS-native visual, not claimed as the source game's original animation."
"WEIRDFLEX","Weird Flex","Fighting","Status","","provisional direct hg-engine DS reuse assigned","animations/hg-engine/gen5/504.s","504","Reuse Quick Guard (MOVE_QUICK_GUARD) as the provisional DS animation; replace or customize during visual approval if needed.","Emergency rescue assignment. Analog: Quick Guard. Confidence: high. Basis: move type/category plus name/effect/tag similarity. This is an assigned DS-native visual, not claimed as the source game's original animation."
"HULKUP","Hulk Up","Fighting","Status","","provisional direct hg-engine DS reuse assigned","animations/hg-engine/gen6/564.s","564","Reuse Mat Block (MOVE_MAT_BLOCK) as the provisional DS animation; replace or customize during visual approval if needed.","Emergency rescue assignment. Analog: Mat Block. Confidence: medium. Basis: move type/category plus name/effect/tag similarity. This is an assigned DS-native visual, not claimed as the source game's original animation."
"FOCUSMUNCH","Focus Munch","Fighting","Status","","provisional direct hg-engine DS reuse assigned","animations/hg-engine/gen5/504.s","504","Reuse Quick Guard (MOVE_QUICK_GUARD) as the provisional DS animation; replace or customize during visual approval if needed.","Emergency rescue assignment. Analog: Quick Guard. Confidence: high. Basis: move type/category plus name/effect/tag similarity. This is an assigned DS-native visual, not claimed as the source game's original animation."
"MOP","Mop","Fairy","Status","","provisional direct hg-engine DS reuse assigned","animations/hg-engine/gen6/584.s","584","Reuse Misty Terrain (MOVE_MISTY_TERRAIN) as the provisional DS animation; replace or customize during visual approval if needed.","Emergency rescue assignment. Analog: Misty Terrain. Confidence: high. Basis: move type/category plus name/effect/tag similarity. This is an assigned DS-native visual, not claimed as the source game's original animation."
"QUICKSAND","Quick Sand","Ground","Physical","","provisional direct hg-engine DS reuse assigned","animations/hg-engine/gen5/526.s","526","Reuse Bulldoze (MOVE_BULLDOZE) as the provisional DS animation; replace or customize during visual approval if needed.","Emergency rescue assignment. Analog: Bulldoze. Confidence: high. Basis: move type/category plus name/effect/tag similarity. This is an assigned DS-native visual, not claimed as the source game's original animation."
"THINKFAST","Think Fast","Psychic","Special","","provisional direct hg-engine DS reuse assigned","animations/hg-engine/gen9/891.s","891","Reuse Twin Beam (MOVE_TWIN_BEAM) as the provisional DS animation; replace or customize during visual approval if needed.","Emergency rescue assignment. Analog: Twin Beam. Confidence: medium. Basis: move type/category plus name/effect/tag similarity. This is an assigned DS-native visual, not claimed as the source game's original animation."
"BOLTBEAM","Boltbeam","Electric","Special","","provisional direct hg-engine DS reuse assigned","animations/hg-engine/gen5/562.s","562","Reuse Fusion Bolt (MOVE_FUSION_BOLT) as the provisional DS animation; replace or customize during visual approval if needed.","Emergency rescue assignment. Analog: Fusion Bolt. Confidence: high. Basis: move type/category plus name/effect/tag similarity. This is an assigned DS-native visual, not claimed as the source game's original animation."
"CHECKEM","Check 'Em","Psychic","Special","","provisional direct hg-engine DS reuse assigned","animations/hg-engine/gen5/503.s","503","Reuse Stored Power (MOVE_STORED_POWER) as the provisional DS animation; replace or customize during visual approval if needed.","Emergency rescue assignment. Analog: Stored Power. Confidence: medium. Basis: move type/category plus name/effect/tag similarity. This is an assigned DS-native visual, not claimed as the source game's original animation."
"PIXIEPUMMEL","Pixie Pummel","Fairy","Physical","","provisional direct hg-engine DS reuse assigned","animations/hg-engine/gen9/903.s","903","Reuse Magical Torque (MOVE_MAGICAL_TORQUE) as the provisional DS animation; replace or customize during visual approval if needed.","Emergency rescue assignment. Analog: Magical Torque. Confidence: medium. Basis: move type/category plus name/effect/tag similarity. This is an assigned DS-native visual, not claimed as the source game's original animation."
"GAYAGENDA","Gay Agenda","Fairy","Status","","provisional direct hg-engine DS reuse assigned","animations/hg-engine/gen6/581.s","581","Reuse Crafty Shield (MOVE_CRAFTY_SHIELD) as the provisional DS animation; replace or customize during visual approval if needed.","Emergency rescue assignment. Analog: Crafty Shield. Confidence: high. Basis: move type/category plus name/effect/tag similarity. This is an assigned DS-native visual, not claimed as the source game's original animation."
"SPOOPERPOWER","Spooperpower","Ghost","Special","","provisional direct hg-engine DS reuse assigned","animations/hg-engine/gen7/717.s","717","Reuse Moongeist Beam (MOVE_MOONGEIST_BEAM) as the provisional DS animation; replace or customize during visual approval if needed.","Emergency rescue assignment. Analog: Moongeist Beam. Confidence: medium. Basis: move type/category plus name/effect/tag similarity. This is an assigned DS-native visual, not claimed as the source game's original animation."
"GREATRAGE","Great Rage","Grass","Physical","","provisional direct hg-engine DS reuse assigned","animations/hg-engine/gen7/672.s","672","Reuse Solar Blade (MOVE_SOLAR_BLADE) as the provisional DS animation; replace or customize during visual approval if needed.","Emergency rescue assignment. Analog: Solar Blade. Confidence: medium. Basis: move type/category plus name/effect/tag similarity. This is an assigned DS-native visual, not claimed as the source game's original animation."
"WOWWIENER","Wow Wiener","Fire","Special","","provisional direct hg-engine DS reuse assigned","animations/hg-engine/gen5/513.s","513","Reuse Incinerate (MOVE_INCINERATE) as the provisional DS animation; replace or customize during visual approval if needed.","Emergency rescue assignment. Analog: Incinerate. Confidence: medium. Basis: move type/category plus name/effect/tag similarity. This is an assigned DS-native visual, not claimed as the source game's original animation."
"PLUNDER","Plunder","Water","Physical","","provisional direct hg-engine DS reuse assigned","animations/hg-engine/gen8/837.s","837","Reuse Wave Crash (MOVE_WAVE_CRASH) as the provisional DS animation; replace or customize during visual approval if needed.","Emergency rescue assignment. Analog: Wave Crash. Confidence: medium. Basis: move type/category plus name/effect/tag similarity. This is an assigned DS-native visual, not claimed as the source game's original animation."
"BLOBBYBOP","Blobby Bop","Ice","Physical","","provisional direct hg-engine DS reuse assigned","animations/hg-engine/gen9/864.s","864","Reuse Ice Spinner (MOVE_ICE_SPINNER) as the provisional DS animation; replace or customize during visual approval if needed.","Emergency rescue assignment. Analog: Ice Spinner. Confidence: medium. Basis: move type/category plus name/effect/tag similarity. This is an assigned DS-native visual, not claimed as the source game's original animation."
"BANHAMMER","Ban Hammer","Normal","Physical","","provisional direct hg-engine DS reuse assigned","animations/hg-engine/gen8/763.s","763","Reuse Max Strike (MOVE_MAX_STRIKE) as the provisional DS animation; replace or customize during visual approval if needed.","Emergency rescue assignment. Analog: Max Strike. Confidence: medium. Basis: move type/category plus name/effect/tag similarity. This is an assigned DS-native visual, not claimed as the source game's original animation."
"HOMERUNBAT","Homerun Bat","Normal","Physical","","provisional direct hg-engine DS reuse assigned","animations/hg-engine/gen8/763.s","763","Reuse Max Strike (MOVE_MAX_STRIKE) as the provisional DS animation; replace or customize during visual approval if needed.","Emergency rescue assignment. Analog: Max Strike. Confidence: medium. Basis: move type/category plus name/effect/tag similarity. This is an assigned DS-native visual, not claimed as the source game's original animation."
"ELBOWDROP","Elbow Drop","Ghost","Physical","","provisional direct hg-engine DS reuse assigned","animations/hg-engine/gen8/812.s","812","Reuse Poltergeist (MOVE_POLTERGEIST) as the provisional DS animation; replace or customize during visual approval if needed.","Emergency rescue assignment. Analog: Poltergeist. Confidence: medium. Basis: move type/category plus name/effect/tag similarity. This is an assigned DS-native visual, not claimed as the source game's original animation."
"ANATTACK","An Attack","???","Physical","","provisional direct hg-engine DS reuse assigned","animations/hg-engine/gen9/881.s","881","Reuse ColisionCourse (MOVE_COLLISION_COURSE) as the provisional DS animation; replace or customize during visual approval if needed.","Emergency rescue assignment. Analog: ColisionCourse. Confidence: manual-rescue. Basis: move type/category plus name/effect/tag similarity; manually selected for custom/unknown source typing. This is an assigned DS-native visual, not claimed as the source game's original animation."
"CHAOSDUNK","Chaos Dunk","Rock","Physical","","provisional direct hg-engine DS reuse assigned","animations/hg-engine/gen9/913.s","913","Reuse Mighty Cleave (MOVE_MIGHTY_CLEAVE) as the provisional DS animation; replace or customize during visual approval if needed.","Emergency rescue assignment. Analog: Mighty Cleave. Confidence: medium. Basis: move type/category plus name/effect/tag similarity. This is an assigned DS-native visual, not claimed as the source game's original animation."
"COMENGO","Come n' Go","Water","Special","","provisional direct hg-engine DS reuse assigned","animations/hg-engine/gen6/597.s","597","Reuse Water Shuriken (MOVE_WATER_SHURIKEN) as the provisional DS animation; replace or customize during visual approval if needed.","Emergency rescue assignment. Analog: Water Shuriken. Confidence: medium. Basis: move type/category plus name/effect/tag similarity. This is an assigned DS-native visual, not claimed as the source game's original animation."
"DAILYDOSE","Daily Dose","Poison","Special","","provisional direct hg-engine DS reuse assigned","animations/hg-engine/gen5/485.s","485","Reuse Sludge Wave (MOVE_SLUDGE_WAVE) as the provisional DS animation; replace or customize during visual approval if needed.","Emergency rescue assignment. Analog: Sludge Wave. Confidence: high. Basis: move type/category plus name/effect/tag similarity. This is an assigned DS-native visual, not claimed as the source game's original animation."
"DECAYDRAIN","Decay Drain","Poison","Physical","","provisional direct hg-engine DS reuse assigned","animations/hg-engine/gen9/901.s","901","Reuse Noxious Torque (MOVE_NOXIOUS_TORQUE) as the provisional DS animation; replace or customize during visual approval if needed.","Emergency rescue assignment. Analog: Noxious Torque. Confidence: medium. Basis: move type/category plus name/effect/tag similarity. This is an assigned DS-native visual, not claimed as the source game's original animation."
"DILDOCANNON","Dildo Cannon","Dragon","Physical","","provisional direct hg-engine DS reuse assigned","animations/hg-engine/gen8/802.s","802","Reuse Scale Shot (MOVE_SCALE_SHOT) as the provisional DS animation; replace or customize during visual approval if needed.","Emergency rescue assignment. Analog: Scale Shot. Confidence: high. Basis: move type/category plus name/effect/tag similarity. This is an assigned DS-native visual, not claimed as the source game's original animation."
"ENEMA","Enema","Grass","Physical","","provisional direct hg-engine DS reuse assigned","animations/hg-engine/gen7/741.s","741","Reuse Sappy Seed (MOVE_SAPPY_SEED) as the provisional DS animation; replace or customize during visual approval if needed.","Emergency rescue assignment. Analog: Sappy Seed. Confidence: high. Basis: move type/category plus name/effect/tag similarity. This is an assigned DS-native visual, not claimed as the source game's original animation."
"EROSIONWAVE","Erosion Wave","Rock","Special","","provisional direct hg-engine DS reuse assigned","animations/hg-engine/gen8/803.s","803","Reuse Meteor Beam (MOVE_METEOR_BEAM) as the provisional DS animation; replace or customize during visual approval if needed.","Emergency rescue assignment. Analog: Meteor Beam. Confidence: medium. Basis: move type/category plus name/effect/tag similarity. This is an assigned DS-native visual, not claimed as the source game's original animation."
"FALCONPUNCH","Falcon Punch","Flying","Physical","","provisional direct hg-engine DS reuse assigned","animations/hg-engine/gen7/734.s","734","Reuse Floaty Fall (MOVE_FLOATY_FALL) as the provisional DS animation; replace or customize during visual approval if needed.","Emergency rescue assignment. Analog: Floaty Fall. Confidence: high. Basis: move type/category plus name/effect/tag similarity. This is an assigned DS-native visual, not claimed as the source game's original animation."
"FIREBOMB","Fire Bomb","Fire","Physical","","provisional direct hg-engine DS reuse assigned","animations/hg-engine/gen8/760.s","760","Reuse Max Flare (MOVE_MAX_FLARE) as the provisional DS animation; replace or customize during visual approval if needed.","Emergency rescue assignment. Analog: Max Flare. Confidence: high. Basis: move type/category plus name/effect/tag similarity. This is an assigned DS-native visual, not claimed as the source game's original animation."
"FIZZBITCH","Fizzbitch","Grass","Special","","provisional direct hg-engine DS reuse assigned","animations/hg-engine/gen8/838.s","838","Reuse Chloroblast (MOVE_CHLOROBLAST) as the provisional DS animation; replace or customize during visual approval if needed.","Emergency rescue assignment. Analog: Chloroblast. Confidence: high. Basis: move type/category plus name/effect/tag similarity. This is an assigned DS-native visual, not claimed as the source game's original animation."
"FORYOU","For You","Fighting","Physical","","provisional direct hg-engine DS reuse assigned","animations/hg-engine/gen8/826.s","826","Reuse Thunderous Kick (MOVE_THUNDEROUS_KICK) as the provisional DS animation; replace or customize during visual approval if needed.","Emergency rescue assignment. Analog: Thunderous Kick. Confidence: high. Basis: move type/category plus name/effect/tag similarity. This is an assigned DS-native visual, not claimed as the source game's original animation."
"FUTABABREAK","Futaba Break","Grass","Physical","","provisional direct hg-engine DS reuse assigned","animations/hg-engine/gen6/575.s","575","Reuse Petal Blizzard (MOVE_PETAL_BLIZZARD) as the provisional DS animation; replace or customize during visual approval if needed.","Emergency rescue assignment. Analog: Petal Blizzard. Confidence: medium. Basis: move type/category plus name/effect/tag similarity. This is an assigned DS-native visual, not claimed as the source game's original animation."
"HOLYDUTY","Holy Duty","Fire","Special","","provisional direct hg-engine DS reuse assigned","animations/hg-engine/gen7/707.s","707","Reuse Shell Trap (MOVE_SHELL_TRAP) as the provisional DS animation; replace or customize during visual approval if needed.","Emergency rescue assignment. Analog: Shell Trap. Confidence: medium. Basis: move type/category plus name/effect/tag similarity. This is an assigned DS-native visual, not claimed as the source game's original animation."
"LACTOSESHOT","Lactose Shot","Fairy","Special","","provisional direct hg-engine DS reuse assigned","animations/hg-engine/gen7/708.s","708","Reuse Fleur Cannon (MOVE_FLEUR_CANNON) as the provisional DS animation; replace or customize during visual approval if needed.","Emergency rescue assignment. Analog: Fleur Cannon. Confidence: high. Basis: move type/category plus name/effect/tag similarity. This is an assigned DS-native visual, not claimed as the source game's original animation."
"MEME","Meme","???","Special","","provisional direct hg-engine DS reuse assigned","animations/hg-engine/gen9/854.s","854","Reuse Tera Blast (MOVE_TERA_BLAST) as the provisional DS animation; replace or customize during visual approval if needed.","Emergency rescue assignment. Analog: Tera Blast. Confidence: manual-rescue. Basis: move type/category plus name/effect/tag similarity; manually selected for custom/unknown source typing. This is an assigned DS-native visual, not claimed as the source game's original animation."
"OVERENERGIZE","Overenergize","Electric","Special","","provisional direct hg-engine DS reuse assigned","animations/hg-engine/gen9/908.s","908","Reuse Electro Shot (MOVE_ELECTRO_SHOT) as the provisional DS animation; replace or customize during visual approval if needed.","Emergency rescue assignment. Analog: Electro Shot. Confidence: medium. Basis: move type/category plus name/effect/tag similarity. This is an assigned DS-native visual, not claimed as the source game's original animation."
"OWTHEEDGE","Ow The Edge","Dark","Physical","","provisional direct hg-engine DS reuse assigned","animations/hg-engine/gen8/848.s","848","Reuse Ceaseless Edge (MOVE_CEASELESS_EDGE) as the provisional DS animation; replace or customize during visual approval if needed.","Emergency rescue assignment. Analog: Ceaseless Edge. Confidence: high. Basis: move type/category plus name/effect/tag similarity. This is an assigned DS-native visual, not claimed as the source game's original animation."
"PUKEBLOOD","Puke Blood","Bug","Special","","provisional direct hg-engine DS reuse assigned","animations/hg-engine/gen7/679.s","679","Reuse Pollen Puff (MOVE_POLLEN_PUFF) as the provisional DS animation; replace or customize during visual approval if needed.","Emergency rescue assignment. Analog: Pollen Puff. Confidence: medium. Basis: move type/category plus name/effect/tag similarity. This is an assigned DS-native visual, not claimed as the source game's original animation."
"PUNCHOUT","Punch Out","Fighting","Physical","","provisional direct hg-engine DS reuse assigned","animations/hg-engine/gen6/615.s","615","Reuse Power-Up Punch (MOVE_POWER_UP_PUNCH) as the provisional DS animation; replace or customize during visual approval if needed.","Emergency rescue assignment. Analog: Power-Up Punch. Confidence: high. Basis: move type/category plus name/effect/tag similarity. This is an assigned DS-native visual, not claimed as the source game's original animation."
"REGENERATE","Regenerate","Grass","Status","","provisional direct hg-engine DS reuse assigned","animations/hg-engine/gen8/819.s","819","Reuse Jungle Healing (MOVE_JUNGLE_HEALING) as the provisional DS animation; replace or customize during visual approval if needed.","Emergency rescue assignment. Analog: Jungle Healing. Confidence: high. Basis: move type/category plus name/effect/tag similarity. This is an assigned DS-native visual, not claimed as the source game's original animation."
"RIOTSHIELD","Riot Shield","Fighting","Physical","","provisional direct hg-engine DS reuse assigned","animations/hg-engine/gen8/779.s","779","Reuse Body Press (MOVE_BODY_PRESS) as the provisional DS animation; replace or customize during visual approval if needed.","Emergency rescue assignment. Analog: Body Press. Confidence: high. Basis: move type/category plus name/effect/tag similarity. This is an assigned DS-native visual, not claimed as the source game's original animation."
"SHITPOST","Shitpost","Ground","Physical","","provisional direct hg-engine DS reuse assigned","animations/hg-engine/gen8/841.s","841","Reuse Headlong Rush (MOVE_HEADLONG_RUSH) as the provisional DS animation; replace or customize during visual approval if needed.","Emergency rescue assignment. Analog: Headlong Rush. Confidence: medium. Basis: move type/category plus name/effect/tag similarity. This is an assigned DS-native visual, not claimed as the source game's original animation."
"SPOOKOUT","Spook Out","Ghost","Physical","","provisional direct hg-engine DS reuse assigned","animations/hg-engine/gen9/857.s","857","Reuse Last Respects (MOVE_LAST_RESPECTS) as the provisional DS animation; replace or customize during visual approval if needed.","Emergency rescue assignment. Analog: Last Respects. Confidence: high. Basis: move type/category plus name/effect/tag similarity. This is an assigned DS-native visual, not claimed as the source game's original animation."
"STRATOBLADE","Strato Blade","Flying","Physical","","provisional direct hg-engine DS reuse assigned","animations/hg-engine/gen7/734.s","734","Reuse Floaty Fall (MOVE_FLOATY_FALL) as the provisional DS animation; replace or customize during visual approval if needed.","Emergency rescue assignment. Analog: Floaty Fall. Confidence: medium. Basis: move type/category plus name/effect/tag similarity. This is an assigned DS-native visual, not claimed as the source game's original animation."
"SUPERSNORE","Super Snore","Ice","Physical","","provisional direct hg-engine DS reuse assigned","animations/hg-engine/gen5/559.s","559","Reuse Icicle Crash (MOVE_ICICLE_CRASH) as the provisional DS animation; replace or customize during visual approval if needed.","Emergency rescue assignment. Analog: Icicle Crash. Confidence: medium. Basis: move type/category plus name/effect/tag similarity. This is an assigned DS-native visual, not claimed as the source game's original animation."
"SWINDLE","Swindle","Dark","Special","","provisional direct hg-engine DS reuse assigned","animations/hg-engine/gen8/825.s","825","Reuse Fiery Wrath (MOVE_FIERY_WRATH) as the provisional DS animation; replace or customize during visual approval if needed.","Emergency rescue assignment. Analog: Fiery Wrath. Confidence: medium. Basis: move type/category plus name/effect/tag similarity. This is an assigned DS-native visual, not claimed as the source game's original animation."
"TOKE","Toke","Fire","Status","","provisional direct hg-engine DS reuse assigned","animations/hg-engine/gen9/911.s","911","Reuse Burning Bulwark (MOVE_BURNING_BULWARK) as the provisional DS animation; replace or customize during visual approval if needed.","Emergency rescue assignment. Analog: Burning Bulwark. Confidence: medium. Basis: move type/category plus name/effect/tag similarity. This is an assigned DS-native visual, not claimed as the source game's original animation."
"TOXIRAVAGE","Toxiravage","Poison","Physical","","provisional direct hg-engine DS reuse assigned","animations/hg-engine/gen8/830.s","830","Reuse Dire Claw (MOVE_DIRE_CLAW) as the provisional DS animation; replace or customize during visual approval if needed.","Emergency rescue assignment. Analog: Dire Claw. Confidence: medium. Basis: move type/category plus name/effect/tag similarity. This is an assigned DS-native visual, not claimed as the source game's original animation."
"TRIGGER","Trigger","Psychic","Physical","","provisional direct hg-engine DS reuse assigned","animations/hg-engine/gen8/772.s","772","Reuse Max Mindstorm (MOVE_MAX_MINDSTORM) as the provisional DS animation; replace or customize during visual approval if needed.","Emergency rescue assignment. Analog: Max Mindstorm. Confidence: medium. Basis: move type/category plus name/effect/tag similarity. This is an assigned DS-native visual, not claimed as the source game's original animation."
"SUDOKU","Sudoku","Normal","Status","","provisional direct hg-engine DS reuse assigned","animations/hg-engine/gen5/496.s","496","Reuse Simple Beam (MOVE_SIMPLE_BEAM) as the provisional DS animation; replace or customize during visual approval if needed.","Emergency rescue assignment. Analog: Simple Beam. Confidence: medium. Basis: move type/category plus name/effect/tag similarity. This is an assigned DS-native visual, not claimed as the source game's original animation."
"TIROTEO","Shootout","Dark","Physical","","provisional direct hg-engine DS reuse assigned","animations/hg-engine/gen8/775.s","775","Reuse Max Darkness (MOVE_MAX_DARKNESS) as the provisional DS animation; replace or customize during visual approval if needed.","Emergency rescue assignment. Analog: Max Darkness. Confidence: high. Basis: move type/category plus name/effect/tag similarity. This is an assigned DS-native visual, not claimed as the source game's original animation."
"ELECTROBABA","Electro Slime","Electric","Special","","provisional direct hg-engine DS reuse assigned","animations/hg-engine/gen5/530.s","530","Reuse Electroweb (MOVE_ELECTROWEB) as the provisional DS animation; replace or customize during visual approval if needed.","Emergency rescue assignment. Analog: Electroweb. Confidence: high. Basis: move type/category plus name/effect/tag similarity. This is an assigned DS-native visual, not claimed as the source game's original animation."
"FUEGOLUNAR","Moonfire","Fire","Special","","provisional direct hg-engine DS reuse assigned","animations/hg-engine/gen6/598.s","598","Reuse Mystical Fire (MOVE_MYSTICAL_FIRE) as the provisional DS animation; replace or customize during visual approval if needed.","Emergency rescue assignment. Analog: Mystical Fire. Confidence: high. Basis: move type/category plus name/effect/tag similarity. This is an assigned DS-native visual, not claimed as the source game's original animation."
"ROMPEHIELOS","Icebreaker","Ice","Physical","","provisional direct hg-engine DS reuse assigned","animations/hg-engine/gen9/864.s","864","Reuse Ice Spinner (MOVE_ICE_SPINNER) as the provisional DS animation; replace or customize during visual approval if needed.","Emergency rescue assignment. Analog: Ice Spinner. Confidence: high. Basis: move type/category plus name/effect/tag similarity. This is an assigned DS-native visual, not claimed as the source game's original animation."
"TRINCHAR","Carve","Steel","Physical","","provisional direct hg-engine DS reuse assigned","animations/hg-engine/gen5/547.s","547","Reuse Gear Grind (MOVE_GEAR_GRIND) as the provisional DS animation; replace or customize during visual approval if needed.","Emergency rescue assignment. Analog: Gear Grind. Confidence: high. Basis: move type/category plus name/effect/tag similarity. This is an assigned DS-native visual, not claimed as the source game's original animation."
"DESBANDADA","Stampede","Flying","Physical","","provisional direct hg-engine DS reuse assigned","animations/hg-engine/gen6/623.s","623","Reuse Dragon Ascent (MOVE_DRAGON_ASCENT) as the provisional DS animation; replace or customize during visual approval if needed.","Emergency rescue assignment. Analog: Dragon Ascent. Confidence: high. Basis: move type/category plus name/effect/tag similarity. This is an assigned DS-native visual, not claimed as the source game's original animation."
"FIEBREORO","Gold Rush","Dark","Status","","provisional direct hg-engine DS reuse assigned","animations/hg-engine/gen5/471.s","471","Reuse Hone Claws (MOVE_HONE_CLAWS) as the provisional DS animation; replace or customize during visual approval if needed.","Emergency rescue assignment. Analog: Hone Claws. Confidence: high. Basis: move type/category plus name/effect/tag similarity. This is an assigned DS-native visual, not claimed as the source game's original animation."
"MALDIGNICION","Malediction","Ghost","Special","","provisional direct hg-engine DS reuse assigned","animations/hg-engine/gen8/847.s","847","Reuse Infernal Parade (MOVE_INFERNAL_PARADE) as the provisional DS animation; replace or customize during visual approval if needed.","Emergency rescue assignment. Analog: Infernal Parade. Confidence: high. Basis: move type/category plus name/effect/tag similarity. This is an assigned DS-native visual, not claimed as the source game's original animation."
"LIMPIASUENOS","Dream Cleanse","Fairy","Special","","provisional direct hg-engine DS reuse assigned","animations/hg-engine/gen6/580.s","580","Reuse Draining Kiss (MOVE_DRAINING_KISS) as the provisional DS animation; replace or customize during visual approval if needed.","Emergency rescue assignment. Analog: Draining Kiss. Confidence: high. Basis: move type/category plus name/effect/tag similarity. This is an assigned DS-native visual, not claimed as the source game's original animation."
"ALAFUNESTA","Dire Wing","Flying","Special","","provisional direct hg-engine DS reuse assigned","animations/hg-engine/gen6/616.s","616","Reuse Oblivion Wing (MOVE_OBLIVION_WING) as the provisional DS animation; replace or customize during visual approval if needed.","Emergency rescue assignment. Analog: Oblivion Wing. Confidence: high. Basis: move type/category plus name/effect/tag similarity. This is an assigned DS-native visual, not claimed as the source game's original animation."
"FURIATOTEMICA","Totemic Fury","Ground","Special","","provisional direct hg-engine DS reuse assigned","animations/hg-engine/gen8/851.s","851","Reuse SandsearStorm (MOVE_SANDSEAR_STORM) as the provisional DS animation; replace or customize during visual approval if needed.","Emergency rescue assignment. Analog: SandsearStorm. Confidence: high. Basis: move type/category plus name/effect/tag similarity. This is an assigned DS-native visual, not claimed as the source game's original animation."
"ZARZAS","Brambles","Grass","Physical","","provisional direct hg-engine DS reuse assigned","animations/hg-engine/gen8/776.s","776","Reuse Max Overgrowth (MOVE_MAX_OVERGROWTH) as the provisional DS animation; replace or customize during visual approval if needed.","Emergency rescue assignment. Analog: Max Overgrowth. Confidence: high. Basis: move type/category plus name/effect/tag similarity. This is an assigned DS-native visual, not claimed as the source game's original animation."
"SOMBRATELA","Shadow Web","Dark","Physical","","provisional direct hg-engine DS reuse assigned","animations/hg-engine/gen8/775.s","775","Reuse Max Darkness (MOVE_MAX_DARKNESS) as the provisional DS animation; replace or customize during visual approval if needed.","Emergency rescue assignment. Analog: Max Darkness. Confidence: high. Basis: move type/category plus name/effect/tag similarity. This is an assigned DS-native visual, not claimed as the source game's original animation."
"ABRAZOFEROZ","Fierce Hug","Dark","Physical","","provisional direct hg-engine DS reuse assigned","animations/hg-engine/gen7/657.s","657","Reuse Black Eclipse (MOVE_BLACK_HOLE_ECLIPSE_PHYSICAL) as the provisional DS animation; replace or customize during visual approval if needed.","Emergency rescue assignment. Analog: Black Eclipse. Confidence: high. Basis: move type/category plus name/effect/tag similarity. This is an assigned DS-native visual, not claimed as the source game's original animation."
"GEOIMPACTO","Geo Impact","Ground","Special","","provisional direct hg-engine DS reuse assigned","animations/hg-engine/gen7/634.s","634","Reuse Tectonic Rage (MOVE_TECTONIC_RAGE_SPECIAL) as the provisional DS animation; replace or customize during visual approval if needed.","Emergency rescue assignment. Analog: Tectonic Rage. Confidence: high. Basis: move type/category plus name/effect/tag similarity. This is an assigned DS-native visual, not claimed as the source game's original animation."
"PIPADELAPAZ","Peace Pipe","Psychic","Special","","provisional direct hg-engine DS reuse assigned","animations/hg-engine/gen5/476.s","476","Reuse Psyshock (MOVE_PSYSHOCK) as the provisional DS animation; replace or customize during visual approval if needed.","Emergency rescue assignment. Analog: Psyshock. Confidence: high. Basis: move type/category plus name/effect/tag similarity. This is an assigned DS-native visual, not claimed as the source game's original animation."
"BORRASCA","Squall","Electric","Special","","provisional direct hg-engine DS reuse assigned","animations/hg-engine/gen7/650.s","650","Reuse Gigavolt Havoc (MOVE_GIGAVOLT_HAVOC_SPECIAL) as the provisional DS animation; replace or customize during visual approval if needed.","Emergency rescue assignment. Analog: Gigavolt Havoc. Confidence: high. Basis: move type/category plus name/effect/tag similarity. This is an assigned DS-native visual, not claimed as the source game's original animation."
"OJOSTERRIBLES","Dreadful Eyes","Ghost","Special","","provisional direct hg-engine DS reuse assigned","animations/hg-engine/gen8/828.s","828","Reuse Astral Barrage (MOVE_ASTRAL_BARRAGE) as the provisional DS animation; replace or customize during visual approval if needed.","Emergency rescue assignment. Analog: Astral Barrage. Confidence: medium. Basis: move type/category plus name/effect/tag similarity. This is an assigned DS-native visual, not claimed as the source game's original animation."
"DRENANIMA","Soul Drain","Ghost","Special","","provisional direct hg-engine DS reuse assigned","animations/hg-engine/gen8/828.s","828","Reuse Astral Barrage (MOVE_ASTRAL_BARRAGE) as the provisional DS animation; replace or customize during visual approval if needed.","Emergency rescue assignment. Analog: Astral Barrage. Confidence: medium. Basis: move type/category plus name/effect/tag similarity. This is an assigned DS-native visual, not claimed as the source game's original animation."
"DANZAVUDU","Voodoo Dance","Poison","Special","","provisional direct hg-engine DS reuse assigned","animations/hg-engine/gen8/804.s","804","Reuse Shell Side Arm (MOVE_SHELL_SIDE_ARM) as the provisional DS animation; replace or customize during visual approval if needed.","Emergency rescue assignment. Analog: Shell Side Arm. Confidence: high. Basis: move type/category plus name/effect/tag similarity. This is an assigned DS-native visual, not claimed as the source game's original animation."
"CHOQUEVAPOR","Steam Strike","Fire","Physical","","provisional direct hg-engine DS reuse assigned","animations/hg-engine/gen5/560.s","560","Reuse V-create (MOVE_V_CREATE) as the provisional DS animation; replace or customize during visual approval if needed.","Emergency rescue assignment. Analog: V-create. Confidence: high. Basis: move type/category plus name/effect/tag similarity. This is an assigned DS-native visual, not claimed as the source game's original animation."
"PATADAGELIDA","Icy Kick","Ice","Physical","","provisional direct hg-engine DS reuse assigned","animations/hg-engine/gen9/864.s","864","Reuse Ice Spinner (MOVE_ICE_SPINNER) as the provisional DS animation; replace or customize during visual approval if needed.","Emergency rescue assignment. Analog: Ice Spinner. Confidence: high. Basis: move type/category plus name/effect/tag similarity. This is an assigned DS-native visual, not claimed as the source game's original animation."
"COLMILLOSALVAJE","Wild Fangs","Normal","Physical","","provisional direct hg-engine DS reuse assigned","animations/hg-engine/gen9/876.s","876","Reuse Raging Bull (MOVE_RAGING_BULL) as the provisional DS animation; replace or customize during visual approval if needed.","Emergency rescue assignment. Analog: Raging Bull. Confidence: high. Basis: move type/category plus name/effect/tag similarity. This is an assigned DS-native visual, not claimed as the source game's original animation."
"BRAZOMUSGO","Moss Arm","Grass","Physical","","provisional direct hg-engine DS reuse assigned","animations/hg-engine/gen8/776.s","776","Reuse Max Overgrowth (MOVE_MAX_OVERGROWTH) as the provisional DS animation; replace or customize during visual approval if needed.","Emergency rescue assignment. Analog: Max Overgrowth. Confidence: high. Basis: move type/category plus name/effect/tag similarity. This is an assigned DS-native visual, not claimed as the source game's original animation."
"LASERESENCIA","Essence Laser","Normal","Special","","provisional direct hg-engine DS reuse assigned","animations/hg-engine/gen5/549.s","549","Reuse Techno Blast (MOVE_TECHNO_BLAST) as the provisional DS animation; replace or customize during visual approval if needed.","Emergency rescue assignment. Analog: Techno Blast. Confidence: high. Basis: move type/category plus name/effect/tag similarity. This is an assigned DS-native visual, not claimed as the source game's original animation."
"CARICATURA","Caricature","Normal","Special","","provisional direct hg-engine DS reuse assigned","animations/hg-engine/gen5/550.s","550","Reuse Relic Song (MOVE_RELIC_SONG) as the provisional DS animation; replace or customize during visual approval if needed.","Emergency rescue assignment. Analog: Relic Song. Confidence: medium. Basis: move type/category plus name/effect/tag similarity. This is an assigned DS-native visual, not claimed as the source game's original animation."
"FLECHASTRAL","Astral Arrow","Fairy","Physical","","provisional direct hg-engine DS reuse assigned","animations/hg-engine/gen8/770.s","770","Reuse Max Starfall (MOVE_MAX_STARFALL) as the provisional DS animation; replace or customize during visual approval if needed.","Emergency rescue assignment. Analog: Max Starfall. Confidence: high. Basis: move type/category plus name/effect/tag similarity. This is an assigned DS-native visual, not claimed as the source game's original animation."
"LINGOTAZO","Ingot Slam","Rock","Physical","","provisional direct hg-engine DS reuse assigned","animations/hg-engine/gen8/833.s","833","Reuse Stone Axe (MOVE_STONE_AXE) as the provisional DS animation; replace or customize during visual approval if needed.","Emergency rescue assignment. Analog: Stone Axe. Confidence: high. Basis: move type/category plus name/effect/tag similarity. This is an assigned DS-native visual, not claimed as the source game's original animation."
"ABSORBESENCIA","Essence Drain","Ghost","Physical","","provisional direct hg-engine DS reuse assigned","animations/hg-engine/gen8/765.s","765","Reuse Max Phantasm (MOVE_MAX_PHANTASM) as the provisional DS animation; replace or customize during visual approval if needed.","Emergency rescue assignment. Analog: Max Phantasm. Confidence: high. Basis: move type/category plus name/effect/tag similarity. This is an assigned DS-native visual, not claimed as the source game's original animation."
"FUERZAESENCIA","Essence Force","Psychic","Special","","provisional direct hg-engine DS reuse assigned","animations/hg-engine/gen8/800.s","800","Reuse Expanding Force (MOVE_EXPANDING_FORCE) as the provisional DS animation; replace or customize during visual approval if needed.","Emergency rescue assignment. Analog: Expanding Force. Confidence: high. Basis: move type/category plus name/effect/tag similarity. This is an assigned DS-native visual, not claimed as the source game's original animation."
"MAGIKARPSREVENGE","Magikarp's Revenge","Water","Physical","","provisional direct hg-engine DS reuse assigned","animations/hg-engine/gen9/875.s","875","Reuse Aqua Step (MOVE_AQUA_STEP) as the provisional DS animation; replace or customize during visual approval if needed.","Emergency rescue assignment. Analog: Aqua Step. Confidence: high. Basis: move type/category plus name/effect/tag similarity. This is an assigned DS-native visual, not claimed as the source game's original animation."
"ZEALOUSDANCE","Zealous Dance","Dragon","Special","","provisional direct hg-engine DS reuse assigned","animations/hg-engine/gen7/731.s","731","Reuse Soulblaze (MOVE_CLANGOROUS_SOULBLAZE) as the provisional DS animation; replace or customize during visual approval if needed.","Emergency rescue assignment. Analog: Soulblaze. Confidence: high. Basis: move type/category plus name/effect/tag similarity. This is an assigned DS-native visual, not claimed as the source game's original animation."
"PSYCRUSH","Psycrush","Psychic","Special","","provisional direct hg-engine DS reuse assigned","animations/hg-engine/gen9/858.s","858","Reuse Lumina Crash (MOVE_LUMINA_CRASH) as the provisional DS animation; replace or customize during visual approval if needed.","Emergency rescue assignment. Analog: Lumina Crash. Confidence: high. Basis: move type/category plus name/effect/tag similarity. This is an assigned DS-native visual, not claimed as the source game's original animation."
"KINETICREND","Kinetic Rend","Psychic","Special","","provisional direct hg-engine DS reuse assigned","animations/hg-engine/gen8/835.s","835","Reuse Mystical Power (MOVE_MYSTICAL_POWER) as the provisional DS animation; replace or customize during visual approval if needed.","Emergency rescue assignment. Analog: Mystical Power. Confidence: medium. Basis: move type/category plus name/effect/tag similarity. This is an assigned DS-native visual, not claimed as the source game's original animation."
"FROSTKICK","Frost Kick","Ice","Physical","","provisional direct hg-engine DS reuse assigned","animations/hg-engine/gen8/839.s","839","Reuse Mountain Gale (MOVE_MOUNTAIN_GALE) as the provisional DS animation; replace or customize during visual approval if needed.","Emergency rescue assignment. Analog: Mountain Gale. Confidence: high. Basis: move type/category plus name/effect/tag similarity. This is an assigned DS-native visual, not claimed as the source game's original animation."
"SCOURINGWINDS","Scouring Winds","Flying","Special","","provisional direct hg-engine DS reuse assigned","animations/hg-engine/gen8/849.s","849","Reuse BleakwindStorm (MOVE_BLEAKWIND_STORM) as the provisional DS animation; replace or customize during visual approval if needed.","Emergency rescue assignment. Analog: BleakwindStorm. Confidence: high. Basis: move type/category plus name/effect/tag similarity. This is an assigned DS-native visual, not claimed as the source game's original animation."
"BITINGCOLD","Biting Cold","Ice","Status","","provisional direct hg-engine DS reuse assigned","animations/hg-engine/gen9/884.s","884","Reuse ChillyReception (MOVE_CHILLY_RECEPTION) as the provisional DS animation; replace or customize during visual approval if needed.","Emergency rescue assignment. Analog: ChillyReception. Confidence: high. Basis: move type/category plus name/effect/tag similarity. This is an assigned DS-native visual, not claimed as the source game's original animation."
"FORCEWAVE","Force Wave","Fighting","Special","","provisional direct hg-engine DS reuse assigned","animations/hg-engine/gen5/551.s","551","Reuse Secret Sword (MOVE_SECRET_SWORD) as the provisional DS animation; replace or customize during visual approval if needed.","Emergency rescue assignment. Analog: Secret Sword. Confidence: medium. Basis: move type/category plus name/effect/tag similarity. This is an assigned DS-native visual, not claimed as the source game's original animation."
"GEODEBURST","Geode Burst","Rock","Special","","provisional direct hg-engine DS reuse assigned","animations/hg-engine/gen8/803.s","803","Reuse Meteor Beam (MOVE_METEOR_BEAM) as the provisional DS animation; replace or customize during visual approval if needed.","Emergency rescue assignment. Analog: Meteor Beam. Confidence: medium. Basis: move type/category plus name/effect/tag similarity. This is an assigned DS-native visual, not claimed as the source game's original animation."
"EXCITE","Excite","Normal","Status","","provisional direct hg-engine DS reuse assigned","animations/hg-engine/gen6/592.s","592","Reuse Play Nice (MOVE_PLAY_NICE) as the provisional DS animation; replace or customize during visual approval if needed.","Emergency rescue assignment. Analog: Play Nice. Confidence: high. Basis: move type/category plus name/effect/tag similarity. This is an assigned DS-native visual, not claimed as the source game's original animation."
"SCATTERDUST","Scatterdust","Bug","Special","","provisional direct hg-engine DS reuse assigned","animations/hg-engine/gen5/525.s","525","Reuse Struggle Bug (MOVE_STRUGGLE_BUG) as the provisional DS animation; replace or customize during visual approval if needed.","Emergency rescue assignment. Analog: Struggle Bug. Confidence: high. Basis: move type/category plus name/effect/tag similarity. This is an assigned DS-native visual, not claimed as the source game's original animation."
"SUPERNOVA","Impact Event","Fire","Physical","","provisional direct hg-engine DS reuse assigned","animations/hg-engine/gen8/783.s","783","Reuse Pyro Ball (MOVE_PYRO_BALL) as the provisional DS animation; replace or customize during visual approval if needed.","Emergency rescue assignment. Analog: Pyro Ball. Confidence: medium. Basis: move type/category plus name/effect/tag similarity. This is an assigned DS-native visual, not claimed as the source game's original animation."
"PEPPERSPRAY","Pepper Spray","Grass","Special","","provisional direct hg-engine DS reuse assigned","animations/hg-engine/gen9/905.s","905","Reuse Matcha Gotcha (MOVE_MATCHA_GOTCHA) as the provisional DS animation; replace or customize during visual approval if needed.","Emergency rescue assignment. Analog: Matcha Gotcha. Confidence: high. Basis: move type/category plus name/effect/tag similarity. This is an assigned DS-native visual, not claimed as the source game's original animation."
"TITANSWRATH","Titan's Wrath","Qmarks","Special","","provisional direct hg-engine DS reuse assigned","animations/hg-engine/gen9/854.s","854","Reuse Tera Blast (MOVE_TERA_BLAST) as the provisional DS animation; replace or customize during visual approval if needed.","Emergency rescue assignment. Analog: Tera Blast. Confidence: manual-rescue. Basis: move type/category plus name/effect/tag similarity; manually selected for custom/unknown source typing. This is an assigned DS-native visual, not claimed as the source game's original animation."
"SIRENSONG","Siren Song","Water","Special","","provisional direct hg-engine DS reuse assigned","animations/hg-engine/gen7/733.s","733","Reuse Splishy Splash (MOVE_SPLISHY_SPLASH) as the provisional DS animation; replace or customize during visual approval if needed.","Emergency rescue assignment. Analog: Splishy Splash. Confidence: high. Basis: move type/category plus name/effect/tag similarity. This is an assigned DS-native visual, not claimed as the source game's original animation."
"REBALANCING","Rebalancing","Fighting","Status","","provisional direct hg-engine DS reuse assigned","animations/hg-engine/gen8/814.s","814","Reuse Coaching (MOVE_COACHING) as the provisional DS animation; replace or customize during visual approval if needed.","Emergency rescue assignment. Analog: Coaching. Confidence: high. Basis: move type/category plus name/effect/tag similarity. This is an assigned DS-native visual, not claimed as the source game's original animation."
"FRIGIDMAW","Frigid Maw","Ice","Physical","","provisional direct hg-engine DS reuse assigned","animations/hg-engine/gen7/668.s","668","Reuse Ice Hammer (MOVE_ICE_HAMMER) as the provisional DS animation; replace or customize during visual approval if needed.","Emergency rescue assignment. Analog: Ice Hammer. Confidence: high. Basis: move type/category plus name/effect/tag similarity. This is an assigned DS-native visual, not claimed as the source game's original animation."
"MANADRAIN","Mana Drain","Dragon","Special","","provisional direct hg-engine DS reuse assigned","animations/hg-engine/gen8/823.s","823","Reuse Dragon Energy (MOVE_DRAGON_ENERGY) as the provisional DS animation; replace or customize during visual approval if needed.","Emergency rescue assignment. Analog: Dragon Energy. Confidence: high. Basis: move type/category plus name/effect/tag similarity. This is an assigned DS-native visual, not claimed as the source game's original animation."
"STEAMBURST","Steam Burst","Fire","Special","","provisional direct hg-engine DS reuse assigned","animations/hg-engine/gen5/548.s","548","Reuse Searing Shot (MOVE_SEARING_SHOT) as the provisional DS animation; replace or customize during visual approval if needed.","Emergency rescue assignment. Analog: Searing Shot. Confidence: high. Basis: move type/category plus name/effect/tag similarity. This is an assigned DS-native visual, not claimed as the source game's original animation."
"QUESOBLAST","Queso Blast","Qmarks","Physical","","provisional direct hg-engine DS reuse assigned","animations/hg-engine/gen8/802.s","802","Reuse Scale Shot (MOVE_SCALE_SHOT) as the provisional DS animation; replace or customize during visual approval if needed.","Emergency rescue assignment. Analog: Scale Shot. Confidence: manual-rescue. Basis: move type/category plus name/effect/tag similarity; manually selected for custom/unknown source typing. This is an assigned DS-native visual, not claimed as the source game's original animation."
"THOUSANDFOLDS","Thousand Folds","Steel","Physical","","provisional direct hg-engine DS reuse assigned","animations/hg-engine/gen8/784.s","784","Reuse Behemoth Blade (MOVE_BEHEMOTH_BLADE) as the provisional DS animation; replace or customize during visual approval if needed.","Emergency rescue assignment. Analog: Behemoth Blade. Confidence: high. Basis: move type/category plus name/effect/tag similarity. This is an assigned DS-native visual, not claimed as the source game's original animation."
"SPLINTERSHOT","Splinter Shot","Grass","Physical","","provisional direct hg-engine DS reuse assigned","animations/hg-engine/gen7/673.s","673","Reuse Leafage (MOVE_LEAFAGE) as the provisional DS animation; replace or customize during visual approval if needed.","Emergency rescue assignment. Analog: Leafage. Confidence: medium. Basis: move type/category plus name/effect/tag similarity. This is an assigned DS-native visual, not claimed as the source game's original animation."
"BOOMINSTALL","Virus Inject","Qmarks","Status","","provisional direct hg-engine DS reuse assigned","animations/hg-engine/gen7/675.s","675","Reuse Toxic Thread (MOVE_TOXIC_THREAD) as the provisional DS animation; replace or customize during visual approval if needed.","Emergency rescue assignment. Analog: Toxic Thread. Confidence: manual-rescue. Basis: move type/category plus name/effect/tag similarity; manually selected for custom/unknown source typing. This is an assigned DS-native visual, not claimed as the source game's original animation."
"TRIMTACKLE","Trim Tackle","Normal","Physical","","provisional direct hg-engine DS reuse assigned","animations/hg-engine/gen5/546.s","546","Reuse Head Charge (MOVE_HEAD_CHARGE) as the provisional DS animation; replace or customize during visual approval if needed.","Emergency rescue assignment. Analog: Head Charge. Confidence: high. Basis: move type/category plus name/effect/tag similarity. This is an assigned DS-native visual, not claimed as the source game's original animation."
"STALAGBITE","Stalagbite","Rock","Physical","","provisional direct hg-engine DS reuse assigned","animations/hg-engine/gen6/594.s","594","Reuse Diamond Storm (MOVE_DIAMOND_STORM) as the provisional DS animation; replace or customize during visual approval if needed.","Emergency rescue assignment. Analog: Diamond Storm. Confidence: high. Basis: move type/category plus name/effect/tag similarity. This is an assigned DS-native visual, not claimed as the source game's original animation."
"GLACIALGULF","Glacial Gulf","Ice","Status","","provisional direct hg-engine DS reuse assigned","animations/hg-engine/gen7/662.s","662","Reuse Shore Up (MOVE_SHORE_UP) as the provisional DS animation; replace or customize during visual approval if needed.","Emergency rescue assignment. Analog: Shore Up. Confidence: medium. Basis: move type/category plus name/effect/tag similarity. This is an assigned DS-native visual, not claimed as the source game's original animation."
"GOLDENSPLASH","Golden Splash","Water","Special","","provisional direct hg-engine DS reuse assigned","animations/hg-engine/gen5/521.s","521","Reuse Water Pledge (MOVE_WATER_PLEDGE) as the provisional DS animation; replace or customize during visual approval if needed.","Emergency rescue assignment. Analog: Water Pledge. Confidence: high. Basis: move type/category plus name/effect/tag similarity. This is an assigned DS-native visual, not claimed as the source game's original animation."
"PLEGARIACALAMO","Quill Prayer","Flying","Special","","provisional direct hg-engine DS reuse assigned","animations/hg-engine/gen6/616.s","616","Reuse Oblivion Wing (MOVE_OBLIVION_WING) as the provisional DS animation; replace or customize during visual approval if needed.","Emergency rescue assignment. Analog: Oblivion Wing. Confidence: high. Basis: move type/category plus name/effect/tag similarity. This is an assigned DS-native visual, not claimed as the source game's original animation."
"PUNZADABURBUJA","Bubble Barb","Water","Physical","","provisional direct hg-engine DS reuse assigned","animations/hg-engine/gen7/713.s","713","Reuse Liquidation (MOVE_LIQUIDATION) as the provisional DS animation; replace or customize during visual approval if needed.","Emergency rescue assignment. Analog: Liquidation. Confidence: high. Basis: move type/category plus name/effect/tag similarity. This is an assigned DS-native visual, not claimed as the source game's original animation."
"FLORALETEO","Floral Flutter","Grass","Special","","provisional direct hg-engine DS reuse assigned","animations/hg-engine/gen5/523.s","523","Reuse Grass Pledge (MOVE_GRASS_PLEDGE) as the provisional DS animation; replace or customize during visual approval if needed.","Emergency rescue assignment. Analog: Grass Pledge. Confidence: high. Basis: move type/category plus name/effect/tag similarity. This is an assigned DS-native visual, not claimed as the source game's original animation."
"CUERNARDIENTE","Fiery Horn","Fire","Physical","","provisional direct hg-engine DS reuse assigned","animations/hg-engine/gen7/643.s","643","Reuse Inferno Drive (MOVE_INFERNO_OVERDRIVE_PHYSICAL) as the provisional DS animation; replace or customize during visual approval if needed.","Emergency rescue assignment. Analog: Inferno Drive. Confidence: high. Basis: move type/category plus name/effect/tag similarity. This is an assigned DS-native visual, not claimed as the source game's original animation."
"FERMENTACION","Fermentation","Poison","Special","","provisional direct hg-engine DS reuse assigned","animations/hg-engine/gen8/804.s","804","Reuse Shell Side Arm (MOVE_SHELL_SIDE_ARM) as the provisional DS animation; replace or customize during visual approval if needed.","Emergency rescue assignment. Analog: Shell Side Arm. Confidence: high. Basis: move type/category plus name/effect/tag similarity. This is an assigned DS-native visual, not claimed as the source game's original animation."
"PROTOPLUMA","Proto Feather","Rock","Physical","","provisional direct hg-engine DS reuse assigned","animations/hg-engine/gen8/833.s","833","Reuse Stone Axe (MOVE_STONE_AXE) as the provisional DS animation; replace or customize during visual approval if needed.","Emergency rescue assignment. Analog: Stone Axe. Confidence: high. Basis: move type/category plus name/effect/tag similarity. This is an assigned DS-native visual, not claimed as the source game's original animation."
"PODERNINFA","Nymph Power","Fairy","Physical","","provisional direct hg-engine DS reuse assigned","animations/hg-engine/gen8/770.s","770","Reuse Max Starfall (MOVE_MAX_STARFALL) as the provisional DS animation; replace or customize during visual approval if needed.","Emergency rescue assignment. Analog: Max Starfall. Confidence: high. Basis: move type/category plus name/effect/tag similarity. This is an assigned DS-native visual, not claimed as the source game's original animation."
"PODERIGNIS","Ignis Power","Fire","Special","","provisional direct hg-engine DS reuse assigned","animations/hg-engine/gen8/810.s","810","Reuse BurningJealousy (MOVE_BURNING_JEALOUSY) as the provisional DS animation; replace or customize during visual approval if needed.","Emergency rescue assignment. Analog: BurningJealousy. Confidence: high. Basis: move type/category plus name/effect/tag similarity. This is an assigned DS-native visual, not claimed as the source game's original animation."
"PODERVOLTA","Volta Power","Electric","Special","","provisional direct hg-engine DS reuse assigned","animations/hg-engine/gen8/807.s","807","Reuse Rising Voltage (MOVE_RISING_VOLTAGE) as the provisional DS animation; replace or customize during visual approval if needed.","Emergency rescue assignment. Analog: Rising Voltage. Confidence: high. Basis: move type/category plus name/effect/tag similarity. This is an assigned DS-native visual, not claimed as the source game's original animation."
"PODERCIMEX","Cimex Power","Bug","Physical","","provisional direct hg-engine DS reuse assigned","animations/hg-engine/gen8/761.s","761","Reuse Max Flutterby (MOVE_MAX_FLUTTERBY) as the provisional DS animation; replace or customize during visual approval if needed.","Emergency rescue assignment. Analog: Max Flutterby. Confidence: high. Basis: move type/category plus name/effect/tag similarity. This is an assigned DS-native visual, not claimed as the source game's original animation."
"PODERAQUA","Aqua Power","Water","Special","","provisional direct hg-engine DS reuse assigned","animations/hg-engine/gen9/879.s","879","Reuse Hydro Steam (MOVE_HYDRO_STEAM) as the provisional DS animation; replace or customize during visual approval if needed.","Emergency rescue assignment. Analog: Hydro Steam. Confidence: high. Basis: move type/category plus name/effect/tag similarity. This is an assigned DS-native visual, not claimed as the source game's original animation."
"ARENAILUSORIA","Illusory Sand","Ground","Special","","provisional direct hg-engine DS reuse assigned","animations/hg-engine/gen8/818.s","818","Reuse Scorching Sands (MOVE_SCORCHING_SANDS) as the provisional DS animation; replace or customize during visual approval if needed.","Emergency rescue assignment. Analog: Scorching Sands. Confidence: high. Basis: move type/category plus name/effect/tag similarity. This is an assigned DS-native visual, not claimed as the source game's original animation."
"LLUVIAPUNOS","Rain of Fists","Fighting","Physical","","provisional direct hg-engine DS reuse assigned","animations/hg-engine/gen8/764.s","764","Reuse Max Knuckle (MOVE_MAX_KNUCKLE) as the provisional DS animation; replace or customize during visual approval if needed.","Emergency rescue assignment. Analog: Max Knuckle. Confidence: high. Basis: move type/category plus name/effect/tag similarity. This is an assigned DS-native visual, not claimed as the source game's original animation."
"MPREDATORIO","Fierce Bite","Grass","Physical","","provisional direct hg-engine DS reuse assigned","animations/hg-engine/gen7/741.s","741","Reuse Sappy Seed (MOVE_SAPPY_SEED) as the provisional DS animation; replace or customize during visual approval if needed.","Emergency rescue assignment. Analog: Sappy Seed. Confidence: high. Basis: move type/category plus name/effect/tag similarity. This is an assigned DS-native visual, not claimed as the source game's original animation."
"MENTEREY","Royal Visage","Psychic","Special","","provisional direct hg-engine DS reuse assigned","animations/hg-engine/gen8/835.s","835","Reuse Mystical Power (MOVE_MYSTICAL_POWER) as the provisional DS animation; replace or customize during visual approval if needed.","Emergency rescue assignment. Analog: Mystical Power. Confidence: high. Basis: move type/category plus name/effect/tag similarity. This is an assigned DS-native visual, not claimed as the source game's original animation."
"PODEREVOL","Evolution Power","Ground","Physical","","provisional direct hg-engine DS reuse assigned","animations/hg-engine/gen8/774.s","774","Reuse Max Quake (MOVE_MAX_QUAKE) as the provisional DS animation; replace or customize during visual approval if needed.","Emergency rescue assignment. Analog: Max Quake. Confidence: high. Basis: move type/category plus name/effect/tag similarity. This is an assigned DS-native visual, not claimed as the source game's original animation."
"EBULLICIÓN","Boiling","Water","Special","","provisional direct hg-engine DS reuse assigned","animations/hg-engine/gen5/506.s","506","Reuse Scald (MOVE_SCALD) as the provisional DS animation; replace or customize during visual approval if needed.","Emergency rescue assignment. Analog: Scald. Confidence: high. Basis: move type/category plus name/effect/tag similarity. This is an assigned DS-native visual, not claimed as the source game's original animation."
"TRESDESEOS","Three Wishes","Fairy","Special","","provisional direct hg-engine DS reuse assigned","animations/hg-engine/gen6/587.s","587","Reuse Fairy Wind (MOVE_FAIRY_WIND) as the provisional DS animation; replace or customize during visual approval if needed.","Emergency rescue assignment. Analog: Fairy Wind. Confidence: high. Basis: move type/category plus name/effect/tag similarity. This is an assigned DS-native visual, not claimed as the source game's original animation."
"RITOCHAMANICO","Shamanic Rite","Fire","Status","","provisional direct hg-engine DS reuse assigned","animations/hg-engine/gen9/911.s","911","Reuse Burning Bulwark (MOVE_BURNING_BULWARK) as the provisional DS animation; replace or customize during visual approval if needed.","Emergency rescue assignment. Analog: Burning Bulwark. Confidence: high. Basis: move type/category plus name/effect/tag similarity. This is an assigned DS-native visual, not claimed as the source game's original animation."
"GOLPESABANA","Savanna Strike","Grass","Physical","","provisional direct hg-engine DS reuse assigned","animations/hg-engine/gen8/776.s","776","Reuse Max Overgrowth (MOVE_MAX_OVERGROWTH) as the provisional DS animation; replace or customize during visual approval if needed.","Emergency rescue assignment. Analog: Max Overgrowth. Confidence: high. Basis: move type/category plus name/effect/tag similarity. This is an assigned DS-native visual, not claimed as the source game's original animation."
"AGUIJONLETAL","Noxious Burn","Poison","Special","","provisional direct hg-engine DS reuse assigned","animations/hg-engine/gen8/804.s","804","Reuse Shell Side Arm (MOVE_SHELL_SIDE_ARM) as the provisional DS animation; replace or customize during visual approval if needed.","Emergency rescue assignment. Analog: Shell Side Arm. Confidence: high. Basis: move type/category plus name/effect/tag similarity. This is an assigned DS-native visual, not claimed as the source game's original animation."
"VIRAZON","Sea Breeze","Water","Physical","","provisional direct hg-engine DS reuse assigned","animations/hg-engine/gen9/875.s","875","Reuse Aqua Step (MOVE_AQUA_STEP) as the provisional DS animation; replace or customize during visual approval if needed.","Emergency rescue assignment. Analog: Aqua Step. Confidence: high. Basis: move type/category plus name/effect/tag similarity. This is an assigned DS-native visual, not claimed as the source game's original animation."
"COMBUSCRIN","Mane Blast","Fire","Special","","provisional direct hg-engine DS reuse assigned","animations/hg-engine/gen6/598.s","598","Reuse Mystical Fire (MOVE_MYSTICAL_FIRE) as the provisional DS animation; replace or customize during visual approval if needed.","Emergency rescue assignment. Analog: Mystical Fire. Confidence: high. Basis: move type/category plus name/effect/tag similarity. This is an assigned DS-native visual, not claimed as the source game's original animation."
"MIGRACIÓN","Migration","Flying","Physical","","provisional direct hg-engine DS reuse assigned","animations/hg-engine/gen8/769.s","769","Reuse Max Airstream (MOVE_MAX_AIRSTREAM) as the provisional DS animation; replace or customize during visual approval if needed.","Emergency rescue assignment. Analog: Max Airstream. Confidence: high. Basis: move type/category plus name/effect/tag similarity. This is an assigned DS-native visual, not claimed as the source game's original animation."
"PATRONAJE","Patterning","Shadow","Status","","provisional direct hg-engine DS reuse assigned","animations/hg-engine/gen9/916.s","916","Reuse Dragon Cheer (MOVE_DRAGON_CHEER) as the provisional DS animation; replace or customize during visual approval if needed.","Emergency rescue assignment. Analog: Dragon Cheer. Confidence: medium. Basis: move type/category plus name/effect/tag similarity. This is an assigned DS-native visual, not claimed as the source game's original animation."
"AEROGENERADOR","Wind Turbine","Electric","Special","","provisional direct hg-engine DS reuse assigned","animations/hg-engine/gen6/573.s","573","Reuse ParabolicCharge (MOVE_PARABOLIC_CHARGE) as the provisional DS animation; replace or customize during visual approval if needed.","Emergency rescue assignment. Analog: ParabolicCharge. Confidence: high. Basis: move type/category plus name/effect/tag similarity. This is an assigned DS-native visual, not claimed as the source game's original animation."
"HIEDRAAGIL","Agile Ivy","Grass","Physical","","provisional direct hg-engine DS reuse assigned","animations/hg-engine/gen8/776.s","776","Reuse Max Overgrowth (MOVE_MAX_OVERGROWTH) as the provisional DS animation; replace or customize during visual approval if needed.","Emergency rescue assignment. Analog: Max Overgrowth. Confidence: high. Basis: move type/category plus name/effect/tag similarity. This is an assigned DS-native visual, not claimed as the source game's original animation."
"TASER","Taser","Electric","Physical","","provisional direct hg-engine DS reuse assigned","animations/hg-engine/gen7/649.s","649","Reuse Gigavolt Havoc (MOVE_GIGAVOLT_HAVOC_PHYSICAL) as the provisional DS animation; replace or customize during visual approval if needed.","Emergency rescue assignment. Analog: Gigavolt Havoc. Confidence: high. Basis: move type/category plus name/effect/tag similarity. This is an assigned DS-native visual, not claimed as the source game's original animation."
"AGUANOCIVA","Noxious Waters","Water","Special","","provisional direct hg-engine DS reuse assigned","animations/hg-engine/gen5/521.s","521","Reuse Water Pledge (MOVE_WATER_PLEDGE) as the provisional DS animation; replace or customize during visual approval if needed.","Emergency rescue assignment. Analog: Water Pledge. Confidence: high. Basis: move type/category plus name/effect/tag similarity. This is an assigned DS-native visual, not claimed as the source game's original animation."
"FUEGOCRUZADO","Crossfire","Fire","Physical","","provisional direct hg-engine DS reuse assigned","animations/hg-engine/gen7/738.s","738","Reuse Sizzly Slide (MOVE_SIZZLY_SLIDE) as the provisional DS animation; replace or customize during visual approval if needed.","Emergency rescue assignment. Analog: Sizzly Slide. Confidence: high. Basis: move type/category plus name/effect/tag similarity. This is an assigned DS-native visual, not claimed as the source game's original animation."
"CONJUROSOLAR","Solar Force","Fairy","Special","","provisional direct hg-engine DS reuse assigned","animations/hg-engine/gen6/587.s","587","Reuse Fairy Wind (MOVE_FAIRY_WIND) as the provisional DS animation; replace or customize during visual approval if needed.","Emergency rescue assignment. Analog: Fairy Wind. Confidence: high. Basis: move type/category plus name/effect/tag similarity. This is an assigned DS-native visual, not claimed as the source game's original animation."
"CACAREO","Clucking","Fairy","Special","","provisional direct hg-engine DS reuse assigned","animations/hg-engine/gen6/587.s","587","Reuse Fairy Wind (MOVE_FAIRY_WIND) as the provisional DS animation; replace or customize during visual approval if needed.","Emergency rescue assignment. Analog: Fairy Wind. Confidence: high. Basis: move type/category plus name/effect/tag similarity. This is an assigned DS-native visual, not claimed as the source game's original animation."
"TERRAL","Heat Drain","Fire","Special","","provisional direct hg-engine DS reuse assigned","animations/hg-engine/gen6/598.s","598","Reuse Mystical Fire (MOVE_MYSTICAL_FIRE) as the provisional DS animation; replace or customize during visual approval if needed.","Emergency rescue assignment. Analog: Mystical Fire. Confidence: high. Basis: move type/category plus name/effect/tag similarity. This is an assigned DS-native visual, not claimed as the source game's original animation."
"PODERPRIMATE","Primate Power","Normal","Status","","provisional direct hg-engine DS reuse assigned","animations/hg-engine/gen5/507.s","507","Reuse Shell Smash (MOVE_SHELL_SMASH) as the provisional DS animation; replace or customize during visual approval if needed.","Emergency rescue assignment. Analog: Shell Smash. Confidence: high. Basis: move type/category plus name/effect/tag similarity. This is an assigned DS-native visual, not claimed as the source game's original animation."
"ELECTROPUNZADA","Electro Jab","Electric","Physical","","provisional direct hg-engine DS reuse assigned","animations/hg-engine/gen7/724.s","724","Reuse Plasma Fists (MOVE_PLASMA_FISTS) as the provisional DS animation; replace or customize during visual approval if needed.","Emergency rescue assignment. Analog: Plasma Fists. Confidence: high. Basis: move type/category plus name/effect/tag similarity. This is an assigned DS-native visual, not claimed as the source game's original animation."
"ELECTROARENA","Electro Sand","Ground","Special","","provisional direct hg-engine DS reuse assigned","animations/hg-engine/gen8/818.s","818","Reuse Scorching Sands (MOVE_SCORCHING_SANDS) as the provisional DS animation; replace or customize during visual approval if needed.","Emergency rescue assignment. Analog: Scorching Sands. Confidence: high. Basis: move type/category plus name/effect/tag similarity. This is an assigned DS-native visual, not claimed as the source game's original animation."
"COMECEREBRO","Brain Eater","Ghost","Physical","","provisional direct hg-engine DS reuse assigned","animations/hg-engine/gen8/765.s","765","Reuse Max Phantasm (MOVE_MAX_PHANTASM) as the provisional DS animation; replace or customize during visual approval if needed.","Emergency rescue assignment. Analog: Max Phantasm. Confidence: high. Basis: move type/category plus name/effect/tag similarity. This is an assigned DS-native visual, not claimed as the source game's original animation."
"ROCAVOLTAICA","Voltaic Rock","Rock","Special","","provisional direct hg-engine DS reuse assigned","animations/hg-engine/gen7/636.s","636","Reuse Continent Crush (MOVE_CONTINENTAL_CRUSH_SPECIAL) as the provisional DS animation; replace or customize during visual approval if needed.","Emergency rescue assignment. Analog: Continent Crush. Confidence: medium. Basis: move type/category plus name/effect/tag similarity. This is an assigned DS-native visual, not claimed as the source game's original animation."
"GHOSTGALLOP","Spectral Gallop","Ghost","Physical","","provisional direct hg-engine DS reuse assigned","animations/hg-engine/gen7/715.s","715","Reuse Spectral Thief (MOVE_SPECTRAL_THIEF) as the provisional DS animation; replace or customize during visual approval if needed.","Emergency rescue assignment. Analog: Spectral Thief. Confidence: high. Basis: move type/category plus name/effect/tag similarity. This is an assigned DS-native visual, not claimed as the source game's original animation."
"IRALLAMEANTE","Blazing Fury","Fire","Physical","","provisional direct hg-engine DS reuse assigned","animations/hg-engine/gen8/836.s","836","Reuse Raging Fury (MOVE_RAGING_FURY) as the provisional DS animation; replace or customize during visual approval if needed.","Emergency rescue assignment. Analog: Raging Fury. Confidence: high. Basis: move type/category plus name/effect/tag similarity. This is an assigned DS-native visual, not claimed as the source game's original animation."
"ENFRIAR","Cool Down","Ice","Status","","provisional direct hg-engine DS reuse assigned","animations/hg-engine/gen9/886.s","886","Reuse Snowscape (MOVE_SNOWSCAPE) as the provisional DS animation; replace or customize during visual approval if needed.","Emergency rescue assignment. Analog: Snowscape. Confidence: high. Basis: move type/category plus name/effect/tag similarity. This is an assigned DS-native visual, not claimed as the source game's original animation."
"AHOGAMIENTO","Deep Dive","Water","Special","","provisional direct hg-engine DS reuse assigned","animations/hg-engine/gen7/736.s","736","Reuse Bouncy Bubble (MOVE_BOUNCY_BUBBLE) as the provisional DS animation; replace or customize during visual approval if needed.","Emergency rescue assignment. Analog: Bouncy Bubble. Confidence: high. Basis: move type/category plus name/effect/tag similarity. This is an assigned DS-native visual, not claimed as the source game's original animation."
"DESPRENDIMIENTO","Rockfall","Rock","Physical","","provisional direct hg-engine DS reuse assigned","animations/hg-engine/gen8/773.s","773","Reuse Max Rockfall (MOVE_MAX_ROCKFALL) as the provisional DS animation; replace or customize during visual approval if needed.","Emergency rescue assignment. Analog: Max Rockfall. Confidence: high. Basis: move type/category plus name/effect/tag similarity. This is an assigned DS-native visual, not claimed as the source game's original animation."
"PUASSOBERANAS","Royal Darts","Poison","Physical","","provisional direct hg-engine DS reuse assigned","animations/hg-engine/gen8/842.s","842","Reuse Barb Barrage (MOVE_BARB_BARRAGE) as the provisional DS animation; replace or customize during visual approval if needed.","Emergency rescue assignment. Analog: Barb Barrage. Confidence: high. Basis: move type/category plus name/effect/tag similarity. This is an assigned DS-native visual, not claimed as the source game's original animation."
"MORDISCOCARDUMEN","School Bite","Water","Physical","","provisional direct hg-engine DS reuse assigned","animations/hg-engine/gen9/868.s","868","Reuse Triple Dive (MOVE_TRIPLE_DIVE) as the provisional DS animation; replace or customize during visual approval if needed.","Emergency rescue assignment. Analog: Triple Dive. Confidence: high. Basis: move type/category plus name/effect/tag similarity. This is an assigned DS-native visual, not claimed as the source game's original animation."
"BIFIDOVOLADOR","Split Strike","Flying","Physical","","provisional direct hg-engine DS reuse assigned","animations/hg-engine/gen8/769.s","769","Reuse Max Airstream (MOVE_MAX_AIRSTREAM) as the provisional DS animation; replace or customize during visual approval if needed.","Emergency rescue assignment. Analog: Max Airstream. Confidence: high. Basis: move type/category plus name/effect/tag similarity. This is an assigned DS-native visual, not claimed as the source game's original animation."
"PALEOWAVE","Paleo Wave","Rock","Special","","provisional direct hg-engine DS reuse assigned","animations/hg-engine/gen7/636.s","636","Reuse Continent Crush (MOVE_CONTINENTAL_CRUSH_SPECIAL) as the provisional DS animation; replace or customize during visual approval if needed.","Emergency rescue assignment. Analog: Continent Crush. Confidence: medium. Basis: move type/category plus name/effect/tag similarity. This is an assigned DS-native visual, not claimed as the source game's original animation."
"SHADOWSTRIKE","Shadow Strike","Ghost","Physical","","provisional direct hg-engine DS reuse assigned","animations/hg-engine/gen7/711.s","711","Reuse Shadow Bone (MOVE_SHADOW_BONE) as the provisional DS animation; replace or customize during visual approval if needed.","Emergency rescue assignment. Analog: Shadow Bone. Confidence: high. Basis: move type/category plus name/effect/tag similarity. This is an assigned DS-native visual, not claimed as the source game's original animation."
"POLARFLARE","Polar Flare","Fire","Special","","provisional direct hg-engine DS reuse assigned","animations/hg-engine/gen5/522.s","522","Reuse Fire Pledge (MOVE_FIRE_PLEDGE) as the provisional DS animation; replace or customize during visual approval if needed.","Emergency rescue assignment. Analog: Fire Pledge. Confidence: high. Basis: move type/category plus name/effect/tag similarity. This is an assigned DS-native visual, not claimed as the source game's original animation."
