"move_id","move_name","type","category","ds_animation_class","ds_animation_path","ds_move_id","port_action","notes"
"MOVE_SHOCKING_EDGE","Shocking Edge","Electric","Physical","direct hg-engine DS reuse assigned","animations/hg-engine/gen5/536.s","536","reuse existing hg-engine DS animation script as review baseline","Project-assigned DS analog MOVE_SACRED_SWORD (536) because of blade/slash attack. This is a reviewable baseline, not a claim that the source fangame used this animation; replace or customize during visual approval if needed."
"MOVE_LIGHTNING_STRIKE","Lightning Strike","Electric","Physical","direct hg-engine DS reuse assigned","animations/hg-engine/gen7/724.s","724","reuse existing hg-engine DS animation script as review baseline","Project-assigned DS analog MOVE_PLASMA_FISTS (724) because of Electric physical visual fit. This is a reviewable baseline, not a claim that the source fangame used this animation; replace or customize during visual approval if needed."
"MOVE_EXCALIBUR","Excalibur","Steel","Physical","direct hg-engine DS reuse assigned","animations/hg-engine/gen8/784.s","784","reuse existing hg-engine DS animation script as review baseline","Project-assigned DS analog MOVE_BEHEMOTH_BLADE (784) because of blade/slash attack. This is a reviewable baseline, not a claim that the source fangame used this animation; replace or customize during visual approval if needed."
"MOVE_AQUA_FANG","Aqua Fang","Water","Physical","direct hg-engine DS reuse assigned","animations/hg-engine/gen8/837.s","837","reuse existing hg-engine DS animation script as review baseline","Project-assigned DS analog MOVE_WAVE_CRASH (837) because of Water physical visual fit. This is a reviewable baseline, not a claim that the source fangame used this animation; replace or customize during visual approval if needed."
"MOVE_SEISMIC_FIST","Seismic Fist","Ground","Physical","direct hg-engine DS reuse assigned","animations/hg-engine/gen8/826.s","826","reuse existing hg-engine DS animation script as review baseline","Project-assigned DS analog MOVE_THUNDEROUS_KICK (826) because of close-range strike. This is a reviewable baseline, not a claim that the source fangame used this animation; replace or customize during visual approval if needed."
"MOVE_IRON_FANGS","Iron Fangs","Steel","Physical","direct hg-engine DS reuse assigned","animations/hg-engine/gen9/896.s","896","reuse existing hg-engine DS animation script as review baseline","Project-assigned DS analog MOVE_GIGATON_HAMMER (896) because of Steel physical visual fit. This is a reviewable baseline, not a claim that the source fangame used this animation; replace or customize during visual approval if needed."
"MOVE_SHADOW_FANGS","Shadow Fangs","Ghost","Physical","direct hg-engine DS reuse assigned","animations/hg-engine/gen9/892.s","892","reuse existing hg-engine DS animation script as review baseline","Project-assigned DS analog MOVE_RAGE_FIST (892) because of Ghost physical visual fit. This is a reviewable baseline, not a claim that the source fangame used this animation; replace or customize during visual approval if needed."
"MOVE_LOVELY_BITE","Lovely Bite","Fairy","Physical","direct hg-engine DS reuse assigned","animations/hg-engine/gen8/792.s","792","reuse existing hg-engine DS animation script as review baseline","Project-assigned DS analog MOVE_SPIRIT_BREAK (792) because of Fairy physical visual fit. This is a reviewable baseline, not a claim that the source fangame used this animation; replace or customize during visual approval if needed."
"MOVE_JAGGED_FANGS","Jagged Fangs","Rock","Physical","direct hg-engine DS reuse assigned","animations/hg-engine/gen9/913.s","913","reuse existing hg-engine DS animation script as review baseline","Project-assigned DS analog MOVE_MIGHTY_CLEAVE (913) because of Rock physical visual fit. This is a reviewable baseline, not a claim that the source fangame used this animation; replace or customize during visual approval if needed."
"MOVE_SCORCHED_EARTH","Scorched Earth","Fire","Special","direct hg-engine DS reuse assigned","animations/hg-engine/gen9/893.s","893","reuse existing hg-engine DS animation script as review baseline","Project-assigned DS analog MOVE_ARMOR_CANNON (893) because of Fire special visual fit. This is a reviewable baseline, not a claim that the source fangame used this animation; replace or customize during visual approval if needed."
"MOVE_PLASMA_PULSE","Plasma Pulse","Electric","Special","direct hg-engine DS reuse assigned","animations/hg-engine/gen8/808.s","808","reuse existing hg-engine DS animation script as review baseline","Project-assigned DS analog MOVE_TERRAIN_PULSE (808) because of wave/pulse attack. This is a reviewable baseline, not a claim that the source fangame used this animation; replace or customize during visual approval if needed."
"MOVE_PRIMAL_BEAM","Primal Beam","Dragon","Physical","direct hg-engine DS reuse assigned","animations/hg-engine/gen8/823.s","823","reuse existing hg-engine DS animation script as review baseline","Project-assigned DS analog MOVE_DRAGON_ENERGY (823) because of beam/projectile attack. This is a reviewable baseline, not a claim that the source fangame used this animation; replace or customize during visual approval if needed."
"MOVE_PIXIE_BEAM","Pixie Beam","Fairy","Special","direct hg-engine DS reuse assigned","animations/hg-engine/gen5/549.s","549","reuse existing hg-engine DS animation script as review baseline","Project-assigned DS analog MOVE_TECHNO_BLAST (549) because of beam/projectile attack. This is a reviewable baseline, not a claim that the source fangame used this animation; replace or customize during visual approval if needed."
"MOVE_PIXIE_SLASH","Pixie Slash","Fairy","Physical","direct hg-engine DS reuse assigned","animations/hg-engine/gen5/536.s","536","reuse existing hg-engine DS animation script as review baseline","Project-assigned DS analog MOVE_SACRED_SWORD (536) because of blade/slash attack. This is a reviewable baseline, not a claim that the source fangame used this animation; replace or customize during visual approval if needed."
"MOVE_SEISMIC_BLADE","Seismic Blade","Ground","Physical","direct hg-engine DS reuse assigned","animations/hg-engine/gen5/536.s","536","reuse existing hg-engine DS animation script as review baseline","Project-assigned DS analog MOVE_SACRED_SWORD (536) because of blade/slash attack. This is a reviewable baseline, not a claim that the source fangame used this animation; replace or customize during visual approval if needed."
"MOVE_MOUNTAIN_CHUNK","Mountain Chunk","Ground","Physical","direct hg-engine DS reuse assigned","animations/hg-engine/gen8/841.s","841","reuse existing hg-engine DS animation script as review baseline","Project-assigned DS analog MOVE_HEADLONG_RUSH (841) because of Ground physical visual fit. This is a reviewable baseline, not a claim that the source fangame used this animation; replace or customize during visual approval if needed."
"MOVE_ARCHER_SHOT","Archer Shot","Normal","Physical","direct hg-engine DS reuse assigned","animations/hg-engine/gen5/546.s","546","reuse existing hg-engine DS animation script as review baseline","Project-assigned DS analog MOVE_HEAD_CHARGE (546) because of Normal physical visual fit. This is a reviewable baseline, not a claim that the source fangame used this animation; replace or customize during visual approval if needed."
"MOVE_FROST_BRAND","Frost Brand","Ice","Physical","direct hg-engine DS reuse assigned","animations/hg-engine/gen5/536.s","536","reuse existing hg-engine DS animation script as review baseline","Project-assigned DS analog MOVE_SACRED_SWORD (536) because of blade/slash attack. This is a reviewable baseline, not a claim that the source fangame used this animation; replace or customize during visual approval if needed."
"MOVE_FROST_BOLT","Frost Bolt","Ice","Physical","direct hg-engine DS reuse assigned","animations/hg-engine/gen8/816.s","816","reuse existing hg-engine DS animation script as review baseline","Project-assigned DS analog MOVE_TRIPLE_AXEL (816) because of Ice physical visual fit. This is a reviewable baseline, not a claim that the source fangame used this animation; replace or customize during visual approval if needed."
"MOVE_SCATTER_BLAST","Scatter Blast","Ground","Special","direct hg-engine DS reuse assigned","animations/hg-engine/gen8/851.s","851","reuse existing hg-engine DS animation script as review baseline","Project-assigned DS analog MOVE_SANDSEAR_STORM (851) because of Ground special visual fit. This is a reviewable baseline, not a claim that the source fangame used this animation; replace or customize during visual approval if needed."
"MOVE_CUTSIE_SLAP","Cutsie Slap","Fairy","Physical","direct hg-engine DS reuse assigned","animations/hg-engine/gen5/536.s","536","reuse existing hg-engine DS animation script as review baseline","Project-assigned DS analog MOVE_SACRED_SWORD (536) because of blade/slash attack. This is a reviewable baseline, not a claim that the source fangame used this animation; replace or customize during visual approval if needed."
"MOVE_TECTONIC_FANGS","Tectonic Fangs","Ground","Physical","direct hg-engine DS reuse assigned","animations/hg-engine/gen8/841.s","841","reuse existing hg-engine DS animation script as review baseline","Project-assigned DS analog MOVE_HEADLONG_RUSH (841) because of Ground physical visual fit. This is a reviewable baseline, not a claim that the source fangame used this animation; replace or customize during visual approval if needed."
"MOVE_CUPID_SHOT","Cupid Shot","Fairy","Physical","direct hg-engine DS reuse assigned","animations/hg-engine/gen8/792.s","792","reuse existing hg-engine DS animation script as review baseline","Project-assigned DS analog MOVE_SPIRIT_BREAK (792) because of Fairy physical visual fit. This is a reviewable baseline, not a claim that the source fangame used this animation; replace or customize during visual approval if needed."
"MOVE_FUMIGATION_BOMB","Fumigation Bomb","Poison","Physical","direct hg-engine DS reuse assigned","animations/hg-engine/gen8/804.s","804","reuse existing hg-engine DS animation script as review baseline","Project-assigned DS analog MOVE_SHELL_SIDE_ARM (804) because of Poison physical visual fit. This is a reviewable baseline, not a claim that the source fangame used this animation; replace or customize during visual approval if needed."
"MOVE_FLAME_TONGUE","Flame Tongue","Fire","Physical","direct hg-engine DS reuse assigned","animations/hg-engine/gen9/894.s","894","reuse existing hg-engine DS animation script as review baseline","Project-assigned DS analog MOVE_BITTER_BLADE (894) because of blade/slash attack. This is a reviewable baseline, not a claim that the source fangame used this animation; replace or customize during visual approval if needed."
"MOVE_LOTUS_SHOWER","Lotus Shower","Grass","Physical","direct hg-engine DS reuse assigned","animations/hg-engine/gen7/672.s","672","reuse existing hg-engine DS animation script as review baseline","Project-assigned DS analog MOVE_SOLAR_BLADE (672) because of Grass physical visual fit. This is a reviewable baseline, not a claim that the source fangame used this animation; replace or customize during visual approval if needed."
"MOVE_BLOOD_SHOT","Blood Shot","Dark","Status","direct hg-engine DS reuse assigned","animations/hg-engine/gen6/578.s","578","reuse existing hg-engine DS animation script as review baseline","Project-assigned DS analog MOVE_PARTING_SHOT (578) because of Dark status visual fit. This is a reviewable baseline, not a claim that the source fangame used this animation; replace or customize during visual approval if needed."
"MOVE_STARBURST","Starburst","Normal","Physical","direct hg-engine DS reuse assigned","animations/hg-engine/gen5/546.s","546","reuse existing hg-engine DS animation script as review baseline","Project-assigned DS analog MOVE_HEAD_CHARGE (546) because of Normal physical visual fit. This is a reviewable baseline, not a claim that the source fangame used this animation; replace or customize during visual approval if needed."
"MOVE_CREEPING_THORNS","Creeping Thorns","Grass","Status","direct hg-engine DS reuse assigned","animations/hg-engine/gen6/583.s","583","reuse existing hg-engine DS animation script as review baseline","Project-assigned DS analog MOVE_GRASSY_TERRAIN (583) because of Grass status visual fit. This is a reviewable baseline, not a claim that the source fangame used this animation; replace or customize during visual approval if needed."
"MOVE_SEPTIC_SWITCH","Septic Switch","Poison","Status","direct hg-engine DS reuse assigned","animations/hg-engine/gen5/505.s","505","reuse existing hg-engine DS animation script as review baseline","Project-assigned DS analog MOVE_ALLY_SWITCH (505) because of switching/swap effect. This is a reviewable baseline, not a claim that the source fangame used this animation; replace or customize during visual approval if needed."
"MOVE_OBSCURED_SHOT","Obscured Shot","Dark","Special","direct hg-engine DS reuse assigned","animations/hg-engine/gen8/826.s","826","reuse existing hg-engine DS animation script as review baseline","Project-assigned DS analog MOVE_THUNDEROUS_KICK (826) because of close-range strike. This is a reviewable baseline, not a claim that the source fangame used this animation; replace or customize during visual approval if needed."
"MOVE_BLITZ_ARROW","Blitz Arrow","Fighting","Physical","direct hg-engine DS reuse assigned","animations/hg-engine/gen8/826.s","826","reuse existing hg-engine DS animation script as review baseline","Project-assigned DS analog MOVE_THUNDEROUS_KICK (826) because of Fighting physical visual fit. This is a reviewable baseline, not a claim that the source fangame used this animation; replace or customize during visual approval if needed."
"PRIMALSUN","Primal Sun","Fire","Status","direct hg-engine DS reuse assigned","animations/hg-engine/gen6/599.s","599","reuse existing hg-engine DS animation script as review baseline","Project-assigned DS analog MOVE_SPIKY_SHIELD (599) because of protection/barrier effect. This is a reviewable baseline, not a claim that the source fangame used this animation; replace or customize during visual approval if needed."
"FROSTWALKER","Frost Walker","Ice","Physical","direct hg-engine DS reuse assigned","animations/hg-engine/gen8/816.s","816","reuse existing hg-engine DS animation script as review baseline","Project-assigned DS analog MOVE_TRIPLE_AXEL (816) because of Ice physical visual fit. This is a reviewable baseline, not a claim that the source fangame used this animation; replace or customize during visual approval if needed."
"WAVELASH","Wave Lash","Water","Physical","direct hg-engine DS reuse assigned","animations/hg-engine/gen6/621.s","621","reuse existing hg-engine DS animation script as review baseline","Project-assigned DS analog MOVE_ORIGIN_PULSE (621) because of wave/pulse attack. This is a reviewable baseline, not a claim that the source fangame used this animation; replace or customize during visual approval if needed."
"FIRECRACKERS","Fire Crackers","Fire","Physical","direct hg-engine DS reuse assigned","animations/hg-engine/gen7/683.s","683","reuse existing hg-engine DS animation script as review baseline","Project-assigned DS analog MOVE_FIRE_LASH (683) because of Fire physical visual fit. This is a reviewable baseline, not a claim that the source fangame used this animation; replace or customize during visual approval if needed."
"SWIFTSTRIKE","Swift Strike","Fighting","Physical","direct hg-engine DS reuse assigned","animations/hg-engine/gen8/826.s","826","reuse existing hg-engine DS animation script as review baseline","Project-assigned DS analog MOVE_THUNDEROUS_KICK (826) because of Fighting physical visual fit. This is a reviewable baseline, not a claim that the source fangame used this animation; replace or customize during visual approval if needed."
"FANGLEECH","Fang Leech","Dragon","Physical","direct hg-engine DS reuse assigned","animations/hg-engine/gen6/616.s","616","reuse existing hg-engine DS animation script as review baseline","Project-assigned DS analog MOVE_OBLIVION_WING (616) because of draining attack. This is a reviewable baseline, not a claim that the source fangame used this animation; replace or customize during visual approval if needed."
"SHADOWSTEP","Shadow Step","Fighting","Physical","direct hg-engine DS reuse assigned","animations/hg-engine/gen8/826.s","826","reuse existing hg-engine DS animation script as review baseline","Project-assigned DS analog MOVE_THUNDEROUS_KICK (826) because of Fighting physical visual fit. This is a reviewable baseline, not a claim that the source fangame used this animation; replace or customize during visual approval if needed."
"DRUMBEAT","Drum Beat","Sound","Physical","direct hg-engine DS reuse assigned","animations/hg-engine/gen6/589.s","589","reuse existing hg-engine DS animation script as review baseline","Project-assigned DS analog MOVE_BOOMBURST (589) because of sound-based attack. This is a reviewable baseline, not a claim that the source fangame used this animation; replace or customize during visual approval if needed."
"BEATDROP","Beat Drop","Sound","Physical","direct hg-engine DS reuse assigned","animations/hg-engine/gen6/589.s","589","reuse existing hg-engine DS animation script as review baseline","Project-assigned DS analog MOVE_BOOMBURST (589) because of sound-based attack. This is a reviewable baseline, not a claim that the source fangame used this animation; replace or customize during visual approval if needed."
"BLAZINGBULL","Blazing Bull","Fire","Physical","direct hg-engine DS reuse assigned","animations/hg-engine/gen7/683.s","683","reuse existing hg-engine DS animation script as review baseline","Project-assigned DS analog MOVE_FIRE_LASH (683) because of Fire physical visual fit. This is a reviewable baseline, not a claim that the source fangame used this animation; replace or customize during visual approval if needed."
"SURGINGBULL","Surging Bull","Water","Physical","direct hg-engine DS reuse assigned","animations/hg-engine/gen8/837.s","837","reuse existing hg-engine DS animation script as review baseline","Project-assigned DS analog MOVE_WAVE_CRASH (837) because of Water physical visual fit. This is a reviewable baseline, not a claim that the source fangame used this animation; replace or customize during visual approval if needed."
"ENIGMATICDASH","Enigmatic Dash","Fairy","Physical","direct hg-engine DS reuse assigned","animations/hg-engine/gen8/792.s","792","reuse existing hg-engine DS animation script as review baseline","Project-assigned DS analog MOVE_SPIRIT_BREAK (792) because of Fairy physical visual fit. This is a reviewable baseline, not a claim that the source fangame used this animation; replace or customize during visual approval if needed."
"BLAZINGSTAMPEDE","Blazing Stampede","Fire","Physical","direct hg-engine DS reuse assigned","animations/hg-engine/gen7/683.s","683","reuse existing hg-engine DS animation script as review baseline","Project-assigned DS analog MOVE_FIRE_LASH (683) because of Fire physical visual fit. This is a reviewable baseline, not a claim that the source fangame used this animation; replace or customize during visual approval if needed."
"IRONBARB","Iron Barb","Steel","Physical","direct hg-engine DS reuse assigned","animations/hg-engine/gen9/896.s","896","reuse existing hg-engine DS animation script as review baseline","Project-assigned DS analog MOVE_GIGATON_HAMMER (896) because of Steel physical visual fit. This is a reviewable baseline, not a claim that the source fangame used this animation; replace or customize during visual approval if needed."
"KAOLINBASH","Kaolin Bash","Ground","Physical","direct hg-engine DS reuse assigned","animations/hg-engine/gen8/841.s","841","reuse existing hg-engine DS animation script as review baseline","Project-assigned DS analog MOVE_HEADLONG_RUSH (841) because of Ground physical visual fit. This is a reviewable baseline, not a claim that the source fangame used this animation; replace or customize during visual approval if needed."
"DIAMONDBREATH","Diamond Breath","Rock","Special","direct hg-engine DS reuse assigned","animations/hg-engine/gen8/803.s","803","reuse existing hg-engine DS animation script as review baseline","Project-assigned DS analog MOVE_METEOR_BEAM (803) because of Rock special visual fit. This is a reviewable baseline, not a claim that the source fangame used this animation; replace or customize during visual approval if needed."
"SOVEREIGNEDGE","Sovereign Edge","Steel","Physical","direct hg-engine DS reuse assigned","animations/hg-engine/gen8/784.s","784","reuse existing hg-engine DS animation script as review baseline","Project-assigned DS analog MOVE_BEHEMOTH_BLADE (784) because of blade/slash attack. This is a reviewable baseline, not a claim that the source fangame used this animation; replace or customize during visual approval if needed."
"HEATEDREVUP","Heated Rev Up","Fire","Status","direct hg-engine DS reuse assigned","animations/hg-engine/gen6/599.s","599","reuse existing hg-engine DS animation script as review baseline","Project-assigned DS analog MOVE_SPIKY_SHIELD (599) because of protection/barrier effect. This is a reviewable baseline, not a claim that the source fangame used this animation; replace or customize during visual approval if needed."
"NIGHTBOUQUET","Night Bouquet","Poison","Special","direct hg-engine DS reuse assigned","animations/hg-engine/gen9/922.s","922","reuse existing hg-engine DS animation script as review baseline","Project-assigned DS analog MOVE_MALIGNANT_CHAIN (922) because of Poison special visual fit. This is a reviewable baseline, not a claim that the source fangame used this animation; replace or customize during visual approval if needed."
"TRIPLEWHIRLING","Triple Whirling","Psychic","Physical","direct hg-engine DS reuse assigned","animations/hg-engine/gen7/709.s","709","reuse existing hg-engine DS animation script as review baseline","Project-assigned DS analog MOVE_PSYCHIC_FANGS (709) because of Psychic physical visual fit. This is a reviewable baseline, not a claim that the source fangame used this animation; replace or customize during visual approval if needed."
"CODEPOWER","Code:Power","Poison","Physical","direct hg-engine DS reuse assigned","animations/hg-engine/gen8/804.s","804","reuse existing hg-engine DS animation script as review baseline","Project-assigned DS analog MOVE_SHELL_SIDE_ARM (804) because of Poison physical visual fit. This is a reviewable baseline, not a claim that the source fangame used this animation; replace or customize during visual approval if needed."
"CODEQUARANTINE","Code:Quarantine","Electric","Status","direct hg-engine DS reuse assigned","animations/hg-engine/gen6/599.s","599","reuse existing hg-engine DS animation script as review baseline","Project-assigned DS analog MOVE_SPIKY_SHIELD (599) because of protection/barrier effect. This is a reviewable baseline, not a claim that the source fangame used this animation; replace or customize during visual approval if needed."
"CODE:INJECTION","Code:Injection","Psychic","Special","direct hg-engine DS reuse assigned","animations/hg-engine/gen8/808.s","808","reuse existing hg-engine DS animation script as review baseline","Project-assigned DS analog MOVE_TERRAIN_PULSE (808) because of wave/pulse attack. This is a reviewable baseline, not a claim that the source fangame used this animation; replace or customize during visual approval if needed."
"DUNEGLIDER","Dune Glider","Ground","Physical","direct hg-engine DS reuse assigned","animations/hg-engine/gen8/841.s","841","reuse existing hg-engine DS animation script as review baseline","Project-assigned DS analog MOVE_HEADLONG_RUSH (841) because of Ground physical visual fit. This is a reviewable baseline, not a claim that the source fangame used this animation; replace or customize during visual approval if needed."
"GENEBLASTER","Gene Blaster","Normal","Special","direct hg-engine DS reuse assigned","animations/hg-engine/gen6/589.s","589","reuse existing hg-engine DS animation script as review baseline","Project-assigned DS analog MOVE_BOOMBURST (589) because of Normal special visual fit. This is a reviewable baseline, not a claim that the source fangame used this animation; replace or customize during visual approval if needed."
"PESTILENCEBURST","Pestilence Burst","Grass","Special","direct hg-engine DS reuse assigned","animations/hg-engine/gen8/838.s","838","reuse existing hg-engine DS animation script as review baseline","Project-assigned DS analog MOVE_CHLOROBLAST (838) because of Grass special visual fit. This is a reviewable baseline, not a claim that the source fangame used this animation; replace or customize during visual approval if needed."
"NAZCAPATTERNS","Nazca Patterns","Normal","Special","direct hg-engine DS reuse assigned","animations/hg-engine/gen7/663.s","663","reuse existing hg-engine DS animation script as review baseline","Project-assigned DS analog MOVE_FIRST_IMPRESSION (663) because of priority/fast-strike effect. This is a reviewable baseline, not a claim that the source fangame used this animation; replace or customize during visual approval if needed."
"QUAKINGSPEAR","Quaking Spear","Ground","Physical","direct hg-engine DS reuse assigned","animations/hg-engine/gen8/841.s","841","reuse existing hg-engine DS animation script as review baseline","Project-assigned DS analog MOVE_HEADLONG_RUSH (841) because of Ground physical visual fit. This is a reviewable baseline, not a claim that the source fangame used this animation; replace or customize during visual approval if needed."
"STRIDENTSPARK","Strident Spark","Sound","Physical","direct hg-engine DS reuse assigned","animations/hg-engine/gen6/589.s","589","reuse existing hg-engine DS animation script as review baseline","Project-assigned DS analog MOVE_BOOMBURST (589) because of sound-based attack. This is a reviewable baseline, not a claim that the source fangame used this animation; replace or customize during visual approval if needed."
"SPARKLECLUSTER","Sparkle Cluster","Fairy","Physical","direct hg-engine DS reuse assigned","animations/hg-engine/gen8/792.s","792","reuse existing hg-engine DS animation script as review baseline","Project-assigned DS analog MOVE_SPIRIT_BREAK (792) because of high-impact/recoil attack. This is a reviewable baseline, not a claim that the source fangame used this animation; replace or customize during visual approval if needed."
"SPICYMAW","Spicy Maw","Grass","Physical","direct hg-engine DS reuse assigned","animations/hg-engine/gen7/672.s","672","reuse existing hg-engine DS animation script as review baseline","Project-assigned DS analog MOVE_SOLAR_BLADE (672) because of Grass physical visual fit. This is a reviewable baseline, not a claim that the source fangame used this animation; replace or customize during visual approval if needed."
"SPIRITSPEAR","Spirit Spear","Dragon","Physical","direct hg-engine DS reuse assigned","animations/hg-engine/gen9/865.s","865","reuse existing hg-engine DS animation script as review baseline","Project-assigned DS analog MOVE_GLAIVE_RUSH (865) because of Dragon physical visual fit. This is a reviewable baseline, not a claim that the source fangame used this animation; replace or customize during visual approval if needed."
"SPLITMASK","Split Mask","Poison","Physical","direct hg-engine DS reuse assigned","animations/hg-engine/gen8/804.s","804","reuse existing hg-engine DS animation script as review baseline","Project-assigned DS analog MOVE_SHELL_SIDE_ARM (804) because of Poison physical visual fit. This is a reviewable baseline, not a claim that the source fangame used this animation; replace or customize during visual approval if needed."
"TETRAJECTILE","Tetrajectile","Fire","Special","direct hg-engine DS reuse assigned","animations/hg-engine/gen9/893.s","893","reuse existing hg-engine DS animation script as review baseline","Project-assigned DS analog MOVE_ARMOR_CANNON (893) because of Fire special visual fit. This is a reviewable baseline, not a claim that the source fangame used this animation; replace or customize during visual approval if needed."
"VINDUNAR","Vindunar","Flying","Special","direct hg-engine DS reuse assigned","animations/hg-engine/gen8/849.s","849","reuse existing hg-engine DS animation script as review baseline","Project-assigned DS analog MOVE_BLEAKWIND_STORM (849) because of Flying special visual fit. This is a reviewable baseline, not a claim that the source fangame used this animation; replace or customize during visual approval if needed."
"WHIRLYHELIX","Whirly Helix","Flying","Physical","direct hg-engine DS reuse assigned","animations/hg-engine/gen6/623.s","623","reuse existing hg-engine DS animation script as review baseline","Project-assigned DS analog MOVE_DRAGON_ASCENT (623) because of Flying physical visual fit. This is a reviewable baseline, not a claim that the source fangame used this animation; replace or customize during visual approval if needed."
"RHYTHMICCOMBO","Rhythmic Combo","Sound","Physical","direct hg-engine DS reuse assigned","animations/hg-engine/gen6/589.s","589","reuse existing hg-engine DS animation script as review baseline","Project-assigned DS analog MOVE_BOOMBURST (589) because of sound-based attack. This is a reviewable baseline, not a claim that the source fangame used this animation; replace or customize during visual approval if needed."
"INSTANTWHISTLE","Instant Whistle","Sound","Status","direct hg-engine DS reuse assigned","animations/hg-engine/gen6/599.s","599","reuse existing hg-engine DS animation script as review baseline","Project-assigned DS analog MOVE_SPIKY_SHIELD (599) because of protection/barrier effect. This is a reviewable baseline, not a claim that the source fangame used this animation; replace or customize during visual approval if needed."
"DISCORDANTSHRIEK","Discordant Shriek","Sound","Special","direct hg-engine DS reuse assigned","animations/hg-engine/gen6/589.s","589","reuse existing hg-engine DS animation script as review baseline","Project-assigned DS analog MOVE_BOOMBURST (589) because of sound-based attack. This is a reviewable baseline, not a claim that the source fangame used this animation; replace or customize during visual approval if needed."
"HEARTBEAT","Heart Beat","Sound","Physical","direct hg-engine DS reuse assigned","animations/hg-engine/gen6/589.s","589","reuse existing hg-engine DS animation script as review baseline","Project-assigned DS analog MOVE_BOOMBURST (589) because of sound-based attack. This is a reviewable baseline, not a claim that the source fangame used this animation; replace or customize during visual approval if needed."
"AUDIOBREAK","Audio Break","Sound","Physical","direct hg-engine DS reuse assigned","animations/hg-engine/gen6/589.s","589","reuse existing hg-engine DS animation script as review baseline","Project-assigned DS analog MOVE_BOOMBURST (589) because of sound-based attack. This is a reviewable baseline, not a claim that the source fangame used this animation; replace or customize during visual approval if needed."
"SERENEWAVE","Serene Wave","Normal","Special","direct hg-engine DS reuse assigned","animations/hg-engine/gen8/808.s","808","reuse existing hg-engine DS animation script as review baseline","Project-assigned DS analog MOVE_TERRAIN_PULSE (808) because of wave/pulse attack. This is a reviewable baseline, not a claim that the source fangame used this animation; replace or customize during visual approval if needed."
"FURIOUSPUMMELING","Furious Pummeling","Normal","Physical","direct hg-engine DS reuse assigned","animations/hg-engine/gen5/546.s","546","reuse existing hg-engine DS animation script as review baseline","Project-assigned DS analog MOVE_HEAD_CHARGE (546) because of Normal physical visual fit. This is a reviewable baseline, not a claim that the source fangame used this animation; replace or customize during visual approval if needed."
"ROUNDABOUT","Roundabout","Normal","Physical","direct hg-engine DS reuse assigned","animations/hg-engine/gen5/546.s","546","reuse existing hg-engine DS animation script as review baseline","Project-assigned DS analog MOVE_HEAD_CHARGE (546) because of Normal physical visual fit. This is a reviewable baseline, not a claim that the source fangame used this animation; replace or customize during visual approval if needed."
"DESERTWHIRL","Desert Whirl","Ground","Special","direct hg-engine DS reuse assigned","animations/hg-engine/gen8/851.s","851","reuse existing hg-engine DS animation script as review baseline","Project-assigned DS analog MOVE_SANDSEAR_STORM (851) because of Ground special visual fit. This is a reviewable baseline, not a claim that the source fangame used this animation; replace or customize during visual approval if needed."
"HOARFROSTTIDE","Hoarfrost Tide","Water","Special","direct hg-engine DS reuse assigned","animations/hg-engine/gen6/621.s","621","reuse existing hg-engine DS animation script as review baseline","Project-assigned DS analog MOVE_ORIGIN_PULSE (621) because of Water special visual fit. This is a reviewable baseline, not a claim that the source fangame used this animation; replace or customize during visual approval if needed."
"MANAFANGS","Mana Fangs","Dragon","Physical","direct hg-engine DS reuse assigned","animations/hg-engine/gen6/616.s","616","reuse existing hg-engine DS animation script as review baseline","Project-assigned DS analog MOVE_OBLIVION_WING (616) because of draining attack. This is a reviewable baseline, not a claim that the source fangame used this animation; replace or customize during visual approval if needed."
"MERCURIANTRAP","Mercurian Trap","Steel","Special","direct hg-engine DS reuse assigned","animations/hg-engine/gen9/877.s","877","reuse existing hg-engine DS animation script as review baseline","Project-assigned DS analog MOVE_MAKE_IT_RAIN (877) because of Steel special visual fit. This is a reviewable baseline, not a claim that the source fangame used this animation; replace or customize during visual approval if needed."
"RAIDERTONITRUS","Raider Tonitrus","Electric","Special","direct hg-engine DS reuse assigned","animations/hg-engine/gen9/908.s","908","reuse existing hg-engine DS animation script as review baseline","Project-assigned DS analog MOVE_ELECTRO_SHOT (908) because of Electric special visual fit. This is a reviewable baseline, not a claim that the source fangame used this animation; replace or customize during visual approval if needed."
"SINGESLAYER","Singe Slayer","Fighting","Physical","direct hg-engine DS reuse assigned","animations/hg-engine/gen8/826.s","826","reuse existing hg-engine DS animation script as review baseline","Project-assigned DS analog MOVE_THUNDEROUS_KICK (826) because of Fighting physical visual fit. This is a reviewable baseline, not a claim that the source fangame used this animation; replace or customize during visual approval if needed."
"HUNTERSWILDS","Hunter's Wilds","Grass","Status","direct hg-engine DS reuse assigned","animations/hg-engine/gen6/599.s","599","reuse existing hg-engine DS animation script as review baseline","Project-assigned DS analog MOVE_SPIKY_SHIELD (599) because of protection/barrier effect. This is a reviewable baseline, not a claim that the source fangame used this animation; replace or customize during visual approval if needed."
"TERIUMPALM","Terium Palm","Psychic","Status","direct hg-engine DS reuse assigned","animations/hg-engine/gen6/599.s","599","reuse existing hg-engine DS animation script as review baseline","Project-assigned DS analog MOVE_SPIKY_SHIELD (599) because of protection/barrier effect. This is a reviewable baseline, not a claim that the source fangame used this animation; replace or customize during visual approval if needed."
"TERRESTRIALCLAW","Terrestrial Claw","Dragon","Physical","direct hg-engine DS reuse assigned","animations/hg-engine/gen9/865.s","865","reuse existing hg-engine DS animation script as review baseline","Project-assigned DS analog MOVE_GLAIVE_RUSH (865) because of Dragon physical visual fit. This is a reviewable baseline, not a claim that the source fangame used this animation; replace or customize during visual approval if needed."
"TRITIUMCANNON","Tritium Cannon","Fire","Special","direct hg-engine DS reuse assigned","animations/hg-engine/gen5/549.s","549","reuse existing hg-engine DS animation script as review baseline","Project-assigned DS analog MOVE_TECHNO_BLAST (549) because of beam/projectile attack. This is a reviewable baseline, not a claim that the source fangame used this animation; replace or customize during visual approval if needed."
"WHITEWRAITHS","White Wraiths","Ghost","Physical","direct hg-engine DS reuse assigned","animations/hg-engine/gen9/892.s","892","reuse existing hg-engine DS animation script as review baseline","Project-assigned DS analog MOVE_RAGE_FIST (892) because of Ghost physical visual fit. This is a reviewable baseline, not a claim that the source fangame used this animation; replace or customize during visual approval if needed."
"SOULSUCKER","Soul Sucker","Ghost","Physical","direct hg-engine DS reuse assigned","animations/hg-engine/gen6/616.s","616","reuse existing hg-engine DS animation script as review baseline","Project-assigned DS analog MOVE_OBLIVION_WING (616) because of draining attack. This is a reviewable baseline, not a claim that the source fangame used this animation; replace or customize during visual approval if needed."
"SPECTRALHORDE","Spectral Horde","Ghost","Special","direct hg-engine DS reuse assigned","animations/hg-engine/gen8/828.s","828","reuse existing hg-engine DS animation script as review baseline","Project-assigned DS analog MOVE_ASTRAL_BARRAGE (828) because of Ghost special visual fit. This is a reviewable baseline, not a claim that the source fangame used this animation; replace or customize during visual approval if needed."
"SHATTERBLADE","Shatterblade","Ice","Physical","direct hg-engine DS reuse assigned","animations/hg-engine/gen5/536.s","536","reuse existing hg-engine DS animation script as review baseline","Project-assigned DS analog MOVE_SACRED_SWORD (536) because of blade/slash attack. This is a reviewable baseline, not a claim that the source fangame used this animation; replace or customize during visual approval if needed."
"PYROCLASTICSWEEP","Pyroclastic Sweep","Fire","Physical","direct hg-engine DS reuse assigned","animations/hg-engine/gen7/683.s","683","reuse existing hg-engine DS animation script as review baseline","Project-assigned DS analog MOVE_FIRE_LASH (683) because of Fire physical visual fit. This is a reviewable baseline, not a claim that the source fangame used this animation; replace or customize during visual approval if needed."
"TORBIDVINESTORM","Torbid Vinestorm","Grass","Special","direct hg-engine DS reuse assigned","animations/hg-engine/gen5/535.s","535","reuse existing hg-engine DS animation script as review baseline","Project-assigned DS analog MOVE_HORN_LEECH (535) because of draining attack. This is a reviewable baseline, not a claim that the source fangame used this animation; replace or customize during visual approval if needed."
"ARMAMENTSTRIKE","Armament Strike","Steel","Physical","direct hg-engine DS reuse assigned","animations/hg-engine/gen8/826.s","826","reuse existing hg-engine DS animation script as review baseline","Project-assigned DS analog MOVE_THUNDEROUS_KICK (826) because of close-range strike. This is a reviewable baseline, not a claim that the source fangame used this animation; replace or customize during visual approval if needed."
"HANABIDANCE","Hanabi Dance","Fairy","Physical","direct hg-engine DS reuse assigned","animations/hg-engine/gen8/792.s","792","reuse existing hg-engine DS animation script as review baseline","Project-assigned DS analog MOVE_SPIRIT_BREAK (792) because of Fairy physical visual fit. This is a reviewable baseline, not a claim that the source fangame used this animation; replace or customize during visual approval if needed."
"IADOSGUARD","Iado's Guard","Steel","Status","direct hg-engine DS reuse assigned","animations/hg-engine/gen6/599.s","599","reuse existing hg-engine DS animation script as review baseline","Project-assigned DS analog MOVE_SPIKY_SHIELD (599) because of protection/barrier effect. This is a reviewable baseline, not a claim that the source fangame used this animation; replace or customize during visual approval if needed."
"VENAMSKISS","Venam's Kiss","Poison","Physical","direct hg-engine DS reuse assigned","animations/hg-engine/gen8/804.s","804","reuse existing hg-engine DS animation script as review baseline","Project-assigned DS analog MOVE_SHELL_SIDE_ARM (804) because of Poison physical visual fit. This is a reviewable baseline, not a claim that the source fangame used this animation; replace or customize during visual approval if needed."
"GALESTRIKE","Gale Strike","Fighting","Physical","direct hg-engine DS reuse assigned","animations/hg-engine/gen8/826.s","826","reuse existing hg-engine DS animation script as review baseline","Project-assigned DS analog MOVE_THUNDEROUS_KICK (826) because of Fighting physical visual fit. This is a reviewable baseline, not a claim that the source fangame used this animation; replace or customize during visual approval if needed."
"MULTIPULSE","Multipulse","Normal","Special","direct hg-engine DS reuse assigned","animations/hg-engine/gen8/808.s","808","reuse existing hg-engine DS animation script as review baseline","Project-assigned DS analog MOVE_TERRAIN_PULSE (808) because of wave/pulse attack. This is a reviewable baseline, not a claim that the source fangame used this animation; replace or customize during visual approval if needed."
"SPECTRALSCREAM","Spectral Scream","Ghost","Special","direct hg-engine DS reuse assigned","animations/hg-engine/gen6/589.s","589","reuse existing hg-engine DS animation script as review baseline","Project-assigned DS analog MOVE_BOOMBURST (589) because of sound-based attack. This is a reviewable baseline, not a claim that the source fangame used this animation; replace or customize during visual approval if needed."
"AQUABATICS","Aquabatics","Water","Status","direct hg-engine DS reuse assigned","animations/hg-engine/gen5/511.s","511","reuse existing hg-engine DS animation script as review baseline","Project-assigned DS analog MOVE_SHIFT_GEAR (511) because of Speed-changing effect. This is a reviewable baseline, not a claim that the source fangame used this animation; replace or customize during visual approval if needed."
"BARBEDWEB","Barbed Web","Bug","Physical","direct hg-engine DS reuse assigned","animations/hg-engine/gen7/663.s","663","reuse existing hg-engine DS animation script as review baseline","Project-assigned DS analog MOVE_FIRST_IMPRESSION (663) because of Bug physical visual fit. This is a reviewable baseline, not a claim that the source fangame used this animation; replace or customize during visual approval if needed."
"COLDTRUTH","Cold Truth","Ice","Special","direct hg-engine DS reuse assigned","animations/hg-engine/gen5/557.s","557","reuse existing hg-engine DS animation script as review baseline","Project-assigned DS analog MOVE_ICE_BURN (557) because of Ice special visual fit. This is a reviewable baseline, not a claim that the source fangame used this animation; replace or customize during visual approval if needed."
"FEVERPITCH","Fever Pitch","Fire","Special","direct hg-engine DS reuse assigned","animations/hg-engine/gen6/589.s","589","reuse existing hg-engine DS animation script as review baseline","Project-assigned DS analog MOVE_BOOMBURST (589) because of sound-based attack. This is a reviewable baseline, not a claim that the source fangame used this animation; replace or customize during visual approval if needed."
"THUNDERRAID","Thunder Raid","Electric","Physical","direct hg-engine DS reuse assigned","animations/hg-engine/gen7/663.s","663","reuse existing hg-engine DS animation script as review baseline","Project-assigned DS analog MOVE_FIRST_IMPRESSION (663) because of priority/fast-strike effect. This is a reviewable baseline, not a claim that the source fangame used this animation; replace or customize during visual approval if needed."
"UPROOT","Uproot","Grass","Special","direct hg-engine DS reuse assigned","animations/hg-engine/gen8/838.s","838","reuse existing hg-engine DS animation script as review baseline","Project-assigned DS analog MOVE_CHLOROBLAST (838) because of Grass special visual fit. This is a reviewable baseline, not a claim that the source fangame used this animation; replace or customize during visual approval if needed."
"BUNRAKUBEATDOWN","Bunraku Beatdown","Psychic","Special","direct hg-engine DS reuse assigned","animations/hg-engine/gen9/858.s","858","reuse existing hg-engine DS animation script as review baseline","Project-assigned DS analog MOVE_LUMINA_CRASH (858) because of Psychic special visual fit. This is a reviewable baseline, not a claim that the source fangame used this animation; replace or customize during visual approval if needed."
"HEAVENLYWING","Heavenly Wing","Flying","Physical","direct hg-engine DS reuse assigned","animations/hg-engine/gen6/623.s","623","reuse existing hg-engine DS animation script as review baseline","Project-assigned DS analog MOVE_DRAGON_ASCENT (623) because of Flying physical visual fit. This is a reviewable baseline, not a claim that the source fangame used this animation; replace or customize during visual approval if needed."
"MATRIXSHOT","Matrix Shot","Rock","Physical","direct hg-engine DS reuse assigned","animations/hg-engine/gen9/913.s","913","reuse existing hg-engine DS animation script as review baseline","Project-assigned DS analog MOVE_MIGHTY_CLEAVE (913) because of Rock physical visual fit. This is a reviewable baseline, not a claim that the source fangame used this animation; replace or customize during visual approval if needed."
"DESERTSMARK","Desert's Mark","Ground","Status","direct hg-engine DS reuse assigned","animations/hg-engine/gen6/566.s","566","reuse existing hg-engine DS animation script as review baseline","Project-assigned DS analog MOVE_ROTOTILLER (566) because of Ground status visual fit. This is a reviewable baseline, not a claim that the source fangame used this animation; replace or customize during visual approval if needed."
"ULTRAMEGADEATH","Super Ultra Mega Death Move","Steel","Physical","direct hg-engine DS reuse assigned","animations/hg-engine/gen9/896.s","896","reuse existing hg-engine DS animation script as review baseline","Project-assigned DS analog MOVE_GIGATON_HAMMER (896) because of Steel physical visual fit. This is a reviewable baseline, not a claim that the source fangame used this animation; replace or customize during visual approval if needed."
"DECIMATION","Decimation","Dark","Special","direct hg-engine DS reuse assigned","animations/hg-engine/gen5/549.s","549","reuse existing hg-engine DS animation script as review baseline","Project-assigned DS analog MOVE_TECHNO_BLAST (549) because of beam/projectile attack. This is a reviewable baseline, not a claim that the source fangame used this animation; replace or customize during visual approval if needed."
"PYROKINESIS","Pyrokinesis","Psychic","Special","direct hg-engine DS reuse assigned","animations/hg-engine/gen9/858.s","858","reuse existing hg-engine DS animation script as review baseline","Project-assigned DS analog MOVE_LUMINA_CRASH (858) because of Psychic special visual fit. This is a reviewable baseline, not a claim that the source fangame used this animation; replace or customize during visual approval if needed."
"ALPHASHOT","Alpha Shot","Normal","Special","direct hg-engine DS reuse assigned","animations/hg-engine/gen6/589.s","589","reuse existing hg-engine DS animation script as review baseline","Project-assigned DS analog MOVE_BOOMBURST (589) because of Normal special visual fit. This is a reviewable baseline, not a claim that the source fangame used this animation; replace or customize during visual approval if needed."
"GILDEDARROW","Gilded Arrow","Normal","Special","direct hg-engine DS reuse assigned","animations/hg-engine/gen6/589.s","589","reuse existing hg-engine DS animation script as review baseline","Project-assigned DS analog MOVE_BOOMBURST (589) because of Normal special visual fit. This is a reviewable baseline, not a claim that the source fangame used this animation; replace or customize during visual approval if needed."
"GILDEDHELIX","Gilded Helix","Normal","Special","direct hg-engine DS reuse assigned","animations/hg-engine/gen6/589.s","589","reuse existing hg-engine DS animation script as review baseline","Project-assigned DS analog MOVE_BOOMBURST (589) because of Normal special visual fit. This is a reviewable baseline, not a claim that the source fangame used this animation; replace or customize during visual approval if needed."
"POISONSWEEP","Poison Sweep","Poison","Physical","direct hg-engine DS reuse assigned","animations/hg-engine/gen8/804.s","804","reuse existing hg-engine DS animation script as review baseline","Project-assigned DS analog MOVE_SHELL_SIDE_ARM (804) because of Poison physical visual fit. This is a reviewable baseline, not a claim that the source fangame used this animation; replace or customize during visual approval if needed."
"STACKINGSHOT","Stacking Shot","Fighting","Physical","direct hg-engine DS reuse assigned","animations/hg-engine/gen8/826.s","826","reuse existing hg-engine DS animation script as review baseline","Project-assigned DS analog MOVE_THUNDEROUS_KICK (826) because of close-range strike. This is a reviewable baseline, not a claim that the source fangame used this animation; replace or customize during visual approval if needed."
"IRRITATION","Irritation","Bug","Special","direct hg-engine DS reuse assigned","animations/hg-engine/gen7/679.s","679","reuse existing hg-engine DS animation script as review baseline","Project-assigned DS analog MOVE_POLLEN_PUFF (679) because of Bug special visual fit. This is a reviewable baseline, not a claim that the source fangame used this animation; replace or customize during visual approval if needed."
"MAGMADRIFT","Magma Drift","Fire","Special","direct hg-engine DS reuse assigned","animations/hg-engine/gen8/808.s","808","reuse existing hg-engine DS animation script as review baseline","Project-assigned DS analog MOVE_TERRAIN_PULSE (808) because of wave/pulse attack. This is a reviewable baseline, not a claim that the source fangame used this animation; replace or customize during visual approval if needed."
"DELUGE","Deluge","Water","Physical","direct hg-engine DS reuse assigned","animations/hg-engine/gen9/860.s","860","reuse existing hg-engine DS animation script as review baseline","Project-assigned DS analog MOVE_JET_PUNCH (860) because of priority/fast-strike effect. This is a reviewable baseline, not a claim that the source fangame used this animation; replace or customize during visual approval if needed."
"MUDBARRAGE","Mud Barrage","Ground","Special","direct hg-engine DS reuse assigned","animations/hg-engine/gen5/544.s","544","reuse existing hg-engine DS animation script as review baseline","Project-assigned DS analog MOVE_TAIL_SLAP (544) because of multi-hit attack. This is a reviewable baseline, not a claim that the source fangame used this animation; replace or customize during visual approval if needed."
"SLASHANDBURN","Slash and Burn","Grass","Physical","direct hg-engine DS reuse assigned","animations/hg-engine/gen7/672.s","672","reuse existing hg-engine DS animation script as review baseline","Project-assigned DS analog MOVE_SOLAR_BLADE (672) because of blade/slash attack. This is a reviewable baseline, not a claim that the source fangame used this animation; replace or customize during visual approval if needed."
"ARENITEWALL","Arenite Wall","Ground","Status","direct hg-engine DS reuse assigned","animations/hg-engine/gen5/529.s","529","reuse existing hg-engine DS animation script as review baseline","Project-assigned DS analog MOVE_WORK_UP (529) because of offensive stat effect. This is a reviewable baseline, not a claim that the source fangame used this animation; replace or customize during visual approval if needed."
"QUICKSILVERSPEAR","Quicksilver Spear","Steel","Physical","direct hg-engine DS reuse assigned","animations/hg-engine/gen7/663.s","663","reuse existing hg-engine DS animation script as review baseline","Project-assigned DS analog MOVE_FIRST_IMPRESSION (663) because of priority/fast-strike effect. This is a reviewable baseline, not a claim that the source fangame used this animation; replace or customize during visual approval if needed."
"SPARKLEON","Sparkle On","Fairy","Physical","direct hg-engine DS reuse assigned","animations/hg-engine/gen8/792.s","792","reuse existing hg-engine DS animation script as review baseline","Project-assigned DS analog MOVE_SPIRIT_BREAK (792) because of high-impact/recoil attack. This is a reviewable baseline, not a claim that the source fangame used this animation; replace or customize during visual approval if needed."
"SOLARFLARE","Solar Flare","Fire","Physical","direct hg-engine DS reuse assigned","animations/hg-engine/gen7/683.s","683","reuse existing hg-engine DS animation script as review baseline","Project-assigned DS analog MOVE_FIRE_LASH (683) because of Fire physical visual fit. This is a reviewable baseline, not a claim that the source fangame used this animation; replace or customize during visual approval if needed."
"HOARFROSTMOON","Hoarfrost Moon","Ice","Special","direct hg-engine DS reuse assigned","animations/hg-engine/gen5/557.s","557","reuse existing hg-engine DS animation script as review baseline","Project-assigned DS analog MOVE_ICE_BURN (557) because of Ice special visual fit. This is a reviewable baseline, not a claim that the source fangame used this animation; replace or customize during visual approval if needed."
"HEXINGSLASH","Hexing Slash","Ghost","Physical","direct hg-engine DS reuse assigned","animations/hg-engine/gen5/536.s","536","reuse existing hg-engine DS animation script as review baseline","Project-assigned DS analog MOVE_SACRED_SWORD (536) because of blade/slash attack. This is a reviewable baseline, not a claim that the source fangame used this animation; replace or customize during visual approval if needed."
"WAKEUPSHOCK","Wake-Up Shock","Electric","Physical","direct hg-engine DS reuse assigned","animations/hg-engine/gen7/724.s","724","reuse existing hg-engine DS animation script as review baseline","Project-assigned DS analog MOVE_PLASMA_FISTS (724) because of Electric physical visual fit. This is a reviewable baseline, not a claim that the source fangame used this animation; replace or customize during visual approval if needed."
"VILEASSAULT","Vile Assault","Poison","Physical","direct hg-engine DS reuse assigned","animations/hg-engine/gen5/536.s","536","reuse existing hg-engine DS animation script as review baseline","Project-assigned DS analog MOVE_SACRED_SWORD (536) because of blade/slash attack. This is a reviewable baseline, not a claim that the source fangame used this animation; replace or customize during visual approval if needed."
"ETHEREALTEMPEST","Ethereal Tempest","Flying","Special","direct hg-engine DS reuse assigned","animations/hg-engine/gen8/849.s","849","reuse existing hg-engine DS animation script as review baseline","Project-assigned DS analog MOVE_BLEAKWIND_STORM (849) because of Flying special visual fit. This is a reviewable baseline, not a claim that the source fangame used this animation; replace or customize during visual approval if needed."
"MIRRORBEAM","Mirror Beam","Steel","Special","direct hg-engine DS reuse assigned","animations/hg-engine/gen8/799.s","799","reuse existing hg-engine DS animation script as review baseline","Project-assigned DS analog MOVE_STEEL_BEAM (799) because of beam/projectile attack. This is a reviewable baseline, not a claim that the source fangame used this animation; replace or customize during visual approval if needed."
"PROBOPOG","Probopass PogChampion","Normal","Special","direct hg-engine DS reuse assigned","animations/hg-engine/gen6/589.s","589","reuse existing hg-engine DS animation script as review baseline","Project-assigned DS analog MOVE_BOOMBURST (589) because of Normal special visual fit. This is a reviewable baseline, not a claim that the source fangame used this animation; replace or customize during visual approval if needed."
"UNLEASHEDPOWER","Unleashed Power","Qmarks","Special","direct hg-engine DS reuse assigned","animations/hg-engine/gen5/549.s","549","reuse existing hg-engine DS animation script as review baseline","Project-assigned DS analog MOVE_TECHNO_BLAST (549) because of Qmarks special visual fit. This is a reviewable baseline, not a claim that the source fangame used this animation; replace or customize during visual approval if needed."
"BLINDINGSPEED","Blinding Speed","Qmarks","Physical","direct hg-engine DS reuse assigned","animations/hg-engine/gen7/663.s","663","reuse existing hg-engine DS animation script as review baseline","Project-assigned DS analog MOVE_FIRST_IMPRESSION (663) because of priority/fast-strike effect. This is a reviewable baseline, not a claim that the source fangame used this animation; replace or customize during visual approval if needed."
"ELYSIANSHIELD","Elysian Shield","Fairy","Status","direct hg-engine DS reuse assigned","animations/hg-engine/gen6/599.s","599","reuse existing hg-engine DS animation script as review baseline","Project-assigned DS analog MOVE_SPIKY_SHIELD (599) because of protection/barrier effect. This is a reviewable baseline, not a claim that the source fangame used this animation; replace or customize during visual approval if needed."
"CHTHONICMALADY","Chthonic Malady","Shadow","Status","direct hg-engine DS reuse assigned","animations/hg-engine/gen6/599.s","599","reuse existing hg-engine DS animation script as review baseline","Project-assigned DS analog MOVE_SPIKY_SHIELD (599) because of protection/barrier effect. This is a reviewable baseline, not a claim that the source fangame used this animation; replace or customize during visual approval if needed."
"DOMAINSHIFT","Domain Shift","Qmarks","Status","direct hg-engine DS reuse assigned","animations/hg-engine/gen6/609.s","609","reuse existing hg-engine DS animation script as review baseline","Project-assigned DS analog MOVE_CELEBRATE (609) because of Qmarks status visual fit. This is a reviewable baseline, not a claim that the source fangame used this animation; replace or customize during visual approval if needed."
"CORALBREAK","Coral Break","Water","Special","direct hg-engine DS reuse assigned","animations/hg-engine/gen6/621.s","621","reuse existing hg-engine DS animation script as review baseline","Project-assigned DS analog MOVE_ORIGIN_PULSE (621) because of wave/pulse attack. This is a reviewable baseline, not a claim that the source fangame used this animation; replace or customize during visual approval if needed."
"ATOMICPUNCH","Atomic Punch","Nuclear","Physical","direct hg-engine DS reuse assigned","animations/hg-engine/gen8/826.s","826","reuse existing hg-engine DS animation script as review baseline","Project-assigned DS analog MOVE_THUNDEROUS_KICK (826) because of close-range strike. This is a reviewable baseline, not a claim that the source fangame used this animation; replace or customize during visual approval if needed."
"METALWHIP","Metal Whip","Steel","Physical","direct hg-engine DS reuse assigned","animations/hg-engine/gen9/896.s","896","reuse existing hg-engine DS animation script as review baseline","Project-assigned DS analog MOVE_GIGATON_HAMMER (896) because of Steel physical visual fit. This is a reviewable baseline, not a claim that the source fangame used this animation; replace or customize during visual approval if needed."
"SHUFFLE","Shuffle","Normal","Special","direct hg-engine DS reuse assigned","animations/hg-engine/gen6/589.s","589","reuse existing hg-engine DS animation script as review baseline","Project-assigned DS analog MOVE_BOOMBURST (589) because of Normal special visual fit. This is a reviewable baseline, not a claim that the source fangame used this animation; replace or customize during visual approval if needed."
"NUCLEARWASTE","Nuclear Waste","Nuclear","Status","direct hg-engine DS reuse assigned","animations/hg-engine/gen7/675.s","675","reuse existing hg-engine DS animation script as review baseline","Project-assigned DS analog MOVE_TOXIC_THREAD (675) because of poison/status effect. This is a reviewable baseline, not a claim that the source fangame used this animation; replace or customize during visual approval if needed."
"GAMMARAY","Gamma Ray","Nuclear","Special","direct hg-engine DS reuse assigned","animations/hg-engine/gen7/714.s","714","reuse existing hg-engine DS animation script as review baseline","Project-assigned DS analog MOVE_PRISMATIC_LASER (714) because of beam/projectile attack. This is a reviewable baseline, not a claim that the source fangame used this animation; replace or customize during visual approval if needed."
"RADIOACID","Radioacid","Nuclear","Special","direct hg-engine DS reuse assigned","animations/hg-engine/gen7/714.s","714","reuse existing hg-engine DS animation script as review baseline","Project-assigned DS analog MOVE_PRISMATIC_LASER (714) because of Nuclear special visual fit. This is a reviewable baseline, not a claim that the source fangame used this animation; replace or customize during visual approval if needed."
"SKYFALL","Sky Fall","Flying","Special","direct hg-engine DS reuse assigned","animations/hg-engine/gen8/849.s","849","reuse existing hg-engine DS animation script as review baseline","Project-assigned DS analog MOVE_BLEAKWIND_STORM (849) because of Flying special visual fit. This is a reviewable baseline, not a claim that the source fangame used this animation; replace or customize during visual approval if needed."
"FLAMEIMPACT","Flame Impact","Fire","Physical","direct hg-engine DS reuse assigned","animations/hg-engine/gen7/663.s","663","reuse existing hg-engine DS animation script as review baseline","Project-assigned DS analog MOVE_FIRST_IMPRESSION (663) because of priority/fast-strike effect. This is a reviewable baseline, not a claim that the source fangame used this animation; replace or customize during visual approval if needed."
"SUBDUCTION","Subduction","Ground","Physical","direct hg-engine DS reuse assigned","animations/hg-engine/gen8/841.s","841","reuse existing hg-engine DS animation script as review baseline","Project-assigned DS analog MOVE_HEADLONG_RUSH (841) because of high-impact/recoil attack. This is a reviewable baseline, not a claim that the source fangame used this animation; replace or customize during visual approval if needed."
"INSTANTCRUSH","Instant Crush","Psychic","Special","direct hg-engine DS reuse assigned","animations/hg-engine/gen7/663.s","663","reuse existing hg-engine DS animation script as review baseline","Project-assigned DS analog MOVE_FIRST_IMPRESSION (663) because of priority/fast-strike effect. This is a reviewable baseline, not a claim that the source fangame used this animation; replace or customize during visual approval if needed."
"GETLUCKY","Get Lucky","Psychic","Special","direct hg-engine DS reuse assigned","animations/hg-engine/gen8/808.s","808","reuse existing hg-engine DS animation script as review baseline","Project-assigned DS analog MOVE_TERRAIN_PULSE (808) because of wave/pulse attack. This is a reviewable baseline, not a claim that the source fangame used this animation; replace or customize during visual approval if needed."
"LASERPULSE","Laser Pulse","Normal","Special","direct hg-engine DS reuse assigned","animations/hg-engine/gen5/549.s","549","reuse existing hg-engine DS animation script as review baseline","Project-assigned DS analog MOVE_TECHNO_BLAST (549) because of beam/projectile attack. This is a reviewable baseline, not a claim that the source fangame used this animation; replace or customize during visual approval if needed."
"GEMSTONEGLIMMER","Gemstone Glimmer","Rock","Special","direct hg-engine DS reuse assigned","animations/hg-engine/gen5/544.s","544","reuse existing hg-engine DS animation script as review baseline","Project-assigned DS analog MOVE_TAIL_SLAP (544) because of multi-hit attack. This is a reviewable baseline, not a claim that the source fangame used this animation; replace or customize during visual approval if needed."
"HALFLIFE","Half-life","Nuclear","Special","direct hg-engine DS reuse assigned","animations/hg-engine/gen5/536.s","536","reuse existing hg-engine DS animation script as review baseline","Project-assigned DS analog MOVE_SACRED_SWORD (536) because of blade/slash attack. This is a reviewable baseline, not a claim that the source fangame used this animation; replace or customize during visual approval if needed."
"OCEANSWRATH","Ocean's Wrath","Water","Special","direct hg-engine DS reuse assigned","animations/hg-engine/gen6/621.s","621","reuse existing hg-engine DS animation script as review baseline","Project-assigned DS analog MOVE_ORIGIN_PULSE (621) because of Water special visual fit. This is a reviewable baseline, not a claim that the source fangame used this animation; replace or customize during visual approval if needed."
"FISSIONBURST","Fission Burst","Nuclear","Physical","direct hg-engine DS reuse assigned","animations/hg-engine/gen7/716.s","716","reuse existing hg-engine DS animation script as review baseline","Project-assigned DS analog MOVE_SUNSTEEL_STRIKE (716) because of Nuclear physical visual fit. This is a reviewable baseline, not a claim that the source fangame used this animation; replace or customize during visual approval if needed."
"CAUSTICBREATH","Caustic Breath","Dragon","Special","direct hg-engine DS reuse assigned","animations/hg-engine/gen8/823.s","823","reuse existing hg-engine DS animation script as review baseline","Project-assigned DS analog MOVE_DRAGON_ENERGY (823) because of Dragon special visual fit. This is a reviewable baseline, not a claim that the source fangame used this animation; replace or customize during visual approval if needed."
"NUCLEARSLASH","Nuclear Slash","Nuclear","Physical","direct hg-engine DS reuse assigned","animations/hg-engine/gen5/536.s","536","reuse existing hg-engine DS animation script as review baseline","Project-assigned DS analog MOVE_SACRED_SWORD (536) because of blade/slash attack. This is a reviewable baseline, not a claim that the source fangame used this animation; replace or customize during visual approval if needed."
"THUNDERSTORM","Thunderstorm","Electric","Status","direct hg-engine DS reuse assigned","animations/hg-engine/gen6/607.s","607","reuse existing hg-engine DS animation script as review baseline","Project-assigned DS analog MOVE_ELECTRIC_TERRAIN (607) because of Electric status visual fit. This is a reviewable baseline, not a claim that the source fangame used this animation; replace or customize during visual approval if needed."
"SUDDENSTRIKE","Sudden Strike","Dark","Physical","direct hg-engine DS reuse assigned","animations/hg-engine/gen7/663.s","663","reuse existing hg-engine DS animation script as review baseline","Project-assigned DS analog MOVE_FIRST_IMPRESSION (663) because of priority/fast-strike effect. This is a reviewable baseline, not a claim that the source fangame used this animation; replace or customize during visual approval if needed."
"EXPUNGE","Expunge","Nuclear","Special","direct hg-engine DS reuse assigned","animations/hg-engine/gen7/714.s","714","reuse existing hg-engine DS animation script as review baseline","Project-assigned DS analog MOVE_PRISMATIC_LASER (714) because of Nuclear special visual fit. This is a reviewable baseline, not a claim that the source fangame used this animation; replace or customize during visual approval if needed."
"FALLOUT","Fallout","Nuclear","Status","direct hg-engine DS reuse assigned","animations/hg-engine/gen6/604.s","604","reuse existing hg-engine DS animation script as review baseline","Project-assigned DS analog MOVE_GEOMANCY (604) because of Nuclear status visual fit. This is a reviewable baseline, not a claim that the source fangame used this animation; replace or customize during visual approval if needed."
"PROTONBEAM","Proton Beam","Nuclear","Special","direct hg-engine DS reuse assigned","animations/hg-engine/gen7/714.s","714","reuse existing hg-engine DS animation script as review baseline","Project-assigned DS analog MOVE_PRISMATIC_LASER (714) because of beam/projectile attack. This is a reviewable baseline, not a claim that the source fangame used this animation; replace or customize during visual approval if needed."
"INFERNALBLADE","Infernal Blade","Fire","Physical","direct hg-engine DS reuse assigned","animations/hg-engine/gen9/894.s","894","reuse existing hg-engine DS animation script as review baseline","Project-assigned DS analog MOVE_BITTER_BLADE (894) because of blade/slash attack. This is a reviewable baseline, not a claim that the source fangame used this animation; replace or customize during visual approval if needed."
"QUANTUMLEAP","Quantum Leap","Nuclear","Physical","direct hg-engine DS reuse assigned","animations/hg-engine/gen7/663.s","663","reuse existing hg-engine DS animation script as review baseline","Project-assigned DS analog MOVE_FIRST_IMPRESSION (663) because of priority/fast-strike effect. This is a reviewable baseline, not a claim that the source fangame used this animation; replace or customize during visual approval if needed."
"METALCRUNCHER","Metal Cruncher","Steel","Physical","direct hg-engine DS reuse assigned","animations/hg-engine/gen9/896.s","896","reuse existing hg-engine DS animation script as review baseline","Project-assigned DS analog MOVE_GIGATON_HAMMER (896) because of Steel physical visual fit. This is a reviewable baseline, not a claim that the source fangame used this animation; replace or customize during visual approval if needed."
"DRAINLIFE","Drain Life","Dark","Physical","direct hg-engine DS reuse assigned","animations/hg-engine/gen6/616.s","616","reuse existing hg-engine DS animation script as review baseline","Project-assigned DS analog MOVE_OBLIVION_WING (616) because of draining attack. This is a reviewable baseline, not a claim that the source fangame used this animation; replace or customize during visual approval if needed."
"STICKYTERRAIN","Sticky Terrain","Poison","Status","direct hg-engine DS reuse assigned","animations/hg-engine/gen8/808.s","808","reuse existing hg-engine DS animation script as review baseline","Project-assigned DS analog MOVE_TERRAIN_PULSE (808) because of terrain-related effect. This is a reviewable baseline, not a claim that the source fangame used this animation; replace or customize during visual approval if needed."
"NUCLEARWIND","Nuclear Wind","Nuclear","Special","direct hg-engine DS reuse assigned","animations/hg-engine/gen7/714.s","714","reuse existing hg-engine DS animation script as review baseline","Project-assigned DS analog MOVE_PRISMATIC_LASER (714) because of Nuclear special visual fit. This is a reviewable baseline, not a claim that the source fangame used this animation; replace or customize during visual approval if needed."
"ACHILLESHEEL","Achilles Heel","Normal","Physical","direct hg-engine DS reuse assigned","animations/hg-engine/gen5/546.s","546","reuse existing hg-engine DS animation script as review baseline","Project-assigned DS analog MOVE_HEAD_CHARGE (546) because of Normal physical visual fit. This is a reviewable baseline, not a claim that the source fangame used this animation; replace or customize during visual approval if needed."
"ANCIENTROAR","Ancient Roar","Rock","Special","direct hg-engine DS reuse assigned","animations/hg-engine/gen6/589.s","589","reuse existing hg-engine DS animation script as review baseline","Project-assigned DS analog MOVE_BOOMBURST (589) because of sound-based attack. This is a reviewable baseline, not a claim that the source fangame used this animation; replace or customize during visual approval if needed."
"CORRODE","Corrode","Poison","Special","direct hg-engine DS reuse assigned","animations/hg-engine/gen9/922.s","922","reuse existing hg-engine DS animation script as review baseline","Project-assigned DS analog MOVE_MALIGNANT_CHAIN (922) because of Poison special visual fit. This is a reviewable baseline, not a claim that the source fangame used this animation; replace or customize during visual approval if needed."
"CRYSTALRUSH","Crystal Rush","Crystal","Physical","direct hg-engine DS reuse assigned","animations/hg-engine/gen7/663.s","663","reuse existing hg-engine DS animation script as review baseline","Project-assigned DS analog MOVE_FIRST_IMPRESSION (663) because of priority/fast-strike effect. This is a reviewable baseline, not a claim that the source fangame used this animation; replace or customize during visual approval if needed."
"DARKMATTER","Dark Matter","Dark","Special","direct hg-engine DS reuse assigned","animations/hg-engine/gen8/825.s","825","reuse existing hg-engine DS animation script as review baseline","Project-assigned DS analog MOVE_FIERY_WRATH (825) because of Dark special visual fit. This is a reviewable baseline, not a claim that the source fangame used this animation; replace or customize during visual approval if needed."
"DRACOJET","Draco Jet","Dragon","Physical","direct hg-engine DS reuse assigned","animations/hg-engine/gen7/663.s","663","reuse existing hg-engine DS animation script as review baseline","Project-assigned DS analog MOVE_FIRST_IMPRESSION (663) because of priority/fast-strike effect. This is a reviewable baseline, not a claim that the source fangame used this animation; replace or customize during visual approval if needed."
"DRAGONIFY","Dragonify","Dragon","Status","direct hg-engine DS reuse assigned","animations/hg-engine/gen9/916.s","916","reuse existing hg-engine DS animation script as review baseline","Project-assigned DS analog MOVE_DRAGON_CHEER (916) because of Dragon status visual fit. This is a reviewable baseline, not a claim that the source fangame used this animation; replace or customize during visual approval if needed."
"DRAKONVOICE","Drakon Voice","Dragon","Special","direct hg-engine DS reuse assigned","animations/hg-engine/gen6/589.s","589","reuse existing hg-engine DS animation script as review baseline","Project-assigned DS analog MOVE_BOOMBURST (589) because of sound-based attack. This is a reviewable baseline, not a claim that the source fangame used this animation; replace or customize during visual approval if needed."
"JETSTREAM","Jet Stream","Dragon","Status","direct hg-engine DS reuse assigned","animations/hg-engine/gen9/916.s","916","reuse existing hg-engine DS animation script as review baseline","Project-assigned DS analog MOVE_DRAGON_CHEER (916) because of Dragon status visual fit. This is a reviewable baseline, not a claim that the source fangame used this animation; replace or customize during visual approval if needed."
"LIVEWIRE","Livewire","Electric","Status","direct hg-engine DS reuse assigned","animations/hg-engine/gen6/567.s","567","reuse existing hg-engine DS animation script as review baseline","Project-assigned DS analog MOVE_STICKY_WEB (567) because of entry-hazard effect. This is a reviewable baseline, not a claim that the source fangame used this animation; replace or customize during visual approval if needed."
"LUNARCANNON","Lunar Cannon","Dark","Special","direct hg-engine DS reuse assigned","animations/hg-engine/gen9/872.s","872","reuse existing hg-engine DS animation script as review baseline","Project-assigned DS analog MOVE_KOWTOW_CLEAVE (872) because of blade/slash attack. This is a reviewable baseline, not a claim that the source fangame used this animation; replace or customize during visual approval if needed."
"MEDUSARAY","Medusa Ray","Rock","Status","direct hg-engine DS reuse assigned","animations/hg-engine/gen5/472.s","472","reuse existing hg-engine DS animation script as review baseline","Project-assigned DS analog MOVE_WIDE_GUARD (472) because of Rock status visual fit. This is a reviewable baseline, not a claim that the source fangame used this animation; replace or customize during visual approval if needed."
"MORPH","Morph","Normal","Status","direct hg-engine DS reuse assigned","animations/hg-engine/gen5/529.s","529","reuse existing hg-engine DS animation script as review baseline","Project-assigned DS analog MOVE_WORK_UP (529) because of Normal status visual fit. This is a reviewable baseline, not a claim that the source fangame used this animation; replace or customize during visual approval if needed."
"NANOREPAIR","Nanorepair","Steel","Status","direct hg-engine DS reuse assigned","animations/hg-engine/gen8/794.s","794","reuse existing hg-engine DS animation script as review baseline","Project-assigned DS analog MOVE_LIFE_DEW (794) because of healing/restoration effect. This is a reviewable baseline, not a claim that the source fangame used this animation; replace or customize during visual approval if needed."
"NEWMOON","New Moon","Dark","Status","direct hg-engine DS reuse assigned","animations/hg-engine/gen6/578.s","578","reuse existing hg-engine DS animation script as review baseline","Project-assigned DS analog MOVE_PARTING_SHOT (578) because of Dark status visual fit. This is a reviewable baseline, not a claim that the source fangame used this animation; replace or customize during visual approval if needed."
"PERMAFROST","Permafrost","Ice","Status","direct hg-engine DS reuse assigned","animations/hg-engine/gen6/567.s","567","reuse existing hg-engine DS animation script as review baseline","Project-assigned DS analog MOVE_STICKY_WEB (567) because of entry-hazard effect. This is a reviewable baseline, not a claim that the source fangame used this animation; replace or customize during visual approval if needed."
"RETROGRADE","Retrograde","Normal","Status","direct hg-engine DS reuse assigned","animations/hg-engine/gen5/529.s","529","reuse existing hg-engine DS animation script as review baseline","Project-assigned DS analog MOVE_WORK_UP (529) because of Normal status visual fit. This is a reviewable baseline, not a claim that the source fangame used this animation; replace or customize during visual approval if needed."
"SPIRITAWAY","Spirit Away","Fairy","Physical","direct hg-engine DS reuse assigned","animations/hg-engine/gen8/792.s","792","reuse existing hg-engine DS animation script as review baseline","Project-assigned DS analog MOVE_SPIRIT_BREAK (792) because of Fairy physical visual fit. This is a reviewable baseline, not a claim that the source fangame used this animation; replace or customize during visual approval if needed."
"STEALTHCOAL","Stealth Coal","Fire","Status","direct hg-engine DS reuse assigned","animations/hg-engine/gen6/567.s","567","reuse existing hg-engine DS animation script as review baseline","Project-assigned DS analog MOVE_STICKY_WEB (567) because of entry-hazard effect. This is a reviewable baseline, not a claim that the source fangame used this animation; replace or customize during visual approval if needed."
"WILDFIRE","Wildfire","Fire","Status","direct hg-engine DS reuse assigned","animations/hg-engine/gen9/911.s","911","reuse existing hg-engine DS animation script as review baseline","Project-assigned DS analog MOVE_BURNING_BULWARK (911) because of Fire status visual fit. This is a reviewable baseline, not a claim that the source fangame used this animation; replace or customize during visual approval if needed."
"WORMHOLE","Wormhole","Psychic","Special","direct hg-engine DS reuse assigned","animations/hg-engine/gen7/663.s","663","reuse existing hg-engine DS animation script as review baseline","Project-assigned DS analog MOVE_FIRST_IMPRESSION (663) because of priority/fast-strike effect. This is a reviewable baseline, not a claim that the source fangame used this animation; replace or customize during visual approval if needed."
"ZOMBIESTRIKE","Zombie Strike","Ghost","Physical","direct hg-engine DS reuse assigned","animations/hg-engine/gen9/892.s","892","reuse existing hg-engine DS animation script as review baseline","Project-assigned DS analog MOVE_RAGE_FIST (892) because of Ghost physical visual fit. This is a reviewable baseline, not a claim that the source fangame used this animation; replace or customize during visual approval if needed."
"SLEAZYSPORES","Sleazy Spores","Grass","Status","direct hg-engine DS reuse assigned","animations/hg-engine/gen6/599.s","599","reuse existing hg-engine DS animation script as review baseline","Project-assigned DS analog MOVE_SPIKY_SHIELD (599) because of protection/barrier effect. This is a reviewable baseline, not a claim that the source fangame used this animation; replace or customize during visual approval if needed."
"SLIMEGULP","Slime Gulp","Poison","Physical","direct hg-engine DS reuse assigned","animations/hg-engine/gen8/804.s","804","reuse existing hg-engine DS animation script as review baseline","Project-assigned DS analog MOVE_SHELL_SIDE_ARM (804) because of Poison physical visual fit. This is a reviewable baseline, not a claim that the source fangame used this animation; replace or customize during visual approval if needed."
"FRUITPUNCH","Fruit Punch","Fairy","Physical","direct hg-engine DS reuse assigned","animations/hg-engine/gen8/826.s","826","reuse existing hg-engine DS animation script as review baseline","Project-assigned DS analog MOVE_THUNDEROUS_KICK (826) because of close-range strike. This is a reviewable baseline, not a claim that the source fangame used this animation; replace or customize during visual approval if needed."
"DRAGONFIST","Dragon Fist","Dragon","Physical","direct hg-engine DS reuse assigned","animations/hg-engine/gen8/826.s","826","reuse existing hg-engine DS animation script as review baseline","Project-assigned DS analog MOVE_THUNDEROUS_KICK (826) because of close-range strike. This is a reviewable baseline, not a claim that the source fangame used this animation; replace or customize during visual approval if needed."
"LICKCLEAN","Lick Clean","Water","Physical","direct hg-engine DS reuse assigned","animations/hg-engine/gen8/837.s","837","reuse existing hg-engine DS animation script as review baseline","Project-assigned DS analog MOVE_WAVE_CRASH (837) because of Water physical visual fit. This is a reviewable baseline, not a claim that the source fangame used this animation; replace or customize during visual approval if needed."
"SPEEDWEED","Speed Weed","Grass","Physical","direct hg-engine DS reuse assigned","animations/hg-engine/gen7/663.s","663","reuse existing hg-engine DS animation script as review baseline","Project-assigned DS analog MOVE_FIRST_IMPRESSION (663) because of priority/fast-strike effect. This is a reviewable baseline, not a claim that the source fangame used this animation; replace or customize during visual approval if needed."
"OVERBITE","Overbite","Dark","Physical","direct hg-engine DS reuse assigned","animations/hg-engine/gen9/872.s","872","reuse existing hg-engine DS animation script as review baseline","Project-assigned DS analog MOVE_KOWTOW_CLEAVE (872) because of Dark physical visual fit. This is a reviewable baseline, not a claim that the source fangame used this animation; replace or customize during visual approval if needed."
"1000FOLDS","1000 Folds","Steel","Physical","direct hg-engine DS reuse assigned","animations/hg-engine/gen9/896.s","896","reuse existing hg-engine DS animation script as review baseline","Project-assigned DS analog MOVE_GIGATON_HAMMER (896) because of Steel physical visual fit. This is a reviewable baseline, not a claim that the source fangame used this animation; replace or customize during visual approval if needed."
"WARHEAD","Warhead","Steel","Special","direct hg-engine DS reuse assigned","animations/hg-engine/gen9/877.s","877","reuse existing hg-engine DS animation script as review baseline","Project-assigned DS analog MOVE_MAKE_IT_RAIN (877) because of Steel special visual fit. This is a reviewable baseline, not a claim that the source fangame used this animation; replace or customize during visual approval if needed."
"WEIRDFLEX","Weird Flex","Fighting","Status","direct hg-engine DS reuse assigned","animations/hg-engine/gen6/599.s","599","reuse existing hg-engine DS animation script as review baseline","Project-assigned DS analog MOVE_SPIKY_SHIELD (599) because of protection/barrier effect. This is a reviewable baseline, not a claim that the source fangame used this animation; replace or customize during visual approval if needed."
"HULKUP","Hulk Up","Fighting","Status","direct hg-engine DS reuse assigned","animations/hg-engine/gen6/599.s","599","reuse existing hg-engine DS animation script as review baseline","Project-assigned DS analog MOVE_SPIKY_SHIELD (599) because of protection/barrier effect. This is a reviewable baseline, not a claim that the source fangame used this animation; replace or customize during visual approval if needed."
"FOCUSMUNCH","Focus Munch","Fighting","Status","direct hg-engine DS reuse assigned","animations/hg-engine/gen6/599.s","599","reuse existing hg-engine DS animation script as review baseline","Project-assigned DS analog MOVE_SPIKY_SHIELD (599) because of protection/barrier effect. This is a reviewable baseline, not a claim that the source fangame used this animation; replace or customize during visual approval if needed."
"MOP","Mop","Fairy","Status","direct hg-engine DS reuse assigned","animations/hg-engine/gen6/599.s","599","reuse existing hg-engine DS animation script as review baseline","Project-assigned DS analog MOVE_SPIKY_SHIELD (599) because of protection/barrier effect. This is a reviewable baseline, not a claim that the source fangame used this animation; replace or customize during visual approval if needed."
"QUICKSAND","Quick Sand","Ground","Physical","direct hg-engine DS reuse assigned","animations/hg-engine/gen7/663.s","663","reuse existing hg-engine DS animation script as review baseline","Project-assigned DS analog MOVE_FIRST_IMPRESSION (663) because of priority/fast-strike effect. This is a reviewable baseline, not a claim that the source fangame used this animation; replace or customize during visual approval if needed."
"THINKFAST","Think Fast","Psychic","Special","direct hg-engine DS reuse assigned","animations/hg-engine/gen7/663.s","663","reuse existing hg-engine DS animation script as review baseline","Project-assigned DS analog MOVE_FIRST_IMPRESSION (663) because of priority/fast-strike effect. This is a reviewable baseline, not a claim that the source fangame used this animation; replace or customize during visual approval if needed."
"BOLTBEAM","Boltbeam","Electric","Special","direct hg-engine DS reuse assigned","animations/hg-engine/gen5/549.s","549","reuse existing hg-engine DS animation script as review baseline","Project-assigned DS analog MOVE_TECHNO_BLAST (549) because of beam/projectile attack. This is a reviewable baseline, not a claim that the source fangame used this animation; replace or customize during visual approval if needed."
"CHECKEM","Check 'Em","Psychic","Special","direct hg-engine DS reuse assigned","animations/hg-engine/gen9/858.s","858","reuse existing hg-engine DS animation script as review baseline","Project-assigned DS analog MOVE_LUMINA_CRASH (858) because of Psychic special visual fit. This is a reviewable baseline, not a claim that the source fangame used this animation; replace or customize during visual approval if needed."
"PIXIEPUMMEL","Pixie Pummel","Fairy","Physical","direct hg-engine DS reuse assigned","animations/hg-engine/gen8/792.s","792","reuse existing hg-engine DS animation script as review baseline","Project-assigned DS analog MOVE_SPIRIT_BREAK (792) because of Fairy physical visual fit. This is a reviewable baseline, not a claim that the source fangame used this animation; replace or customize during visual approval if needed."
"GAYAGENDA","Gay Agenda","Fairy","Status","direct hg-engine DS reuse assigned","animations/hg-engine/gen6/599.s","599","reuse existing hg-engine DS animation script as review baseline","Project-assigned DS analog MOVE_SPIKY_SHIELD (599) because of protection/barrier effect. This is a reviewable baseline, not a claim that the source fangame used this animation; replace or customize during visual approval if needed."
"SPOOPERPOWER","Spooperpower","Ghost","Special","direct hg-engine DS reuse assigned","animations/hg-engine/gen8/828.s","828","reuse existing hg-engine DS animation script as review baseline","Project-assigned DS analog MOVE_ASTRAL_BARRAGE (828) because of Ghost special visual fit. This is a reviewable baseline, not a claim that the source fangame used this animation; replace or customize during visual approval if needed."
"GREATRAGE","Great Rage","Grass","Physical","direct hg-engine DS reuse assigned","animations/hg-engine/gen6/589.s","589","reuse existing hg-engine DS animation script as review baseline","Project-assigned DS analog MOVE_BOOMBURST (589) because of sound-based attack. This is a reviewable baseline, not a claim that the source fangame used this animation; replace or customize during visual approval if needed."
"WOWWIENER","Wow Wiener","Fire","Special","direct hg-engine DS reuse assigned","animations/hg-engine/gen9/893.s","893","reuse existing hg-engine DS animation script as review baseline","Project-assigned DS analog MOVE_ARMOR_CANNON (893) because of Fire special visual fit. This is a reviewable baseline, not a claim that the source fangame used this animation; replace or customize during visual approval if needed."
"PLUNDER","Plunder","Water","Physical","direct hg-engine DS reuse assigned","animations/hg-engine/gen8/837.s","837","reuse existing hg-engine DS animation script as review baseline","Project-assigned DS analog MOVE_WAVE_CRASH (837) because of Water physical visual fit. This is a reviewable baseline, not a claim that the source fangame used this animation; replace or customize during visual approval if needed."
"BLOBBYBOP","Blobby Bop","Ice","Physical","direct hg-engine DS reuse assigned","animations/hg-engine/gen8/816.s","816","reuse existing hg-engine DS animation script as review baseline","Project-assigned DS analog MOVE_TRIPLE_AXEL (816) because of Ice physical visual fit. This is a reviewable baseline, not a claim that the source fangame used this animation; replace or customize during visual approval if needed."
"BANHAMMER","Ban Hammer","Normal","Physical","direct hg-engine DS reuse assigned","animations/hg-engine/gen5/546.s","546","reuse existing hg-engine DS animation script as review baseline","Project-assigned DS analog MOVE_HEAD_CHARGE (546) because of Normal physical visual fit. This is a reviewable baseline, not a claim that the source fangame used this animation; replace or customize during visual approval if needed."
"HOMERUNBAT","Homerun Bat","Normal","Physical","direct hg-engine DS reuse assigned","animations/hg-engine/gen7/663.s","663","reuse existing hg-engine DS animation script as review baseline","Project-assigned DS analog MOVE_FIRST_IMPRESSION (663) because of priority/fast-strike effect. This is a reviewable baseline, not a claim that the source fangame used this animation; replace or customize during visual approval if needed."
"ELBOWDROP","Elbow Drop","Ghost","Physical","direct hg-engine DS reuse assigned","animations/hg-engine/gen9/892.s","892","reuse existing hg-engine DS animation script as review baseline","Project-assigned DS analog MOVE_RAGE_FIST (892) because of Ghost physical visual fit. This is a reviewable baseline, not a claim that the source fangame used this animation; replace or customize during visual approval if needed."
"ANATTACK","An Attack","???","Physical","direct hg-engine DS reuse assigned","animations/hg-engine/gen7/721.s","721","reuse existing hg-engine DS animation script as review baseline","Project-assigned DS analog MOVE_MULTI_ATTACK (721) because of ??? physical visual fit. This is a reviewable baseline, not a claim that the source fangame used this animation; replace or customize during visual approval if needed."
"CHAOSDUNK","Chaos Dunk","Rock","Physical","direct hg-engine DS reuse assigned","animations/hg-engine/gen9/913.s","913","reuse existing hg-engine DS animation script as review baseline","Project-assigned DS analog MOVE_MIGHTY_CLEAVE (913) because of Rock physical visual fit. This is a reviewable baseline, not a claim that the source fangame used this animation; replace or customize during visual approval if needed."
"COMENGO","Come n' Go","Water","Special","direct hg-engine DS reuse assigned","animations/hg-engine/gen6/621.s","621","reuse existing hg-engine DS animation script as review baseline","Project-assigned DS analog MOVE_ORIGIN_PULSE (621) because of Water special visual fit. This is a reviewable baseline, not a claim that the source fangame used this animation; replace or customize during visual approval if needed."
"DAILYDOSE","Daily Dose","Poison","Special","direct hg-engine DS reuse assigned","animations/hg-engine/gen9/922.s","922","reuse existing hg-engine DS animation script as review baseline","Project-assigned DS analog MOVE_MALIGNANT_CHAIN (922) because of Poison special visual fit. This is a reviewable baseline, not a claim that the source fangame used this animation; replace or customize during visual approval if needed."
"DECAYDRAIN","Decay Drain","Poison","Physical","direct hg-engine DS reuse assigned","animations/hg-engine/gen6/616.s","616","reuse existing hg-engine DS animation script as review baseline","Project-assigned DS analog MOVE_OBLIVION_WING (616) because of draining attack. This is a reviewable baseline, not a claim that the source fangame used this animation; replace or customize during visual approval if needed."
"DILDOCANNON","Dildo Cannon","Dragon","Physical","direct hg-engine DS reuse assigned","animations/hg-engine/gen8/823.s","823","reuse existing hg-engine DS animation script as review baseline","Project-assigned DS analog MOVE_DRAGON_ENERGY (823) because of beam/projectile attack. This is a reviewable baseline, not a claim that the source fangame used this animation; replace or customize during visual approval if needed."
"ENEMA","Enema","Grass","Physical","direct hg-engine DS reuse assigned","animations/hg-engine/gen5/535.s","535","reuse existing hg-engine DS animation script as review baseline","Project-assigned DS analog MOVE_HORN_LEECH (535) because of draining attack. This is a reviewable baseline, not a claim that the source fangame used this animation; replace or customize during visual approval if needed."
"EROSIONWAVE","Erosion Wave","Rock","Special","direct hg-engine DS reuse assigned","animations/hg-engine/gen8/808.s","808","reuse existing hg-engine DS animation script as review baseline","Project-assigned DS analog MOVE_TERRAIN_PULSE (808) because of wave/pulse attack. This is a reviewable baseline, not a claim that the source fangame used this animation; replace or customize during visual approval if needed."
"FALCONPUNCH","Falcon Punch","Flying","Physical","direct hg-engine DS reuse assigned","animations/hg-engine/gen8/826.s","826","reuse existing hg-engine DS animation script as review baseline","Project-assigned DS analog MOVE_THUNDEROUS_KICK (826) because of close-range strike. This is a reviewable baseline, not a claim that the source fangame used this animation; replace or customize during visual approval if needed."
"FIREBOMB","Fire Bomb","Fire","Physical","direct hg-engine DS reuse assigned","animations/hg-engine/gen7/683.s","683","reuse existing hg-engine DS animation script as review baseline","Project-assigned DS analog MOVE_FIRE_LASH (683) because of Fire physical visual fit. This is a reviewable baseline, not a claim that the source fangame used this animation; replace or customize during visual approval if needed."
"FIZZBITCH","Fizzbitch","Grass","Special","direct hg-engine DS reuse assigned","animations/hg-engine/gen8/838.s","838","reuse existing hg-engine DS animation script as review baseline","Project-assigned DS analog MOVE_CHLOROBLAST (838) because of Grass special visual fit. This is a reviewable baseline, not a claim that the source fangame used this animation; replace or customize during visual approval if needed."
"FORYOU","For You","Fighting","Physical","direct hg-engine DS reuse assigned","animations/hg-engine/gen8/826.s","826","reuse existing hg-engine DS animation script as review baseline","Project-assigned DS analog MOVE_THUNDEROUS_KICK (826) because of Fighting physical visual fit. This is a reviewable baseline, not a claim that the source fangame used this animation; replace or customize during visual approval if needed."
"FUTABABREAK","Futaba Break","Grass","Physical","direct hg-engine DS reuse assigned","animations/hg-engine/gen7/672.s","672","reuse existing hg-engine DS animation script as review baseline","Project-assigned DS analog MOVE_SOLAR_BLADE (672) because of Grass physical visual fit. This is a reviewable baseline, not a claim that the source fangame used this animation; replace or customize during visual approval if needed."
"HOLYDUTY","Holy Duty","Fire","Special","direct hg-engine DS reuse assigned","animations/hg-engine/gen9/893.s","893","reuse existing hg-engine DS animation script as review baseline","Project-assigned DS analog MOVE_ARMOR_CANNON (893) because of Fire special visual fit. This is a reviewable baseline, not a claim that the source fangame used this animation; replace or customize during visual approval if needed."
"LACTOSESHOT","Lactose Shot","Fairy","Special","direct hg-engine DS reuse assigned","animations/hg-engine/gen7/708.s","708","reuse existing hg-engine DS animation script as review baseline","Project-assigned DS analog MOVE_FLEUR_CANNON (708) because of Fairy special visual fit. This is a reviewable baseline, not a claim that the source fangame used this animation; replace or customize during visual approval if needed."
"MEME","Meme","???","Special","direct hg-engine DS reuse assigned","animations/hg-engine/gen5/549.s","549","reuse existing hg-engine DS animation script as review baseline","Project-assigned DS analog MOVE_TECHNO_BLAST (549) because of ??? special visual fit. This is a reviewable baseline, not a claim that the source fangame used this animation; replace or customize during visual approval if needed."
"OVERENERGIZE","Overenergize","Electric","Special","direct hg-engine DS reuse assigned","animations/hg-engine/gen9/908.s","908","reuse existing hg-engine DS animation script as review baseline","Project-assigned DS analog MOVE_ELECTRO_SHOT (908) because of Electric special visual fit. This is a reviewable baseline, not a claim that the source fangame used this animation; replace or customize during visual approval if needed."
"OWTHEEDGE","Ow The Edge","Dark","Physical","direct hg-engine DS reuse assigned","animations/hg-engine/gen9/872.s","872","reuse existing hg-engine DS animation script as review baseline","Project-assigned DS analog MOVE_KOWTOW_CLEAVE (872) because of blade/slash attack. This is a reviewable baseline, not a claim that the source fangame used this animation; replace or customize during visual approval if needed."
"PUKEBLOOD","Puke Blood","Bug","Special","direct hg-engine DS reuse assigned","animations/hg-engine/gen7/679.s","679","reuse existing hg-engine DS animation script as review baseline","Project-assigned DS analog MOVE_POLLEN_PUFF (679) because of high-impact/recoil attack. This is a reviewable baseline, not a claim that the source fangame used this animation; replace or customize during visual approval if needed."
"PUNCHOUT","Punch Out","Fighting","Physical","direct hg-engine DS reuse assigned","animations/hg-engine/gen8/826.s","826","reuse existing hg-engine DS animation script as review baseline","Project-assigned DS analog MOVE_THUNDEROUS_KICK (826) because of close-range strike. This is a reviewable baseline, not a claim that the source fangame used this animation; replace or customize during visual approval if needed."
"REGENERATE","Regenerate","Grass","Status","direct hg-engine DS reuse assigned","animations/hg-engine/gen6/599.s","599","reuse existing hg-engine DS animation script as review baseline","Project-assigned DS analog MOVE_SPIKY_SHIELD (599) because of protection/barrier effect. This is a reviewable baseline, not a claim that the source fangame used this animation; replace or customize during visual approval if needed."
"RIOTSHIELD","Riot Shield","Fighting","Physical","direct hg-engine DS reuse assigned","animations/hg-engine/gen8/826.s","826","reuse existing hg-engine DS animation script as review baseline","Project-assigned DS analog MOVE_THUNDEROUS_KICK (826) because of Fighting physical visual fit. This is a reviewable baseline, not a claim that the source fangame used this animation; replace or customize during visual approval if needed."
"SHITPOST","Shitpost","Ground","Physical","direct hg-engine DS reuse assigned","animations/hg-engine/gen8/841.s","841","reuse existing hg-engine DS animation script as review baseline","Project-assigned DS analog MOVE_HEADLONG_RUSH (841) because of Ground physical visual fit. This is a reviewable baseline, not a claim that the source fangame used this animation; replace or customize during visual approval if needed."
"SPOOKOUT","Spook Out","Ghost","Physical","direct hg-engine DS reuse assigned","animations/hg-engine/gen6/589.s","589","reuse existing hg-engine DS animation script as review baseline","Project-assigned DS analog MOVE_BOOMBURST (589) because of sound-based attack. This is a reviewable baseline, not a claim that the source fangame used this animation; replace or customize during visual approval if needed."
"STRATOBLADE","Strato Blade","Flying","Physical","direct hg-engine DS reuse assigned","animations/hg-engine/gen5/536.s","536","reuse existing hg-engine DS animation script as review baseline","Project-assigned DS analog MOVE_SACRED_SWORD (536) because of blade/slash attack. This is a reviewable baseline, not a claim that the source fangame used this animation; replace or customize during visual approval if needed."
"SUPERSNORE","Super Snore","Ice","Physical","direct hg-engine DS reuse assigned","animations/hg-engine/gen6/589.s","589","reuse existing hg-engine DS animation script as review baseline","Project-assigned DS analog MOVE_BOOMBURST (589) because of sound-based attack. This is a reviewable baseline, not a claim that the source fangame used this animation; replace or customize during visual approval if needed."
"SWINDLE","Swindle","Dark","Special","direct hg-engine DS reuse assigned","animations/hg-engine/gen8/825.s","825","reuse existing hg-engine DS animation script as review baseline","Project-assigned DS analog MOVE_FIERY_WRATH (825) because of Dark special visual fit. This is a reviewable baseline, not a claim that the source fangame used this animation; replace or customize during visual approval if needed."
"TOKE","Toke","Fire","Status","direct hg-engine DS reuse assigned","animations/hg-engine/gen6/599.s","599","reuse existing hg-engine DS animation script as review baseline","Project-assigned DS analog MOVE_SPIKY_SHIELD (599) because of protection/barrier effect. This is a reviewable baseline, not a claim that the source fangame used this animation; replace or customize during visual approval if needed."
"TOXIRAVAGE","Toxiravage","Poison","Physical","direct hg-engine DS reuse assigned","animations/hg-engine/gen7/663.s","663","reuse existing hg-engine DS animation script as review baseline","Project-assigned DS analog MOVE_FIRST_IMPRESSION (663) because of priority/fast-strike effect. This is a reviewable baseline, not a claim that the source fangame used this animation; replace or customize during visual approval if needed."
"TRIGGER","Trigger","Psychic","Physical","direct hg-engine DS reuse assigned","animations/hg-engine/gen7/709.s","709","reuse existing hg-engine DS animation script as review baseline","Project-assigned DS analog MOVE_PSYCHIC_FANGS (709) because of Psychic physical visual fit. This is a reviewable baseline, not a claim that the source fangame used this animation; replace or customize during visual approval if needed."
"SUDOKU","Sudoku","Normal","Status","direct hg-engine DS reuse assigned","animations/hg-engine/gen6/599.s","599","reuse existing hg-engine DS animation script as review baseline","Project-assigned DS analog MOVE_SPIKY_SHIELD (599) because of protection/barrier effect. This is a reviewable baseline, not a claim that the source fangame used this animation; replace or customize during visual approval if needed."
"TIROTEO","Tiroteo","Dark","Physical","direct hg-engine DS reuse assigned","animations/hg-engine/gen5/544.s","544","reuse existing hg-engine DS animation script as review baseline","Project-assigned DS analog MOVE_TAIL_SLAP (544) because of multi-hit attack. This is a reviewable baseline, not a claim that the source fangame used this animation; replace or customize during visual approval if needed."
"ELECTROBABA","Electrobaba","Electric","Special","direct hg-engine DS reuse assigned","animations/hg-engine/gen9/908.s","908","reuse existing hg-engine DS animation script as review baseline","Project-assigned DS analog MOVE_ELECTRO_SHOT (908) because of Electric special visual fit. This is a reviewable baseline, not a claim that the source fangame used this animation; replace or customize during visual approval if needed."
"FUEGOLUNAR","Fuego Lunar","Fire","Special","direct hg-engine DS reuse assigned","animations/hg-engine/gen9/893.s","893","reuse existing hg-engine DS animation script as review baseline","Project-assigned DS analog MOVE_ARMOR_CANNON (893) because of Fire special visual fit. This is a reviewable baseline, not a claim that the source fangame used this animation; replace or customize during visual approval if needed."
"ROMPEHIELOS","Rompehielos","Ice","Physical","direct hg-engine DS reuse assigned","animations/hg-engine/gen8/816.s","816","reuse existing hg-engine DS animation script as review baseline","Project-assigned DS analog MOVE_TRIPLE_AXEL (816) because of high-impact/recoil attack. This is a reviewable baseline, not a claim that the source fangame used this animation; replace or customize during visual approval if needed."
"TRINCHAR","Trinchar","Steel","Physical","direct hg-engine DS reuse assigned","animations/hg-engine/gen5/547.s","547","reuse existing hg-engine DS animation script as review baseline","Project-assigned DS analog MOVE_GEAR_GRIND (547) because of multi-hit attack. This is a reviewable baseline, not a claim that the source fangame used this animation; replace or customize during visual approval if needed."
"DESBANDADA","Desbandada","Flying","Physical","direct hg-engine DS reuse assigned","animations/hg-engine/gen6/623.s","623","reuse existing hg-engine DS animation script as review baseline","Project-assigned DS analog MOVE_DRAGON_ASCENT (623) because of Flying physical visual fit. This is a reviewable baseline, not a claim that the source fangame used this animation; replace or customize during visual approval if needed."
"FIEBREORO","Fiebre del Oro","Dark","Status","direct hg-engine DS reuse assigned","animations/hg-engine/gen5/511.s","511","reuse existing hg-engine DS animation script as review baseline","Project-assigned DS analog MOVE_SHIFT_GEAR (511) because of Speed-changing effect. This is a reviewable baseline, not a claim that the source fangame used this animation; replace or customize during visual approval if needed."
"MALDIGNICION","Maldignición","Ghost","Special","direct hg-engine DS reuse assigned","animations/hg-engine/gen8/828.s","828","reuse existing hg-engine DS animation script as review baseline","Project-assigned DS analog MOVE_ASTRAL_BARRAGE (828) because of Ghost special visual fit. This is a reviewable baseline, not a claim that the source fangame used this animation; replace or customize during visual approval if needed."
"LIMPIASUENOS","Limpia Sueños","Fairy","Special","direct hg-engine DS reuse assigned","animations/hg-engine/gen6/580.s","580","reuse existing hg-engine DS animation script as review baseline","Project-assigned DS analog MOVE_DRAINING_KISS (580) because of draining attack. This is a reviewable baseline, not a claim that the source fangame used this animation; replace or customize during visual approval if needed."
"ALAFUNESTA","Ala Funesta","Flying","Special","direct hg-engine DS reuse assigned","animations/hg-engine/gen6/616.s","616","reuse existing hg-engine DS animation script as review baseline","Project-assigned DS analog MOVE_OBLIVION_WING (616) because of draining attack. This is a reviewable baseline, not a claim that the source fangame used this animation; replace or customize during visual approval if needed."
"FURIATOTEMICA","Furia Totémica","Ground","Special","direct hg-engine DS reuse assigned","animations/hg-engine/gen8/851.s","851","reuse existing hg-engine DS animation script as review baseline","Project-assigned DS analog MOVE_SANDSEAR_STORM (851) because of Ground special visual fit. This is a reviewable baseline, not a claim that the source fangame used this animation; replace or customize during visual approval if needed."
"ZARZAS","Zarzas","Grass","Physical","direct hg-engine DS reuse assigned","animations/hg-engine/gen7/672.s","672","reuse existing hg-engine DS animation script as review baseline","Project-assigned DS analog MOVE_SOLAR_BLADE (672) because of Grass physical visual fit. This is a reviewable baseline, not a claim that the source fangame used this animation; replace or customize during visual approval if needed."
"SOMBRATELA","Sombratela","Dark","Physical","direct hg-engine DS reuse assigned","animations/hg-engine/gen9/872.s","872","reuse existing hg-engine DS animation script as review baseline","Project-assigned DS analog MOVE_KOWTOW_CLEAVE (872) because of Dark physical visual fit. This is a reviewable baseline, not a claim that the source fangame used this animation; replace or customize during visual approval if needed."
"ABRAZOFEROZ","Abrazo Feroz","Dark","Physical","direct hg-engine DS reuse assigned","animations/hg-engine/gen9/872.s","872","reuse existing hg-engine DS animation script as review baseline","Project-assigned DS analog MOVE_KOWTOW_CLEAVE (872) because of Dark physical visual fit. This is a reviewable baseline, not a claim that the source fangame used this animation; replace or customize during visual approval if needed."
"GEOIMPACTO","Geoimpacto","Ground","Special","direct hg-engine DS reuse assigned","animations/hg-engine/gen8/851.s","851","reuse existing hg-engine DS animation script as review baseline","Project-assigned DS analog MOVE_SANDSEAR_STORM (851) because of Ground special visual fit. This is a reviewable baseline, not a claim that the source fangame used this animation; replace or customize during visual approval if needed."
"PIPADELAPAZ","Pipa de la Paz","Psychic","Special","direct hg-engine DS reuse assigned","animations/hg-engine/gen9/858.s","858","reuse existing hg-engine DS animation script as review baseline","Project-assigned DS analog MOVE_LUMINA_CRASH (858) because of Psychic special visual fit. This is a reviewable baseline, not a claim that the source fangame used this animation; replace or customize during visual approval if needed."
"BORRASCA","Borrasca","Electric","Special","direct hg-engine DS reuse assigned","animations/hg-engine/gen9/908.s","908","reuse existing hg-engine DS animation script as review baseline","Project-assigned DS analog MOVE_ELECTRO_SHOT (908) because of Electric special visual fit. This is a reviewable baseline, not a claim that the source fangame used this animation; replace or customize during visual approval if needed."
"OJOSTERRIBLES","Ojos Terribles","Ghost","Special","direct hg-engine DS reuse assigned","animations/hg-engine/gen8/828.s","828","reuse existing hg-engine DS animation script as review baseline","Project-assigned DS analog MOVE_ASTRAL_BARRAGE (828) because of Ghost special visual fit. This is a reviewable baseline, not a claim that the source fangame used this animation; replace or customize during visual approval if needed."
"DRENANIMA","Drenánima","Ghost","Special","direct hg-engine DS reuse assigned","animations/hg-engine/gen6/616.s","616","reuse existing hg-engine DS animation script as review baseline","Project-assigned DS analog MOVE_OBLIVION_WING (616) because of draining attack. This is a reviewable baseline, not a claim that the source fangame used this animation; replace or customize during visual approval if needed."
"DANZAVUDU","Danza Vudú","Poison","Special","direct hg-engine DS reuse assigned","animations/hg-engine/gen9/922.s","922","reuse existing hg-engine DS animation script as review baseline","Project-assigned DS analog MOVE_MALIGNANT_CHAIN (922) because of Poison special visual fit. This is a reviewable baseline, not a claim that the source fangame used this animation; replace or customize during visual approval if needed."
"CHOQUEVAPOR","Choque Vapor","Fire","Physical","direct hg-engine DS reuse assigned","animations/hg-engine/gen7/683.s","683","reuse existing hg-engine DS animation script as review baseline","Project-assigned DS analog MOVE_FIRE_LASH (683) because of Fire physical visual fit. This is a reviewable baseline, not a claim that the source fangame used this animation; replace or customize during visual approval if needed."
"PATADAGELIDA","Patada Gélida","Ice","Physical","direct hg-engine DS reuse assigned","animations/hg-engine/gen8/816.s","816","reuse existing hg-engine DS animation script as review baseline","Project-assigned DS analog MOVE_TRIPLE_AXEL (816) because of Ice physical visual fit. This is a reviewable baseline, not a claim that the source fangame used this animation; replace or customize during visual approval if needed."
"COLMILLOSALVAJE","Colm. Salvaje","Normal","Physical","direct hg-engine DS reuse assigned","animations/hg-engine/gen5/546.s","546","reuse existing hg-engine DS animation script as review baseline","Project-assigned DS analog MOVE_HEAD_CHARGE (546) because of Normal physical visual fit. This is a reviewable baseline, not a claim that the source fangame used this animation; replace or customize during visual approval if needed."
"BRAZOMUSGO","Brazo Musgo","Grass","Physical","direct hg-engine DS reuse assigned","animations/hg-engine/gen8/826.s","826","reuse existing hg-engine DS animation script as review baseline","Project-assigned DS analog MOVE_THUNDEROUS_KICK (826) because of close-range strike. This is a reviewable baseline, not a claim that the source fangame used this animation; replace or customize during visual approval if needed."
"LASERESENCIA","Láser Esencia","Normal","Special","direct hg-engine DS reuse assigned","animations/hg-engine/gen5/549.s","549","reuse existing hg-engine DS animation script as review baseline","Project-assigned DS analog MOVE_TECHNO_BLAST (549) because of beam/projectile attack. This is a reviewable baseline, not a claim that the source fangame used this animation; replace or customize during visual approval if needed."
"CARICATURA","Caricatura","Normal","Special","direct hg-engine DS reuse assigned","animations/hg-engine/gen6/589.s","589","reuse existing hg-engine DS animation script as review baseline","Project-assigned DS analog MOVE_BOOMBURST (589) because of Normal special visual fit. This is a reviewable baseline, not a claim that the source fangame used this animation; replace or customize during visual approval if needed."
"FLECHASTRAL","Flecha Astral","Fairy","Physical","direct hg-engine DS reuse assigned","animations/hg-engine/gen5/544.s","544","reuse existing hg-engine DS animation script as review baseline","Project-assigned DS analog MOVE_TAIL_SLAP (544) because of multi-hit attack. This is a reviewable baseline, not a claim that the source fangame used this animation; replace or customize during visual approval if needed."
"LINGOTAZO","Lingotazo","Rock","Physical","direct hg-engine DS reuse assigned","animations/hg-engine/gen9/913.s","913","reuse existing hg-engine DS animation script as review baseline","Project-assigned DS analog MOVE_MIGHTY_CLEAVE (913) because of Rock physical visual fit. This is a reviewable baseline, not a claim that the source fangame used this animation; replace or customize during visual approval if needed."
"ABSORBESENCIA","Absorbesencia","Ghost","Physical","direct hg-engine DS reuse assigned","animations/hg-engine/gen6/616.s","616","reuse existing hg-engine DS animation script as review baseline","Project-assigned DS analog MOVE_OBLIVION_WING (616) because of draining attack. This is a reviewable baseline, not a claim that the source fangame used this animation; replace or customize during visual approval if needed."
"FUERZAESENCIA","Fuerzaesencia","Psychic","Special","direct hg-engine DS reuse assigned","animations/hg-engine/gen7/714.s","714","reuse existing hg-engine DS animation script as review baseline","Project-assigned DS analog MOVE_PRISMATIC_LASER (714) because of beam/projectile attack. This is a reviewable baseline, not a claim that the source fangame used this animation; replace or customize during visual approval if needed."
"MAGIKARPSREVENGE","Magikarp's Revenge","Water","Physical","direct hg-engine DS reuse assigned","animations/hg-engine/gen6/616.s","616","reuse existing hg-engine DS animation script as review baseline","Project-assigned DS analog MOVE_OBLIVION_WING (616) because of draining attack. This is a reviewable baseline, not a claim that the source fangame used this animation; replace or customize during visual approval if needed."
"ZEALOUSDANCE","Zealous Dance","Dragon","Special","direct hg-engine DS reuse assigned","animations/hg-engine/gen8/823.s","823","reuse existing hg-engine DS animation script as review baseline","Project-assigned DS analog MOVE_DRAGON_ENERGY (823) because of Dragon special visual fit. This is a reviewable baseline, not a claim that the source fangame used this animation; replace or customize during visual approval if needed."
"PSYCRUSH","Psycrush","Psychic","Special","direct hg-engine DS reuse assigned","animations/hg-engine/gen9/858.s","858","reuse existing hg-engine DS animation script as review baseline","Project-assigned DS analog MOVE_LUMINA_CRASH (858) because of Psychic special visual fit. This is a reviewable baseline, not a claim that the source fangame used this animation; replace or customize during visual approval if needed."
"KINETICREND","Kinetic Rend","Psychic","Special","direct hg-engine DS reuse assigned","animations/hg-engine/gen9/858.s","858","reuse existing hg-engine DS animation script as review baseline","Project-assigned DS analog MOVE_LUMINA_CRASH (858) because of Psychic special visual fit. This is a reviewable baseline, not a claim that the source fangame used this animation; replace or customize during visual approval if needed."
"FROSTKICK","Frost Kick","Ice","Physical","direct hg-engine DS reuse assigned","animations/hg-engine/gen8/816.s","816","reuse existing hg-engine DS animation script as review baseline","Project-assigned DS analog MOVE_TRIPLE_AXEL (816) because of Ice physical visual fit. This is a reviewable baseline, not a claim that the source fangame used this animation; replace or customize during visual approval if needed."
"SCOURINGWINDS","Scouring Winds","Flying","Special","direct hg-engine DS reuse assigned","animations/hg-engine/gen8/849.s","849","reuse existing hg-engine DS animation script as review baseline","Project-assigned DS analog MOVE_BLEAKWIND_STORM (849) because of Flying special visual fit. This is a reviewable baseline, not a claim that the source fangame used this animation; replace or customize during visual approval if needed."
"BITINGCOLD","Biting Cold","Ice","Status","direct hg-engine DS reuse assigned","animations/hg-engine/gen7/697.s","697","reuse existing hg-engine DS animation script as review baseline","Project-assigned DS analog MOVE_AURORA_VEIL (697) because of Ice status visual fit. This is a reviewable baseline, not a claim that the source fangame used this animation; replace or customize during visual approval if needed."
"FORCEWAVE","Force Wave","Fighting","Special","direct hg-engine DS reuse assigned","animations/hg-engine/gen8/808.s","808","reuse existing hg-engine DS animation script as review baseline","Project-assigned DS analog MOVE_TERRAIN_PULSE (808) because of wave/pulse attack. This is a reviewable baseline, not a claim that the source fangame used this animation; replace or customize during visual approval if needed."
"GEODEBURST","Geode Burst","Rock","Special","direct hg-engine DS reuse assigned","animations/hg-engine/gen8/803.s","803","reuse existing hg-engine DS animation script as review baseline","Project-assigned DS analog MOVE_METEOR_BEAM (803) because of Rock special visual fit. This is a reviewable baseline, not a claim that the source fangame used this animation; replace or customize during visual approval if needed."
"EXCITE","Excite","Normal","Status","direct hg-engine DS reuse assigned","animations/hg-engine/gen5/529.s","529","reuse existing hg-engine DS animation script as review baseline","Project-assigned DS analog MOVE_WORK_UP (529) because of offensive stat effect. This is a reviewable baseline, not a claim that the source fangame used this animation; replace or customize during visual approval if needed."
"SCATTERDUST","Scatterdust","Bug","Special","direct hg-engine DS reuse assigned","animations/hg-engine/gen7/679.s","679","reuse existing hg-engine DS animation script as review baseline","Project-assigned DS analog MOVE_POLLEN_PUFF (679) because of Bug special visual fit. This is a reviewable baseline, not a claim that the source fangame used this animation; replace or customize during visual approval if needed."
"SUPERNOVA","Impact Event","Fire","Physical","direct hg-engine DS reuse assigned","animations/hg-engine/gen7/683.s","683","reuse existing hg-engine DS animation script as review baseline","Project-assigned DS analog MOVE_FIRE_LASH (683) because of Fire physical visual fit. This is a reviewable baseline, not a claim that the source fangame used this animation; replace or customize during visual approval if needed."
"PEPPERSPRAY","Pepper Spray","Grass","Special","direct hg-engine DS reuse assigned","animations/hg-engine/gen8/838.s","838","reuse existing hg-engine DS animation script as review baseline","Project-assigned DS analog MOVE_CHLOROBLAST (838) because of beam/projectile attack. This is a reviewable baseline, not a claim that the source fangame used this animation; replace or customize during visual approval if needed."
"TITANSWRATH","Titan's Wrath","Qmarks","Special","direct hg-engine DS reuse assigned","animations/hg-engine/gen5/549.s","549","reuse existing hg-engine DS animation script as review baseline","Project-assigned DS analog MOVE_TECHNO_BLAST (549) because of Qmarks special visual fit. This is a reviewable baseline, not a claim that the source fangame used this animation; replace or customize during visual approval if needed."
"SIRENSONG","Siren Song","Water","Special","direct hg-engine DS reuse assigned","animations/hg-engine/gen6/589.s","589","reuse existing hg-engine DS animation script as review baseline","Project-assigned DS analog MOVE_BOOMBURST (589) because of sound-based attack. This is a reviewable baseline, not a claim that the source fangame used this animation; replace or customize during visual approval if needed."
"REBALANCING","Rebalancing","Fighting","Status","direct hg-engine DS reuse assigned","animations/hg-engine/gen8/840.s","840","reuse existing hg-engine DS animation script as review baseline","Project-assigned DS analog MOVE_VICTORY_DANCE (840) because of Fighting status visual fit. This is a reviewable baseline, not a claim that the source fangame used this animation; replace or customize during visual approval if needed."
"FRIGIDMAW","Frigid Maw","Ice","Physical","direct hg-engine DS reuse assigned","animations/hg-engine/gen8/816.s","816","reuse existing hg-engine DS animation script as review baseline","Project-assigned DS analog MOVE_TRIPLE_AXEL (816) because of Ice physical visual fit. This is a reviewable baseline, not a claim that the source fangame used this animation; replace or customize during visual approval if needed."
"MANADRAIN","Mana Drain","Dragon","Special","direct hg-engine DS reuse assigned","animations/hg-engine/gen6/616.s","616","reuse existing hg-engine DS animation script as review baseline","Project-assigned DS analog MOVE_OBLIVION_WING (616) because of draining attack. This is a reviewable baseline, not a claim that the source fangame used this animation; replace or customize during visual approval if needed."
"STEAMBURST","Steam Burst","Fire","Special","direct hg-engine DS reuse assigned","animations/hg-engine/gen5/549.s","549","reuse existing hg-engine DS animation script as review baseline","Project-assigned DS analog MOVE_TECHNO_BLAST (549) because of beam/projectile attack. This is a reviewable baseline, not a claim that the source fangame used this animation; replace or customize during visual approval if needed."
"QUESOBLAST","Queso Blast","Qmarks","Physical","direct hg-engine DS reuse assigned","animations/hg-engine/gen7/721.s","721","reuse existing hg-engine DS animation script as review baseline","Project-assigned DS analog MOVE_MULTI_ATTACK (721) because of Qmarks physical visual fit. This is a reviewable baseline, not a claim that the source fangame used this animation; replace or customize during visual approval if needed."
"THOUSANDFOLDS","Thousand Folds","Steel","Physical","direct hg-engine DS reuse assigned","animations/hg-engine/gen8/784.s","784","reuse existing hg-engine DS animation script as review baseline","Project-assigned DS analog MOVE_BEHEMOTH_BLADE (784) because of blade/slash attack. This is a reviewable baseline, not a claim that the source fangame used this animation; replace or customize during visual approval if needed."
"SPLINTERSHOT","Splinter Shot","Grass","Physical","direct hg-engine DS reuse assigned","animations/hg-engine/gen7/672.s","672","reuse existing hg-engine DS animation script as review baseline","Project-assigned DS analog MOVE_SOLAR_BLADE (672) because of Grass physical visual fit. This is a reviewable baseline, not a claim that the source fangame used this animation; replace or customize during visual approval if needed."
"BOOMINSTALL","Virus Inject","Qmarks","Status","direct hg-engine DS reuse assigned","animations/hg-engine/gen6/609.s","609","reuse existing hg-engine DS animation script as review baseline","Project-assigned DS analog MOVE_CELEBRATE (609) because of Qmarks status visual fit. This is a reviewable baseline, not a claim that the source fangame used this animation; replace or customize during visual approval if needed."
"TRIMTACKLE","Trim Tackle","Normal","Physical","direct hg-engine DS reuse assigned","animations/hg-engine/gen7/663.s","663","reuse existing hg-engine DS animation script as review baseline","Project-assigned DS analog MOVE_FIRST_IMPRESSION (663) because of priority/fast-strike effect. This is a reviewable baseline, not a claim that the source fangame used this animation; replace or customize during visual approval if needed."
"STALAGBITE","Stalagbite","Rock","Physical","direct hg-engine DS reuse assigned","animations/hg-engine/gen9/913.s","913","reuse existing hg-engine DS animation script as review baseline","Project-assigned DS analog MOVE_MIGHTY_CLEAVE (913) because of Rock physical visual fit. This is a reviewable baseline, not a claim that the source fangame used this animation; replace or customize during visual approval if needed."
"GLACIALGULF","Glacial Gulf","Ice","Status","direct hg-engine DS reuse assigned","animations/hg-engine/gen8/794.s","794","reuse existing hg-engine DS animation script as review baseline","Project-assigned DS analog MOVE_LIFE_DEW (794) because of healing/restoration effect. This is a reviewable baseline, not a claim that the source fangame used this animation; replace or customize during visual approval if needed."
"GOLDENSPLASH","Golden Splash","Water","Special","direct hg-engine DS reuse assigned","animations/hg-engine/gen6/621.s","621","reuse existing hg-engine DS animation script as review baseline","Project-assigned DS analog MOVE_ORIGIN_PULSE (621) because of Water special visual fit. This is a reviewable baseline, not a claim that the source fangame used this animation; replace or customize during visual approval if needed."
"PLEGARIACALAMO","Plegaria Cálamo","Flying","Special","direct hg-engine DS reuse assigned","animations/hg-engine/gen8/849.s","849","reuse existing hg-engine DS animation script as review baseline","Project-assigned DS analog MOVE_BLEAKWIND_STORM (849) because of Flying special visual fit. This is a reviewable baseline, not a claim that the source fangame used this animation; replace or customize during visual approval if needed."
"PUNZADABURBUJA","Púa Burbuja","Water","Physical","direct hg-engine DS reuse assigned","animations/hg-engine/gen8/837.s","837","reuse existing hg-engine DS animation script as review baseline","Project-assigned DS analog MOVE_WAVE_CRASH (837) because of Water physical visual fit. This is a reviewable baseline, not a claim that the source fangame used this animation; replace or customize during visual approval if needed."
"FLORALETEO","Floraleteo","Grass","Special","direct hg-engine DS reuse assigned","animations/hg-engine/gen8/838.s","838","reuse existing hg-engine DS animation script as review baseline","Project-assigned DS analog MOVE_CHLOROBLAST (838) because of Grass special visual fit. This is a reviewable baseline, not a claim that the source fangame used this animation; replace or customize during visual approval if needed."
"CUERNARDIENTE","Cuerno Ígneo","Fire","Physical","direct hg-engine DS reuse assigned","animations/hg-engine/gen7/683.s","683","reuse existing hg-engine DS animation script as review baseline","Project-assigned DS analog MOVE_FIRE_LASH (683) because of Fire physical visual fit. This is a reviewable baseline, not a claim that the source fangame used this animation; replace or customize during visual approval if needed."
"FERMENTACION","Fermentación","Poison","Special","direct hg-engine DS reuse assigned","animations/hg-engine/gen9/922.s","922","reuse existing hg-engine DS animation script as review baseline","Project-assigned DS analog MOVE_MALIGNANT_CHAIN (922) because of Poison special visual fit. This is a reviewable baseline, not a claim that the source fangame used this animation; replace or customize during visual approval if needed."
"PROTOPLUMA","Protopluma","Rock","Physical","direct hg-engine DS reuse assigned","animations/hg-engine/gen9/913.s","913","reuse existing hg-engine DS animation script as review baseline","Project-assigned DS analog MOVE_MIGHTY_CLEAVE (913) because of Rock physical visual fit. This is a reviewable baseline, not a claim that the source fangame used this animation; replace or customize during visual approval if needed."
"PODERNINFA","Poder Ninfa","Fairy","Physical","direct hg-engine DS reuse assigned","animations/hg-engine/gen8/792.s","792","reuse existing hg-engine DS animation script as review baseline","Project-assigned DS analog MOVE_SPIRIT_BREAK (792) because of Fairy physical visual fit. This is a reviewable baseline, not a claim that the source fangame used this animation; replace or customize during visual approval if needed."
"PODERIGNIS","Poder Ignis","Fire","Special","direct hg-engine DS reuse assigned","animations/hg-engine/gen9/893.s","893","reuse existing hg-engine DS animation script as review baseline","Project-assigned DS analog MOVE_ARMOR_CANNON (893) because of Fire special visual fit. This is a reviewable baseline, not a claim that the source fangame used this animation; replace or customize during visual approval if needed."
"PODERVOLTA","Poder Volta","Electric","Special","direct hg-engine DS reuse assigned","animations/hg-engine/gen9/908.s","908","reuse existing hg-engine DS animation script as review baseline","Project-assigned DS analog MOVE_ELECTRO_SHOT (908) because of Electric special visual fit. This is a reviewable baseline, not a claim that the source fangame used this animation; replace or customize during visual approval if needed."
"PODERCIMEX","Poder Cimex","Bug","Physical","direct hg-engine DS reuse assigned","animations/hg-engine/gen7/663.s","663","reuse existing hg-engine DS animation script as review baseline","Project-assigned DS analog MOVE_FIRST_IMPRESSION (663) because of Bug physical visual fit. This is a reviewable baseline, not a claim that the source fangame used this animation; replace or customize during visual approval if needed."
"PODERAQUA","Poder Aqua","Water","Special","direct hg-engine DS reuse assigned","animations/hg-engine/gen6/621.s","621","reuse existing hg-engine DS animation script as review baseline","Project-assigned DS analog MOVE_ORIGIN_PULSE (621) because of Water special visual fit. This is a reviewable baseline, not a claim that the source fangame used this animation; replace or customize during visual approval if needed."
"ARENAILUSORIA","Arena Ilusoria","Ground","Special","direct hg-engine DS reuse assigned","animations/hg-engine/gen8/851.s","851","reuse existing hg-engine DS animation script as review baseline","Project-assigned DS analog MOVE_SANDSEAR_STORM (851) because of Ground special visual fit. This is a reviewable baseline, not a claim that the source fangame used this animation; replace or customize during visual approval if needed."
"LLUVIAPUNOS","Lluvia de Puños","Fighting","Physical","direct hg-engine DS reuse assigned","animations/hg-engine/gen8/826.s","826","reuse existing hg-engine DS animation script as review baseline","Project-assigned DS analog MOVE_THUNDEROUS_KICK (826) because of close-range strike. This is a reviewable baseline, not a claim that the source fangame used this animation; replace or customize during visual approval if needed."
"MPREDATORIO","Mordisco Feroz","Grass","Physical","direct hg-engine DS reuse assigned","animations/hg-engine/gen7/672.s","672","reuse existing hg-engine DS animation script as review baseline","Project-assigned DS analog MOVE_SOLAR_BLADE (672) because of Grass physical visual fit. This is a reviewable baseline, not a claim that the source fangame used this animation; replace or customize during visual approval if needed."
"MENTEREY","Semblante Real","Psychic","Special","direct hg-engine DS reuse assigned","animations/hg-engine/gen9/858.s","858","reuse existing hg-engine DS animation script as review baseline","Project-assigned DS analog MOVE_LUMINA_CRASH (858) because of Psychic special visual fit. This is a reviewable baseline, not a claim that the source fangame used this animation; replace or customize during visual approval if needed."
"PODEREVOL","Poder Evolutivo","Ground","Physical","direct hg-engine DS reuse assigned","animations/hg-engine/gen5/536.s","536","reuse existing hg-engine DS animation script as review baseline","Project-assigned DS analog MOVE_SACRED_SWORD (536) because of blade/slash attack. This is a reviewable baseline, not a claim that the source fangame used this animation; replace or customize during visual approval if needed."
"EBULLICIÓN","Ebullición","Water","Special","direct hg-engine DS reuse assigned","animations/hg-engine/gen6/621.s","621","reuse existing hg-engine DS animation script as review baseline","Project-assigned DS analog MOVE_ORIGIN_PULSE (621) because of Water special visual fit. This is a reviewable baseline, not a claim that the source fangame used this animation; replace or customize during visual approval if needed."
"TRESDESEOS","Tres Deseos","Fairy","Special","direct hg-engine DS reuse assigned","animations/hg-engine/gen5/544.s","544","reuse existing hg-engine DS animation script as review baseline","Project-assigned DS analog MOVE_TAIL_SLAP (544) because of multi-hit attack. This is a reviewable baseline, not a claim that the source fangame used this animation; replace or customize during visual approval if needed."
"RITOCHAMANICO","Rito Chamánico","Fire","Status","direct hg-engine DS reuse assigned","animations/hg-engine/gen8/794.s","794","reuse existing hg-engine DS animation script as review baseline","Project-assigned DS analog MOVE_LIFE_DEW (794) because of healing/restoration effect. This is a reviewable baseline, not a claim that the source fangame used this animation; replace or customize during visual approval if needed."
"GOLPESABANA","Golpe Sabana","Grass","Physical","direct hg-engine DS reuse assigned","animations/hg-engine/gen7/672.s","672","reuse existing hg-engine DS animation script as review baseline","Project-assigned DS analog MOVE_SOLAR_BLADE (672) because of Grass physical visual fit. This is a reviewable baseline, not a claim that the source fangame used this animation; replace or customize during visual approval if needed."
"AGUIJONLETAL","Ardor Nocivo","Poison","Special","direct hg-engine DS reuse assigned","animations/hg-engine/gen9/922.s","922","reuse existing hg-engine DS animation script as review baseline","Project-assigned DS analog MOVE_MALIGNANT_CHAIN (922) because of Poison special visual fit. This is a reviewable baseline, not a claim that the source fangame used this animation; replace or customize during visual approval if needed."
"VIRAZON","Virazón","Water","Physical","direct hg-engine DS reuse assigned","animations/hg-engine/gen8/837.s","837","reuse existing hg-engine DS animation script as review baseline","Project-assigned DS analog MOVE_WAVE_CRASH (837) because of Water physical visual fit. This is a reviewable baseline, not a claim that the source fangame used this animation; replace or customize during visual approval if needed."
"COMBUSCRIN","Combuscrin","Fire","Special","direct hg-engine DS reuse assigned","animations/hg-engine/gen9/893.s","893","reuse existing hg-engine DS animation script as review baseline","Project-assigned DS analog MOVE_ARMOR_CANNON (893) because of Fire special visual fit. This is a reviewable baseline, not a claim that the source fangame used this animation; replace or customize during visual approval if needed."
"MIGRACIÓN","Migración","Flying","Physical","direct hg-engine DS reuse assigned","animations/hg-engine/gen6/623.s","623","reuse existing hg-engine DS animation script as review baseline","Project-assigned DS analog MOVE_DRAGON_ASCENT (623) because of Flying physical visual fit. This is a reviewable baseline, not a claim that the source fangame used this animation; replace or customize during visual approval if needed."
"PATRONAJE","Patronaje","Shadow","Status","direct hg-engine DS reuse assigned","animations/hg-engine/gen6/570.s","570","reuse existing hg-engine DS animation script as review baseline","Project-assigned DS analog MOVE_TRICK_OR_TREAT (570) because of Shadow status visual fit. This is a reviewable baseline, not a claim that the source fangame used this animation; replace or customize during visual approval if needed."
"AEROGENERADOR","Aerogenerador","Electric","Special","direct hg-engine DS reuse assigned","animations/hg-engine/gen6/573.s","573","reuse existing hg-engine DS animation script as review baseline","Project-assigned DS analog MOVE_PARABOLIC_CHARGE (573) because of draining attack. This is a reviewable baseline, not a claim that the source fangame used this animation; replace or customize during visual approval if needed."
"HIEDRAAGIL","Hiedra Ágil","Grass","Physical","direct hg-engine DS reuse assigned","animations/hg-engine/gen7/663.s","663","reuse existing hg-engine DS animation script as review baseline","Project-assigned DS analog MOVE_FIRST_IMPRESSION (663) because of priority/fast-strike effect. This is a reviewable baseline, not a claim that the source fangame used this animation; replace or customize during visual approval if needed."
"TASER","Táser","Electric","Physical","direct hg-engine DS reuse assigned","animations/hg-engine/gen7/724.s","724","reuse existing hg-engine DS animation script as review baseline","Project-assigned DS analog MOVE_PLASMA_FISTS (724) because of Electric physical visual fit. This is a reviewable baseline, not a claim that the source fangame used this animation; replace or customize during visual approval if needed."
"AGUANOCIVA","Aguas Nocivas","Water","Special","direct hg-engine DS reuse assigned","animations/hg-engine/gen6/621.s","621","reuse existing hg-engine DS animation script as review baseline","Project-assigned DS analog MOVE_ORIGIN_PULSE (621) because of Water special visual fit. This is a reviewable baseline, not a claim that the source fangame used this animation; replace or customize during visual approval if needed."
"FUEGOCRUZADO","Fuego Cruzado","Fire","Physical","direct hg-engine DS reuse assigned","animations/hg-engine/gen7/663.s","663","reuse existing hg-engine DS animation script as review baseline","Project-assigned DS analog MOVE_FIRST_IMPRESSION (663) because of priority/fast-strike effect. This is a reviewable baseline, not a claim that the source fangame used this animation; replace or customize during visual approval if needed."
"CONJUROSOLAR","Fuerza Solar","Fairy","Special","direct hg-engine DS reuse assigned","animations/hg-engine/gen7/708.s","708","reuse existing hg-engine DS animation script as review baseline","Project-assigned DS analog MOVE_FLEUR_CANNON (708) because of Fairy special visual fit. This is a reviewable baseline, not a claim that the source fangame used this animation; replace or customize during visual approval if needed."
"CACAREO","Cacareo","Fairy","Special","direct hg-engine DS reuse assigned","animations/hg-engine/gen6/589.s","589","reuse existing hg-engine DS animation script as review baseline","Project-assigned DS analog MOVE_BOOMBURST (589) because of sound-based attack. This is a reviewable baseline, not a claim that the source fangame used this animation; replace or customize during visual approval if needed."
"TERRAL","Endodrenaje","Fire","Special","direct hg-engine DS reuse assigned","animations/hg-engine/gen6/616.s","616","reuse existing hg-engine DS animation script as review baseline","Project-assigned DS analog MOVE_OBLIVION_WING (616) because of draining attack. This is a reviewable baseline, not a claim that the source fangame used this animation; replace or customize during visual approval if needed."
"PODERPRIMATE","Poder Primate","Normal","Status","direct hg-engine DS reuse assigned","animations/hg-engine/gen5/511.s","511","reuse existing hg-engine DS animation script as review baseline","Project-assigned DS analog MOVE_SHIFT_GEAR (511) because of Speed-changing effect. This is a reviewable baseline, not a claim that the source fangame used this animation; replace or customize during visual approval if needed."
"ELECTROPUNZADA","Electropunzada","Electric","Physical","direct hg-engine DS reuse assigned","animations/hg-engine/gen7/724.s","724","reuse existing hg-engine DS animation script as review baseline","Project-assigned DS analog MOVE_PLASMA_FISTS (724) because of Electric physical visual fit. This is a reviewable baseline, not a claim that the source fangame used this animation; replace or customize during visual approval if needed."
"ELECTROARENA","Electroarena","Ground","Special","direct hg-engine DS reuse assigned","animations/hg-engine/gen6/589.s","589","reuse existing hg-engine DS animation script as review baseline","Project-assigned DS analog MOVE_BOOMBURST (589) because of sound-based attack. This is a reviewable baseline, not a claim that the source fangame used this animation; replace or customize during visual approval if needed."
"COMECEREBRO","Comecerebro","Ghost","Physical","direct hg-engine DS reuse assigned","animations/hg-engine/gen9/892.s","892","reuse existing hg-engine DS animation script as review baseline","Project-assigned DS analog MOVE_RAGE_FIST (892) because of close-range strike. This is a reviewable baseline, not a claim that the source fangame used this animation; replace or customize during visual approval if needed."
"ROCAVOLTAICA","Roca Voltaica","Rock","Special","direct hg-engine DS reuse assigned","animations/hg-engine/gen8/803.s","803","reuse existing hg-engine DS animation script as review baseline","Project-assigned DS analog MOVE_METEOR_BEAM (803) because of Rock special visual fit. This is a reviewable baseline, not a claim that the source fangame used this animation; replace or customize during visual approval if needed."
"GHOSTGALLOP","Galope Espectral","Ghost","Physical","direct hg-engine DS reuse assigned","animations/hg-engine/gen9/892.s","892","reuse existing hg-engine DS animation script as review baseline","Project-assigned DS analog MOVE_RAGE_FIST (892) because of Ghost physical visual fit. This is a reviewable baseline, not a claim that the source fangame used this animation; replace or customize during visual approval if needed."
"IRALLAMEANTE","Ira Llameante","Fire","Physical","direct hg-engine DS reuse assigned","animations/hg-engine/gen7/683.s","683","reuse existing hg-engine DS animation script as review baseline","Project-assigned DS analog MOVE_FIRE_LASH (683) because of Fire physical visual fit. This is a reviewable baseline, not a claim that the source fangame used this animation; replace or customize during visual approval if needed."
"ENFRIAR","Enfriar","Ice","Status","direct hg-engine DS reuse assigned","animations/hg-engine/gen7/697.s","697","reuse existing hg-engine DS animation script as review baseline","Project-assigned DS analog MOVE_AURORA_VEIL (697) because of Ice status visual fit. This is a reviewable baseline, not a claim that the source fangame used this animation; replace or customize during visual approval if needed."
"AHOGAMIENTO","Zambullida","Water","Special","direct hg-engine DS reuse assigned","animations/hg-engine/gen6/621.s","621","reuse existing hg-engine DS animation script as review baseline","Project-assigned DS analog MOVE_ORIGIN_PULSE (621) because of Water special visual fit. This is a reviewable baseline, not a claim that the source fangame used this animation; replace or customize during visual approval if needed."
"DESPRENDIMIENTO","Desprendimiento","Rock","Physical","direct hg-engine DS reuse assigned","animations/hg-engine/gen9/913.s","913","reuse existing hg-engine DS animation script as review baseline","Project-assigned DS analog MOVE_MIGHTY_CLEAVE (913) because of Rock physical visual fit. This is a reviewable baseline, not a claim that the source fangame used this animation; replace or customize during visual approval if needed."
"PUASSOBERANAS","Dardos Reales","Poison","Physical","direct hg-engine DS reuse assigned","animations/hg-engine/gen8/804.s","804","reuse existing hg-engine DS animation script as review baseline","Project-assigned DS analog MOVE_SHELL_SIDE_ARM (804) because of Poison physical visual fit. This is a reviewable baseline, not a claim that the source fangame used this animation; replace or customize during visual approval if needed."
"MORDISCOCARDUMEN","Mor. Cardúmen","Water","Physical","direct hg-engine DS reuse assigned","animations/hg-engine/gen8/821.s","821","reuse existing hg-engine DS animation script as review baseline","Project-assigned DS analog MOVE_SURGING_STRIKES (821) because of multi-hit attack. This is a reviewable baseline, not a claim that the source fangame used this animation; replace or customize during visual approval if needed."
"BIFIDOVOLADOR","Golpe Bífido","Flying","Physical","direct hg-engine DS reuse assigned","animations/hg-engine/gen6/623.s","623","reuse existing hg-engine DS animation script as review baseline","Project-assigned DS analog MOVE_DRAGON_ASCENT (623) because of Flying physical visual fit. This is a reviewable baseline, not a claim that the source fangame used this animation; replace or customize during visual approval if needed."
"PALEOWAVE","Paleo Wave","Rock","Special","direct hg-engine DS reuse assigned","animations/hg-engine/gen8/808.s","808","reuse existing hg-engine DS animation script as review baseline","Project-assigned DS analog MOVE_TERRAIN_PULSE (808) because of wave/pulse attack. This is a reviewable baseline, not a claim that the source fangame used this animation; replace or customize during visual approval if needed."
"SHADOWSTRIKE","Shadow Strike","Ghost","Physical","direct hg-engine DS reuse assigned","animations/hg-engine/gen9/892.s","892","reuse existing hg-engine DS animation script as review baseline","Project-assigned DS analog MOVE_RAGE_FIST (892) because of Ghost physical visual fit. This is a reviewable baseline, not a claim that the source fangame used this animation; replace or customize during visual approval if needed."
"POLARFLARE","Polar Flare","Fire","Special","direct hg-engine DS reuse assigned","animations/hg-engine/gen9/893.s","893","reuse existing hg-engine DS animation script as review baseline","Project-assigned DS analog MOVE_ARMOR_CANNON (893) because of Fire special visual fit. This is a reviewable baseline, not a claim that the source fangame used this animation; replace or customize during visual approval if needed."
