"move_id","english_review_name","original_source_name","source_project","source_repo","source_commit","source_data_path","type","category","power","accuracy","pp","what_it_does","priority","target","contact","move_flags","effect_chance","status_effects","stat_changes","multi_hit_or_duration","recoil","drain_or_healing","switching_behavior","field_weather_terrain_behavior","source_description","source_uncertainty","mechanics_audit_status","audit_basis","animation_status","animation_reference","ds_animation_class","ds_animation_path","ds_move_id","port_action","animation_audit_notes","animation_manifest"
"MOVE_SMITE","Smite","Smite","Pokemon Elite Redux","Elite-Redux/er-config","e32616fea6ccf5245096d8d7eeb54f0f5ac0b2a7","MoveList.textproto","Electric","Physical","120","80","15","Attacks from above with strong electricity. 20% paralysis chance. Smack Down effect.","0 (normal priority)","One target","Yes","physical-electric;contact;anti-flying;high-power","20% when the listed secondary effect applies","","","","","","","","Attacks from above with strong electricity. 20% paralysis chance. Smack Down effect.","","complete","Source-verified against Elite Redux MoveList.textproto at the pinned commit.","custom animation evidence found","Elite-Redux/eliteredux-source@ef051069ed3509438d1c5de36eba9dee529bb0d2: src/battle_anim_new.c::sAnimCmdSmiteBeam","custom GBA animation evidence","","","recreate/convert for Nintendo DS","Source-certified custom animation symbol/path exists, but it is not DS-native.","manifests/ELITE_REDUX_DS_ANIMATION_PASS_01.csv"
"MOVE_SHOCKING_JAB","Shocking Jab","Shocking Jab","Pokemon Elite Redux","Elite-Redux/er-config","e32616fea6ccf5245096d8d7eeb54f0f5ac0b2a7","MoveList.textproto","Electric","Physical","80","100","10","An electric jab strikes the foe. 20% paralysis chance. Mighty Horn boost.","0 (normal priority)","One target","No","physical-electric;horn;mid-power","20% when the listed secondary effect applies","","","","","","","","An electric jab strikes the foe. 20% paralysis chance. Mighty Horn boost.","","complete","Source-verified against Elite Redux MoveList.textproto at the pinned commit.","custom projectile evidence found","Elite-Redux/eliteredux-source@ef051069ed3509438d1c5de36eba9dee529bb0d2: src/battle_anim_effects_1.c::gShockingJabProjectileSpriteTemplate","custom GBA animation evidence","","","recreate/convert for Nintendo DS","Source-certified custom animation symbol/path exists, but it is not DS-native.","manifests/ELITE_REDUX_DS_ANIMATION_PASS_01.csv"
"MOVE_SHOCKING_EDGE","Shocking Edge","Shocking Edge","Pokemon Elite Redux","Elite-Redux/er-config","e32616fea6ccf5245096d8d7eeb54f0f5ac0b2a7","MoveList.textproto","Electric","Physical","80","100","10","The foe is slashed with an electric blade. 10% paralyze chance. Keen Edge boost.","0 (normal priority)","One target","No","physical-electric;keen-edge;mid-power","10% when the listed secondary effect applies","","","","","","","","The foe is slashed with an electric blade. 10% paralyze chance. Keen Edge boost.","","complete","Source-verified against Elite Redux MoveList.textproto at the pinned commit.","no dedicated animation linkage source-certified in first sweep","","pending/no source animation linkage","","","select or build a DS animation","No source-certified animation reference in the community manifest.","manifests/ELITE_REDUX_DS_ANIMATION_PASS_01.csv"
"MOVE_LIGHTNING_STRIKE","Lightning Strike","Lightning Strike","Pokemon Elite Redux","Elite-Redux/er-config","e32616fea6ccf5245096d8d7eeb54f0f5ac0b2a7","MoveList.textproto","Electric","Physical","70","100","20","Deals 70 base-power physical Electric-type damage. It has a 20% chance to raise the user's Speed by 1 stage. The move is flagged for Mega Launcher-style synergy in Elite Redux.","0 (normal priority)","One target","No","physical-electric;speed-boost;arrow;mega-launcher","20% when the listed secondary effect applies","","20% chance: user Speed +1 stage","","","","","","Leaps, strikes with a lightning bolt. 20% chance to raise Speed. Mega Launcher boost.","","complete","Source-verified against Elite Redux MoveList.textproto at the pinned commit.","no dedicated animation linkage source-certified in first sweep","","pending/no source animation linkage","","","select or build a DS animation","No source-certified animation reference in the community manifest.","manifests/ELITE_REDUX_DS_ANIMATION_PASS_01.csv"
"MOVE_VOLT_BOLT","Volt Bolt","Volt Bolt","Pokemon Elite Redux","Elite-Redux/er-config","e32616fea6ccf5245096d8d7eeb54f0f5ac0b2a7","MoveList.textproto","Electric","Physical","70","100","20","Doubles damage if foe is paralyzed. Arrow move. Archer boost.","0 (normal priority)","One target","No","physical-electric;status-payoff;arrow","No separate chance field","","","","","","","","Doubles damage if foe is paralyzed. Arrow move. Archer boost.","","complete","Source-verified against Elite Redux MoveList.textproto at the pinned commit.","explicitly reuses an existing animation","MOVE_VOLT_TACKLE","direct Platinum/base-era DS reuse","","","reuse the vanilla Platinum animation","Elite Redux references an official Gen 1–4 move animation already present in the Platinum base game.","manifests/ELITE_REDUX_DS_ANIMATION_PASS_01.csv"
"MOVE_DEATHROLL","Deathroll","Deathroll","Pokemon Elite Redux","Elite-Redux/er-config","e32616fea6ccf5245096d8d7eeb54f0f5ac0b2a7","MoveList.textproto","Water","Physical","100","100","5","20% confusion chance. Strong Jaw boost. Ignores target's stat changes.","0 (normal priority)","One target","Yes","contact;ignores-stat-stages;mirror-move-affected;strong-jaw;effect-chance-20","20% when the listed secondary effect applies","","","","","","","","20% confusion chance. Strong Jaw boost. Ignores target's stat changes.","","complete","Source-verified against Elite Redux MoveList.textproto at the pinned commit.","explicitly reuses an existing animation","MOVE_CRUNCH","direct Platinum/base-era DS reuse","","","reuse the vanilla Platinum animation","Elite Redux references an official Gen 1–4 move animation already present in the Platinum base game.","manifests/ELITE_REDUX_DS_ANIMATION_PASS_01.csv"
"MOVE_EXCALIBUR","Excalibur","Excalibur","Pokemon Elite Redux","Elite-Redux/er-config","e32616fea6ccf5245096d8d7eeb54f0f5ac0b2a7","MoveList.textproto","Steel","Physical","120","80","5","Double damage on Dragons. High critical ratio. Keen Edge boost.","0 (normal priority)","One target","Yes","contact;keen-edge;effect-chance-20","20% when the listed secondary effect applies","","","","","","","","Double damage on Dragons. High critical ratio. Keen Edge boost.","","complete","Source-verified against Elite Redux MoveList.textproto at the pinned commit.","animation linkage pending source-wide animation audit","","pending/no source animation linkage","","","select or build a DS animation","No source-certified animation reference in the community manifest.","manifests/ELITE_REDUX_DS_ANIMATION_PASS_01.csv"
"MOVE_AQUA_FANG","Aqua Fang","Aqua Fang","Pokemon Elite Redux","Elite-Redux/er-config","e32616fea6ccf5245096d8d7eeb54f0f5ac0b2a7","MoveList.textproto","Water","Physical","85","100","15","Bites with aquatic fangs. Has 20% flinch chance. Strong Jaw boost.","0 (normal priority)","One target","Yes","contact;strong-jaw;effect-chance-20","20% when the listed secondary effect applies","","","","","","","","Bites with aquatic fangs. Has 20% flinch chance. Strong Jaw boost.","","complete","Source-verified against Elite Redux MoveList.textproto at the pinned commit.","animation linkage pending source-wide animation audit","","pending/no source animation linkage","","","select or build a DS animation","No source-certified animation reference in the community manifest.","manifests/ELITE_REDUX_DS_ANIMATION_PASS_01.csv"
"MOVE_OUTBURST","Outburst","Outburst","Pokemon Elite Redux","Elite-Redux/er-config","e32616fea6ccf5245096d8d7eeb54f0f5ac0b2a7","MoveList.textproto","Normal","Special","250","100","5","The user explodes to inflict terrible damage even while fainting itself.","0 (normal priority)","All adjacent Pokémon","No","mirror-move-affected","No separate chance field","","","","","","","","The user explodes to inflict terrible damage even while fainting itself.","","complete","Source-verified against Elite Redux MoveList.textproto at the pinned commit.","explicitly reuses an existing animation","MOVE_EXPLOSION","direct Platinum/base-era DS reuse","","","reuse the vanilla Platinum animation","Elite Redux references an official Gen 1–4 move animation already present in the Platinum base game.","manifests/ELITE_REDUX_DS_ANIMATION_PASS_01.csv"
"MOVE_SEISMIC_FIST","Seismic Fist","Seismic Fist","Pokemon Elite Redux","Elite-Redux/er-config","e32616fea6ccf5245096d8d7eeb54f0f5ac0b2a7","MoveList.textproto","Ground","Physical","85","100","15","Throws a ground-breaking fist. 20% chance to drop the foe's Def.","0 (normal priority)","One target","Yes","contact;mirror-move-affected;iron-fist;effect-chance-20","20% when the listed secondary effect applies","","","","","","","","Throws a ground-breaking fist. 20% chance to drop the foe's Def.","","complete","Source-verified against Elite Redux MoveList.textproto at the pinned commit.","animation linkage pending source-wide animation audit","","pending/no source animation linkage","","","select or build a DS animation","No source-certified animation reference in the community manifest.","manifests/ELITE_REDUX_DS_ANIMATION_PASS_01.csv"
"MOVE_IRON_FANGS","Iron Fangs","Iron Fangs","Pokemon Elite Redux","Elite-Redux/er-config","e32616fea6ccf5245096d8d7eeb54f0f5ac0b2a7","MoveList.textproto","Steel","Physical","85","100","15","Breaks any barrier like Light Screen and Reflect. Strong Jaw boost.","0 (normal priority)","One target","Yes","contact;mirror-move-affected;strong-jaw","No separate chance field","","","","","","","","Breaks any barrier like Light Screen and Reflect. Strong Jaw boost.","","complete","Source-verified against Elite Redux MoveList.textproto at the pinned commit.","animation linkage pending source-wide animation audit","","pending/no source animation linkage","","","select or build a DS animation","No source-certified animation reference in the community manifest.","manifests/ELITE_REDUX_DS_ANIMATION_PASS_01.csv"
"MOVE_SHADOW_FANGS","Shadow Fangs","Shadow Fangs","Pokemon Elite Redux","Elite-Redux/er-config","e32616fea6ccf5245096d8d7eeb54f0f5ac0b2a7","MoveList.textproto","Ghost","Physical","80","100","15","The foe shudders. 10% chance to curse the foe. Strong Jaw boost.","0 (normal priority)","One target","Yes","contact;mirror-move-affected;strong-jaw;effect-chance-10","10% when the listed secondary effect applies","","","","","","","","The foe shudders. 10% chance to curse the foe. Strong Jaw boost.","","complete","Source-verified against Elite Redux MoveList.textproto at the pinned commit.","animation linkage pending source-wide animation audit","","pending/no source animation linkage","","","select or build a DS animation","No source-certified animation reference in the community manifest.","manifests/ELITE_REDUX_DS_ANIMATION_PASS_01.csv"
"MOVE_LOVELY_BITE","Lovely Bite","Lovely Bite","Pokemon Elite Redux","Elite-Redux/er-config","e32616fea6ccf5245096d8d7eeb54f0f5ac0b2a7","MoveList.textproto","Fairy","Physical","85","100","15","An affectionate bite. 10% chance to infatuate the foe. Strong Jaw boost.","0 (normal priority)","One target","Yes","contact;mirror-move-affected;strong-jaw;effect-chance-10","10% when the listed secondary effect applies","","","","","","","","An affectionate bite. 10% chance to infatuate the foe. Strong Jaw boost.","","complete","Source-verified against Elite Redux MoveList.textproto at the pinned commit.","animation linkage pending source-wide animation audit","","pending/no source animation linkage","","","select or build a DS animation","No source-certified animation reference in the community manifest.","manifests/ELITE_REDUX_DS_ANIMATION_PASS_01.csv"
"MOVE_JAGGED_FANGS","Jagged Fangs","Jagged Fangs","Pokemon Elite Redux","Elite-Redux/er-config","e32616fea6ccf5245096d8d7eeb54f0f5ac0b2a7","MoveList.textproto","Rock","Physical","80","100","15","Deals 80 base-power physical Rock-type damage. It has a 10% chance to raise the user's Attack by 1 stage and is a biting move boosted by Strong Jaw.","0 (normal priority)","One target","Yes","contact;mirror-move-affected;strong-jaw;effect-chance-10","10% when the listed secondary effect applies","","10% chance: user Attack +1 stage","","","","","","A ferocious bite. 10% chance to raise user's Attack. Strong Jaw boost.","","complete","Source-verified against Elite Redux MoveList.textproto at the pinned commit.","animation linkage pending source-wide animation audit","","pending/no source animation linkage","","","select or build a DS animation","No source-certified animation reference in the community manifest.","manifests/ELITE_REDUX_DS_ANIMATION_PASS_01.csv"
"MOVE_SCORCHED_EARTH","Scorched Earth","Scorched Earth","Pokemon Elite Redux","Elite-Redux/er-config","e32616fea6ccf5245096d8d7eeb54f0f5ac0b2a7","MoveList.textproto","Fire","Special","70","100","10","Fire or Ground based on effectiveness. Has 10% burn chance.","0 (normal priority)","One target","No","mirror-move-affected;dual-type-effect;effect-chance-10","10% when the listed secondary effect applies","","","","","","","","Fire or Ground based on effectiveness. Has 10% burn chance.","","complete","Source-verified against Elite Redux MoveList.textproto at the pinned commit.","animation linkage pending source-wide animation audit","","pending/no source animation linkage","","","select or build a DS animation","No source-certified animation reference in the community manifest.","manifests/ELITE_REDUX_DS_ANIMATION_PASS_01.csv"
"MOVE_PLASMA_PULSE","Plasma Pulse","Plasma Pulse","Pokemon Elite Redux","Elite-Redux/er-config","e32616fea6ccf5245096d8d7eeb54f0f5ac0b2a7","MoveList.textproto","Electric","Special","65","100","10","Double damage against status. 10% paralyze chance. Mega Launcher boost","0 (normal priority)","One target","No","mirror-move-affected;mega-launcher;effect-chance-10","10% when the listed secondary effect applies","","","","","","","","Double damage against status. 10% paralyze chance. Mega Launcher boost","","complete","Source-verified against Elite Redux MoveList.textproto at the pinned commit.","animation linkage pending source-wide animation audit","","pending/no source animation linkage","","","select or build a DS animation","No source-certified animation reference in the community manifest.","manifests/ELITE_REDUX_DS_ANIMATION_PASS_01.csv"
"MOVE_PRIMAL_BEAM","Primal Beam","Primal Beam","Pokemon Elite Redux","Elite-Redux/er-config","e32616fea6ccf5245096d8d7eeb54f0f5ac0b2a7","MoveList.textproto","Dragon","Physical","90","100","10","Deals 90 base-power physical Dragon-type damage. It uses the user's Attack and has a 20% chance to raise the user's Attack by 1 stage.","0 (normal priority)","One target","No","mirror-move-affected;mega-launcher;effect-chance-20","20% when the listed secondary effect applies","","20% chance: user Attack +1 stage","","","","","","An strange beam that uses the user's Attack, may rise own Atk.","","complete","Source-verified against Elite Redux MoveList.textproto at the pinned commit.","animation linkage pending source-wide animation audit","","pending/no source animation linkage","","","select or build a DS animation","No source-certified animation reference in the community manifest.","manifests/ELITE_REDUX_DS_ANIMATION_PASS_01.csv"
"MOVE_DRACONIC_FANGS","Draconic Fangs","Draconic Fangs","Pokemon Elite Redux","Elite-Redux/er-config","e32616fea6ccf5245096d8d7eeb54f0f5ac0b2a7","MoveList.textproto","Dragon","Physical","85","100","15","The user bites with draconic fangs. 20% flinch chance. Strong Jaw boost.","0 (normal priority)","One target","Yes","contact;mirror-move-affected;strong-jaw;effect-chance-20","20% when the listed secondary effect applies","","","","","","","","The user bites with draconic fangs. 20% flinch chance. Strong Jaw boost.","","complete","Source-verified against Elite Redux MoveList.textproto at the pinned commit.","explicitly reuses an existing animation","MOVE_BITE","direct Platinum/base-era DS reuse","","","reuse the vanilla Platinum animation","Elite Redux references an official Gen 1–4 move animation already present in the Platinum base game.","manifests/ELITE_REDUX_DS_ANIMATION_PASS_01.csv"
"MOVE_PIXIE_BEAM","Pixie Beam","Pixie Beam","Pokemon Elite Redux","Elite-Redux/er-config","e32616fea6ccf5245096d8d7eeb54f0f5ac0b2a7","MoveList.textproto","Fairy","Special","110","85","5","Deals 110 base-power special Fairy-type damage. It has a 20% chance to lower the target's Special Attack by 1 stage and is flagged for Mega Launcher-style synergy.","0 (normal priority)","One target","No","mirror-move-affected;mega-launcher;effect-chance-20","20% when the listed secondary effect applies","","20% chance: target Sp. Atk -1 stage","","","","","","A powerful magic beam. 20% chance to lower SpAtk. Mega launcher.","","complete","Source-verified against Elite Redux MoveList.textproto at the pinned commit.","animation linkage pending source-wide animation audit","","pending/no source animation linkage","","","select or build a DS animation","No source-certified animation reference in the community manifest.","manifests/ELITE_REDUX_DS_ANIMATION_PASS_01.csv"
"MOVE_PIXIE_SLASH","Pixie Slash","Pixie Slash","Pokemon Elite Redux","Elite-Redux/er-config","e32616fea6ccf5245096d8d7eeb54f0f5ac0b2a7","MoveList.textproto","Fairy","Physical","90","100","20","The foe is slashed with a whimsical blade. High Crit ratio. Keen Edge boost.","0 (normal priority)","One target","Yes","contact;mirror-move-affected;keen-edge","No separate chance field","","","","","","","","The foe is slashed with a whimsical blade. High Crit ratio. Keen Edge boost.","","complete","Source-verified against Elite Redux MoveList.textproto at the pinned commit.","animation linkage pending source-wide animation audit","","pending/no source animation linkage","","","select or build a DS animation","No source-certified animation reference in the community manifest.","manifests/ELITE_REDUX_DS_ANIMATION_PASS_01.csv"
"MOVE_SEISMIC_BLADE","Seismic Blade","Seismic Blade","Pokemon Elite Redux","Elite-Redux/er-config","e32616fea6ccf5245096d8d7eeb54f0f5ac0b2a7","MoveList.textproto","Ground","Physical","90","100","20","The foe is slashed with a tectonic blade. High Crit ratio. Keen Edge boost.","0 (normal priority)","One target","Yes","contact;mirror-move-affected;keen-edge","No separate chance field","","","","","","","","The foe is slashed with a tectonic blade. High Crit ratio. Keen Edge boost.","","complete","Source-verified against Elite Redux MoveList.textproto at the pinned commit.","animation linkage pending source-wide animation audit","","pending/no source animation linkage","","","select or build a DS animation","No source-certified animation reference in the community manifest.","manifests/ELITE_REDUX_DS_ANIMATION_PASS_01.csv"
"MOVE_MOUNTAIN_CHUNK","Mountain Chunk","Mountain Chunk","Pokemon Elite Redux","Elite-Redux/er-config","e32616fea6ccf5245096d8d7eeb54f0f5ac0b2a7","MoveList.textproto","Ground","Physical","110","90","10","Hurls a chunk of a mountain at the foe. 30% flinch chance. Mega Launcher boost.","0 (normal priority)","One target","No","mirror-move-affected;mega-launcher;effect-chance-30","30% when the listed secondary effect applies","","","","","","","","Hurls a chunk of a mountain at the foe. 30% flinch chance. Mega Launcher boost.","","complete","Source-verified against Elite Redux MoveList.textproto at the pinned commit.","animation linkage pending source-wide animation audit","","pending/no source animation linkage","","","select or build a DS animation","No source-certified animation reference in the community manifest.","manifests/ELITE_REDUX_DS_ANIMATION_PASS_01.csv"
"MOVE_ARCHER_SHOT","Archer Shot","Archer Shot","Pokemon Elite Redux","Elite-Redux/er-config","e32616fea6ccf5245096d8d7eeb54f0f5ac0b2a7","MoveList.textproto","Normal","Physical","95","100","20","Shoots a dead center arrow at the target. Archer boost.","0 (normal priority)","One target","No","mirror-move-affected;arrow","No separate chance field","","","","","","","","Shoots a dead center arrow at the target. Archer boost.","","complete","Source-verified against Elite Redux MoveList.textproto at the pinned commit.","animation linkage pending source-wide animation audit","","pending/no source animation linkage","","","select or build a DS animation","No source-certified animation reference in the community manifest.","manifests/ELITE_REDUX_DS_ANIMATION_PASS_01.csv"
"MOVE_FROST_BRAND","Frost Brand","Frost Brand","Pokemon Elite Redux","Elite-Redux/er-config","e32616fea6ccf5245096d8d7eeb54f0f5ac0b2a7","MoveList.textproto","Ice","Physical","80","100","20","Slahes with an ice-cold cryo blade. 10% frostbite chance. Keen Edge boost.","0 (normal priority)","One target","Yes","contact;mirror-move-affected;keen-edge;effect-chance-10","10% when the listed secondary effect applies","","","","","","","","Slahes with an ice-cold cryo blade. 10% frostbite chance. Keen Edge boost.","","complete","Source-verified against Elite Redux MoveList.textproto at the pinned commit.","animation linkage pending source-wide animation audit","","pending/no source animation linkage","","","select or build a DS animation","No source-certified animation reference in the community manifest.","manifests/ELITE_REDUX_DS_ANIMATION_PASS_01.csv"
"MOVE_FROST_BOLT","Frost Bolt","Frost Bolt","Pokemon Elite Redux","Elite-Redux/er-config","e32616fea6ccf5245096d8d7eeb54f0f5ac0b2a7","MoveList.textproto","Ice","Physical","80","100","20","The user shoots a freezing arrow. 20% frostbite chance. Arrow boost.","0 (normal priority)","One target","No","mirror-move-affected;arrow;effect-chance-20","20% when the listed secondary effect applies","","","","","","","","The user shoots a freezing arrow. 20% frostbite chance. Arrow boost.","","complete","Source-verified against Elite Redux MoveList.textproto at the pinned commit.","animation linkage pending source-wide animation audit","","pending/no source animation linkage","","","select or build a DS animation","No source-certified animation reference in the community manifest.","manifests/ELITE_REDUX_DS_ANIMATION_PASS_01.csv"
"MOVE_GLACIER_CRASH","Glacier Crash","Glacier Crash","Pokemon Elite Redux","Elite-Redux/er-config","e32616fea6ccf5245096d8d7eeb54f0f5ac0b2a7","MoveList.textproto","Ice","Physical","95","100","20","A large glacier crashes into foes. Hits all others. Mega Launcher boost.","0 (normal priority)","All adjacent Pokémon","No","mirror-move-affected;mega-launcher","No separate chance field","","","","","","","","A large glacier crashes into foes. Hits all others. Mega Launcher boost.","","complete","Source-verified against Elite Redux MoveList.textproto at the pinned commit.","explicitly reuses an existing animation","MOVE_ICICLE_CRASH","direct hg-engine DS reuse","animations/hg-engine/gen5/559.s","559","reuse referenced DS animation","Elite Redux reuses MOVE_ICICLE_CRASH; matching Gen 5 hg-engine animation is already stored in this repository.","manifests/ELITE_REDUX_DS_ANIMATION_PASS_01.csv"
"MOVE_SUPERSONIC_SHOT","Supersonic Shot","Supersonic Shot","Pokemon Elite Redux","Elite-Redux/er-config","e32616fea6ccf5245096d8d7eeb54f0f5ac0b2a7","MoveList.textproto","Flying","Physical","60","100","10","Deals 60 base-power physical Flying-type damage and always lands a critical hit. It is an arrow/projectile-style move in the source.","0 (normal priority)","One target","No","mirror-move-affected;arrow","No separate chance field","","","","","","","","Fires a high-speed arrow. Always crits. Archer boost.","","complete","Source-verified against Elite Redux MoveList.textproto at the pinned commit.","explicitly reuses an existing animation","MOVE_SUPERSONIC","direct Platinum/base-era DS reuse","","","reuse the vanilla Platinum animation","Elite Redux references an official Gen 1–4 move animation already present in the Platinum base game.","manifests/ELITE_REDUX_DS_ANIMATION_PASS_01.csv"
"MOVE_ZEPHYR_RUSH","Zephyr Rush","Zephyr Rush","Pokemon Elite Redux","Elite-Redux/er-config","e32616fea6ccf5245096d8d7eeb54f0f5ac0b2a7","MoveList.textproto","Flying","Physical","100","95","10","User fires itself with a gale. Hurts on miss. Mega Launcher boost. Air-based.","0 (normal priority)","One target","Yes","contact;mirror-move-affected;reckless;mega-launcher;air","No separate chance field","","","","","","","","User fires itself with a gale. Hurts on miss. Mega Launcher boost. Air-based.","","complete","Source-verified against Elite Redux MoveList.textproto at the pinned commit.","explicitly reuses an existing animation","MOVE_JUMP_KICK","direct Platinum/base-era DS reuse","","","reuse the vanilla Platinum animation","Elite Redux references an official Gen 1–4 move animation already present in the Platinum base game.","manifests/ELITE_REDUX_DS_ANIMATION_PASS_01.csv"
"MOVE_KINETIC_BARRAGE","Kinetic Barrage","Kinetic Barrage","Pokemon Elite Redux","Elite-Redux/er-config","e32616fea6ccf5245096d8d7eeb54f0f5ac0b2a7","MoveList.textproto","Psychic","Physical","90","100","20","Lifts up objects and hurls them at the foe. 30% confusion. Mega Launcher boost.","0 (normal priority)","One target","No","mirror-move-affected;mega-launcher;effect-chance-30","30% when the listed secondary effect applies","","","","","","","","Lifts up objects and hurls them at the foe. 30% confusion. Mega Launcher boost.","","complete","Source-verified against Elite Redux MoveList.textproto at the pinned commit.","explicitly reuses an existing animation","MOVE_STRENGTH","direct Platinum/base-era DS reuse","","","reuse the vanilla Platinum animation","Elite Redux references an official Gen 1–4 move animation already present in the Platinum base game.","manifests/ELITE_REDUX_DS_ANIMATION_PASS_01.csv"
"MOVE_FERTILE_FANGS","Fertile Fangs","Fertile Fangs","Pokemon Elite Redux","Elite-Redux/er-config","e32616fea6ccf5245096d8d7eeb54f0f5ac0b2a7","MoveList.textproto","Grass","Physical","80","100","20","Inserts ingraining fangs. 10% chance to apply Leech Seed. Strong Jaw boost.","0 (normal priority)","One target","Yes","contact;mirror-move-affected;strong-jaw;effect-chance-10","10% when the listed secondary effect applies","","","","","","","","Inserts ingraining fangs. 10% chance to apply Leech Seed. Strong Jaw boost.","","complete","Source-verified against Elite Redux MoveList.textproto at the pinned commit.","explicitly reuses an existing animation","MOVE_LEECH_LIFE","direct Platinum/base-era DS reuse","","","reuse the vanilla Platinum animation","Elite Redux references an official Gen 1–4 move animation already present in the Platinum base game.","manifests/ELITE_REDUX_DS_ANIMATION_PASS_01.csv"
"MOVE_SCATTER_BLAST","Scatter Blast","Scatter Blast","Pokemon Elite Redux","Elite-Redux/er-config","e32616fea6ccf5245096d8d7eeb54f0f5ac0b2a7","MoveList.textproto","Ground","Special","65","100","5","A blast of sand that scatters Stealth Rocks. Mega Launcher boost.","0 (normal priority)","One target","No","mirror-move-affected;mega-launcher;effect-chance-100","100% when the listed secondary effect applies","","","","","","","","A blast of sand that scatters Stealth Rocks. Mega Launcher boost.","","complete","Source-verified against Elite Redux MoveList.textproto at the pinned commit.","animation linkage pending source-wide animation audit","","pending/no source animation linkage","","","select or build a DS animation","No source-certified animation reference in the community manifest.","manifests/ELITE_REDUX_DS_ANIMATION_PASS_01.csv"
"MOVE_JAGGED_PUNCH","Jagged Punch","Jagged Punch","Pokemon Elite Redux","Elite-Redux/er-config","e32616fea6ccf5245096d8d7eeb54f0f5ac0b2a7","MoveList.textproto","Rock","Physical","80","100","10","The foe is punched by a stony fist. 10% chance to set Stealth Rocks.","0 (normal priority)","One target","Yes","contact;mirror-move-affected;iron-fist;effect-chance-10","10% when the listed secondary effect applies","","","","","","","","The foe is punched by a stony fist. 10% chance to set Stealth Rocks.","","complete","Source-verified against Elite Redux MoveList.textproto at the pinned commit.","explicitly reuses an existing animation","MOVE_MACH_PUNCH","direct Platinum/base-era DS reuse","","","reuse the vanilla Platinum animation","Elite Redux references an official Gen 1–4 move animation already present in the Platinum base game.","manifests/ELITE_REDUX_DS_ANIMATION_PASS_01.csv"
"MOVE_CUTSIE_SLAP","Cutsie Slap","Cutsie Slap","Pokemon Elite Redux","Elite-Redux/er-config","e32616fea6ccf5245096d8d7eeb54f0f5ac0b2a7","MoveList.textproto","Fairy","Physical","85","100","10","The foe is slapped cutely. 10% infatuation chance. Iron Fist boost.","0 (normal priority)","One target","Yes","contact;mirror-move-affected;iron-fist;effect-chance-10","10% when the listed secondary effect applies","","","","","","","","The foe is slapped cutely. 10% infatuation chance. Iron Fist boost.","","complete","Source-verified against Elite Redux MoveList.textproto at the pinned commit.","animation linkage pending source-wide animation audit","","pending/no source animation linkage","","","select or build a DS animation","No source-certified animation reference in the community manifest.","manifests/ELITE_REDUX_DS_ANIMATION_PASS_01.csv"
"MOVE_FAIRY_SPHERES","Fairy Spheres","Fairy Spheres","Pokemon Elite Redux","Elite-Redux/er-config","e32616fea6ccf5245096d8d7eeb54f0f5ac0b2a7","MoveList.textproto","Fairy","Physical","20","100","10","A 20 base-power physical Fairy-type attack that hits 2–5 times. Despite being Physical, damage is calculated against the target's Special Defense rather than Defense. It makes contact and is flagged for Mega Launcher-style synergy.","0 (normal priority)","One target","Yes","contact;mirror-move-affected;mega-launcher","No separate chance field","","","2–5 hits; 20 BP per hit; uses target Sp. Def","","","","","Magical spheres hit 2 to 5 times. Hits SpDef. Mega Launcher boost.","","complete","Source-verified against Elite Redux MoveList.textproto at the pinned commit.","explicitly reuses an existing animation","MOVE_DOUBLE_SLAP","direct Platinum/base-era DS reuse","","","reuse the vanilla Platinum animation","Elite Redux references an official Gen 1–4 move animation already present in the Platinum base game.","manifests/ELITE_REDUX_DS_ANIMATION_PASS_01.csv"
"MOVE_BRAMBLE_BLAST","Bramble Blast","Bramble Blast","Pokemon Elite Redux","Elite-Redux/er-config","e32616fea6ccf5245096d8d7eeb54f0f5ac0b2a7","MoveList.textproto","Grass","Physical","85","100","10","Fires thorny brambles. 30% chance to apply Leech Seed. Archer boost.","0 (normal priority)","One target","Yes","contact;mirror-move-affected;arrow;effect-chance-30","30% when the listed secondary effect applies","","","","","","","","Fires thorny brambles. 30% chance to apply Leech Seed. Archer boost.","","complete","Source-verified against Elite Redux MoveList.textproto at the pinned commit.","explicitly reuses an existing animation","MOVE_POISON_STING","direct Platinum/base-era DS reuse","","","reuse the vanilla Platinum animation","Elite Redux references an official Gen 1–4 move animation already present in the Platinum base game.","manifests/ELITE_REDUX_DS_ANIMATION_PASS_01.csv"
"MOVE_ASTEROID_DOWNFALL","Asteroid Shot","Asteroid Shot","Pokemon Elite Redux","Elite-Redux/er-config","e32616fea6ccf5245096d8d7eeb54f0f5ac0b2a7","MoveList.textproto","Rock","Physical","90","","20","Launches a small asteroid onto the target. Cannot miss. Mega Launcher boost.","0 (normal priority)","One target","No","mirror-move-affected;mega-launcher","No separate chance field","","","","","","","","Launches a small asteroid onto the target. Cannot miss. Mega Launcher boost.","","complete","Source-verified against Elite Redux MoveList.textproto at the pinned commit.","explicitly reuses an existing animation","MOVE_SMACK_DOWN","direct hg-engine DS reuse","animations/hg-engine/gen5/482.s","482","reuse referenced DS animation","Elite Redux reuses MOVE_SMACK_DOWN; matching Gen 5 hg-engine animation is already stored in this repository.","manifests/ELITE_REDUX_DS_ANIMATION_PASS_01.csv"
"MOVE_AQUA_BASH","Aqua Bash","Aqua Bash","Pokemon Elite Redux","Elite-Redux/er-config","e32616fea6ccf5245096d8d7eeb54f0f5ac0b2a7","MoveList.textproto","Water","Physical","80","100","15","A mystical jab strikes the foe. 20% flinch chance. Mighty Horn boost.","0 (normal priority)","One target","Yes","contact;mirror-move-affected;horn;effect-chance-20","20% when the listed secondary effect applies","","","","","","","","A mystical jab strikes the foe. 20% flinch chance. Mighty Horn boost.","","complete","Source-verified against Elite Redux MoveList.textproto at the pinned commit.","explicitly reuses an existing animation","MOVE_AQUA_TAIL","direct Platinum/base-era DS reuse","","","reuse the vanilla Platinum animation","Elite Redux references an official Gen 1–4 move animation already present in the Platinum base game.","manifests/ELITE_REDUX_DS_ANIMATION_PASS_01.csv"
"MOVE_TECTONIC_FANGS","Tectonic Fangs","Tectonic Fangs","Pokemon Elite Redux","Elite-Redux/er-config","e32616fea6ccf5245096d8d7eeb54f0f5ac0b2a7","MoveList.textproto","Ground","Physical","85","100","15","User inserts its ground shaking fangs, 10% chance to flinch. Strong Jaw boost.","0 (normal priority)","One target","Yes","contact;mirror-move-affected;strong-jaw;effect-chance-10","10% when the listed secondary effect applies","","","","","","","","User inserts its ground shaking fangs, 10% chance to flinch. Strong Jaw boost.","","complete","Source-verified against Elite Redux MoveList.textproto at the pinned commit.","animation linkage pending source-wide animation audit","","pending/no source animation linkage","","","select or build a DS animation","No source-certified animation reference in the community manifest.","manifests/ELITE_REDUX_DS_ANIMATION_PASS_01.csv"
"MOVE_CUPID_SHOT","Cupid Shot","Cupid Shot","Pokemon Elite Redux","Elite-Redux/er-config","e32616fea6ccf5245096d8d7eeb54f0f5ac0b2a7","MoveList.textproto","Fairy","Physical","75","100","10","20% chance to infatuate the foe. Arrow move. Archer boost.","0 (normal priority)","One target","No","mirror-move-affected;arrow;effect-chance-20","20% when the listed secondary effect applies","","","","","","","","20% chance to infatuate the foe. Arrow move. Archer boost.","","complete","Source-verified against Elite Redux MoveList.textproto at the pinned commit.","animation linkage pending source-wide animation audit","","pending/no source animation linkage","","","select or build a DS animation","No source-certified animation reference in the community manifest.","manifests/ELITE_REDUX_DS_ANIMATION_PASS_01.csv"
"MOVE_CLAY_DART","Clay Dart","Clay Dart","Pokemon Elite Redux","Elite-Redux/er-config","e32616fea6ccf5245096d8d7eeb54f0f5ac0b2a7","MoveList.textproto","Ground","Physical","80","100","10","Super-effective on Flying-types. Arrow move. Archer boost.","0 (normal priority)","One target","No","mirror-move-affected;arrow","No separate chance field","","","","","","","","Super-effective on Flying-types. Arrow move. Archer boost.","","complete","Source-verified against Elite Redux MoveList.textproto at the pinned commit.","explicitly reuses an existing animation","MOVE_THOUSAND_ARROWS","direct hg-engine DS reuse","animations/hg-engine/gen6/617.s","617","reuse referenced DS animation","Elite Redux reuses MOVE_THOUSAND_ARROWS; matching Gen 6 hg-engine animation is already stored in this repository.","manifests/ELITE_REDUX_DS_ANIMATION_PASS_01.csv"
"MOVE_DIAMOND_ARROW","Diamond Arrow","Diamond Arrow","Pokemon Elite Redux","Elite-Redux/er-config","e32616fea6ccf5245096d8d7eeb54f0f5ac0b2a7","MoveList.textproto","Rock","Physical","85","100","10","Cuts through foe's stat changes. Sharp as a diamond. Archer boost.","0 (normal priority)","One target","No","ignores-stat-stages;mirror-move-affected;arrow","No separate chance field","","","","","","","","Cuts through foe's stat changes. Sharp as a diamond. Archer boost.","","complete","Source-verified against Elite Redux MoveList.textproto at the pinned commit.","explicitly reuses an existing animation","MOVE_THOUSAND_ARROWS","direct hg-engine DS reuse","animations/hg-engine/gen6/617.s","617","reuse referenced DS animation","Elite Redux reuses MOVE_THOUSAND_ARROWS; matching Gen 6 hg-engine animation is already stored in this repository.","manifests/ELITE_REDUX_DS_ANIMATION_PASS_01.csv"
"MOVE_DIAMOND_BLADE","Diamond Blade","Diamond Blade","Pokemon Elite Redux","Elite-Redux/er-config","e32616fea6ccf5245096d8d7eeb54f0f5ac0b2a7","MoveList.textproto","Rock","Physical","80","100","10","Slashes with an unbreakable blade. 10% chance of Stealth Rocks. Keen Edge boost.","0 (normal priority)","One target","Yes","contact;mirror-move-affected;keen-edge;effect-chance-10","10% when the listed secondary effect applies","","","","","","","","Slashes with an unbreakable blade. 10% chance of Stealth Rocks. Keen Edge boost.","","complete","Source-verified against Elite Redux MoveList.textproto at the pinned commit.","explicitly reuses an existing animation","MOVE_CUT","direct Platinum/base-era DS reuse","","","reuse the vanilla Platinum animation","Elite Redux references an official Gen 1–4 move animation already present in the Platinum base game.","manifests/ELITE_REDUX_DS_ANIMATION_PASS_01.csv"
"MOVE_VENOM_BOLT","Venom Bolt","Venom Bolt","Pokemon Elite Redux","Elite-Redux/er-config","e32616fea6ccf5245096d8d7eeb54f0f5ac0b2a7","MoveList.textproto","Poison","Physical","75","100","10","Shoots a toxic arrow with precision. +1 crit 20% poison chance. Archer boost.","0 (normal priority)","One target","No","mirror-move-affected;arrow;effect-chance-20","20% when the listed secondary effect applies","","","","","","","","Shoots a toxic arrow with precision. +1 crit 20% poison chance. Archer boost.","","complete","Source-verified against Elite Redux MoveList.textproto at the pinned commit.","explicitly reuses an existing animation","MOVE_POISON_STING","direct Platinum/base-era DS reuse","","","reuse the vanilla Platinum animation","Elite Redux references an official Gen 1–4 move animation already present in the Platinum base game.","manifests/ELITE_REDUX_DS_ANIMATION_PASS_01.csv"
"MOVE_FUMIGATION_BOMB","Fumigation Bomb","Fumigation Bomb","Pokemon Elite Redux","Elite-Redux/er-config","e32616fea6ccf5245096d8d7eeb54f0f5ac0b2a7","MoveList.textproto","Poison","Physical","75","100","10","Hurls a pesticide bomb. Super-effective on Bug-types. Mega Launcher boost.","0 (normal priority)","One target","No","mirror-move-affected;mega-launcher","No separate chance field","","","","","","","","Hurls a pesticide bomb. Super-effective on Bug-types. Mega Launcher boost.","","complete","Source-verified against Elite Redux MoveList.textproto at the pinned commit.","animation linkage pending source-wide animation audit","","pending/no source animation linkage","","","select or build a DS animation","No source-certified animation reference in the community manifest.","manifests/ELITE_REDUX_DS_ANIMATION_PASS_01.csv"
"MOVE_BLACK_MAGIC","Black Magic","Black Magic","Pokemon Elite Redux","Elite-Redux/er-config","e32616fea6ccf5245096d8d7eeb54f0f5ac0b2a7","MoveList.textproto","Dark","Physical","90","100","10","Calls on dark power to attack. 20% chance to inflict bleed.","0 (normal priority)","One target","No","mirror-move-affected;mega-launcher;effect-chance-20","20% when the listed secondary effect applies","","","","","","","","Calls on dark power to attack. 20% chance to inflict bleed.","","complete","Source-verified against Elite Redux MoveList.textproto at the pinned commit.","explicitly reuses an existing animation","MOVE_DARK_PULSE","direct Platinum/base-era DS reuse","","","reuse the vanilla Platinum animation","Elite Redux references an official Gen 1–4 move animation already present in the Platinum base game.","manifests/ELITE_REDUX_DS_ANIMATION_PASS_01.csv"
"MOVE_FLAME_TONGUE","Flame Tongue","Flame Tongue","Pokemon Elite Redux","Elite-Redux/er-config","e32616fea6ccf5245096d8d7eeb54f0f5ac0b2a7","MoveList.textproto","Fire","Physical","80","100","10","Slashes foe with a fiery blade. 10% chance to burn. Keen Edge boost.","0 (normal priority)","One target","Yes","contact;mirror-move-affected;keen-edge;effect-chance-10","10% when the listed secondary effect applies","","","","","","","","Slashes foe with a fiery blade. 10% chance to burn. Keen Edge boost.","","complete","Source-verified against Elite Redux MoveList.textproto at the pinned commit.","animation linkage pending source-wide animation audit","","pending/no source animation linkage","","","select or build a DS animation","No source-certified animation reference in the community manifest.","manifests/ELITE_REDUX_DS_ANIMATION_PASS_01.csv"
"MOVE_BLAZING_ARROW","Blazing Arrow","Blazing Arrow","Pokemon Elite Redux","Elite-Redux/er-config","e32616fea6ccf5245096d8d7eeb54f0f5ac0b2a7","MoveList.textproto","Fire","Physical","80","100","10","Fires a blazing arrow. +1 crit chance. 20% burn chance. Archer boost.","0 (normal priority)","One target","No","mirror-move-affected;arrow;effect-chance-20","20% when the listed secondary effect applies","","","","","","","","Fires a blazing arrow. +1 crit chance. 20% burn chance. Archer boost.","","complete","Source-verified against Elite Redux MoveList.textproto at the pinned commit.","explicitly reuses an existing animation","MOVE_FIRE_LASH","direct hg-engine DS reuse","animations/hg-engine/gen7/683.s","683","reuse referenced DS animation","Elite Redux reuses MOVE_FIRE_LASH; matching Gen 7 hg-engine animation is already stored in this repository.","manifests/ELITE_REDUX_DS_ANIMATION_PASS_01.csv"
"MOVE_ROCKET_PUNCH","Rocket Shot","Rocket Shot","Pokemon Elite Redux","Elite-Redux/er-config","e32616fea6ccf5245096d8d7eeb54f0f5ac0b2a7","MoveList.textproto","Steel","Physical","100","100","10","Launches a body part like a rocket. Has +1 crit rate. Mega Launcher boost.","0 (normal priority)","One target","No","mirror-move-affected;mega-launcher","No separate chance field","","","","","","","","Launches a body part like a rocket. Has +1 crit rate. Mega Launcher boost.","","complete","Source-verified against Elite Redux MoveList.textproto at the pinned commit.","explicitly reuses an existing animation","MOVE_COMET_PUNCH","direct Platinum/base-era DS reuse","","","reuse the vanilla Platinum animation","Elite Redux references an official Gen 1–4 move animation already present in the Platinum base game.","manifests/ELITE_REDUX_DS_ANIMATION_PASS_01.csv"
"MOVE_WEB_SHOT","Web Shot","Web Shot","Pokemon Elite Redux","Elite-Redux/er-config","e32616fea6ccf5245096d8d7eeb54f0f5ac0b2a7","MoveList.textproto","Bug","Physical","75","100","10","Deals 75 base-power physical Bug-type damage. If the hit succeeds, it sets Sticky Web on the target's side of the field. The source also gives the move an increased critical-hit rate and arrow/projectile synergy.","0 (normal priority)","One target","No","mirror-move-affected;arrow;effect-chance-100","100% when the listed secondary effect applies","","","","","","","","Fires a sticky trap. Sets up Sticky Web. +1 crit chance. Archer boost.","","complete","Source-verified against Elite Redux MoveList.textproto at the pinned commit.","explicitly reuses an existing animation","MOVE_STICKY_WEB","direct hg-engine DS reuse","animations/hg-engine/gen6/567.s","567","reuse referenced DS animation","Elite Redux reuses MOVE_STICKY_WEB; matching Gen 6 hg-engine animation is already stored in this repository.","manifests/ELITE_REDUX_DS_ANIMATION_PASS_01.csv"
"MOVE_AURA_FORCE","Aura Force","Aura Force","Pokemon Elite Redux","Elite-Redux/er-config","e32616fea6ccf5245096d8d7eeb54f0f5ac0b2a7","MoveList.textproto","Fighting","Physical","70","100","10","Imbues strikes with aura power. Super-effective on Ghost. Mega Launcher boost.","0 (normal priority)","One target","No","mirror-move-affected;mega-launcher","No separate chance field","","","","","","","","Imbues strikes with aura power. Super-effective on Ghost. Mega Launcher boost.","","complete","Source-verified against Elite Redux MoveList.textproto at the pinned commit.","explicitly reuses an existing animation","MOVE_AURA_SPHERE","direct Platinum/base-era DS reuse","","","reuse the vanilla Platinum animation","Elite Redux references an official Gen 1–4 move animation already present in the Platinum base game.","manifests/ELITE_REDUX_DS_ANIMATION_PASS_01.csv"
"MOVE_DRAKE_MISSILE","Draco Missile","Draco Missile","Pokemon Elite Redux","Elite-Redux/er-config","e32616fea6ccf5245096d8d7eeb54f0f5ac0b2a7","MoveList.textproto","Dragon","Physical","100","90","10","Hits both foes on the field with draconic force. Archer boost.","0 (normal priority)","One target","No","mirror-move-affected;arrow","No separate chance field","","","","","","","","Hits both foes on the field with draconic force. Archer boost.","","complete","Source-verified against Elite Redux MoveList.textproto at the pinned commit.","explicitly reuses an existing animation","MOVE_AURA_SPHERE","direct Platinum/base-era DS reuse","","","reuse the vanilla Platinum animation","Elite Redux references an official Gen 1–4 move animation already present in the Platinum base game.","manifests/ELITE_REDUX_DS_ANIMATION_PASS_01.csv"
"MOVE_LOTUS_SHOWER","Lotus Shower","Lotus Shower","Pokemon Elite Redux","Elite-Redux/er-config","e32616fea6ccf5245096d8d7eeb54f0f5ac0b2a7","MoveList.textproto","Grass","Physical","85","100","10","Lotus drifts to foes and explodes. Hits both foes. 10% Sleep. Mega Launcher boost.","0 (normal priority)","Both opposing Pokémon","No","mirror-move-affected;mega-launcher;effect-chance-10","10% when the listed secondary effect applies","","","","","","","","Lotus drifts to foes and explodes. Hits both foes. 10% Sleep. Mega Launcher boost.","","complete","Source-verified against Elite Redux MoveList.textproto at the pinned commit.","animation linkage pending source-wide animation audit","","pending/no source animation linkage","","","select or build a DS animation","No source-certified animation reference in the community manifest.","manifests/ELITE_REDUX_DS_ANIMATION_PASS_01.csv"
"MOVE_JAGGED_HORNS","Jagged Horns","Jagged Horns","Pokemon Elite Redux","Elite-Redux/er-config","e32616fea6ccf5245096d8d7eeb54f0f5ac0b2a7","MoveList.textproto","Rock","Physical","85","100","10","A rocky jab strikes the foe. 10% flinch chance. 10% bleed chance. Mighty Horn boost.","0 (normal priority)","One target","Yes","contact;mirror-move-affected;horn;effect-chance-10","10% when the listed secondary effect applies","","","","","","","","A rocky jab strikes the foe. 10% flinch chance. 10% bleed chance. Mighty Horn boost.","","complete","Source-verified against Elite Redux MoveList.textproto at the pinned commit.","explicitly reuses an existing animation","MOVE_HORN_ATTACK","direct Platinum/base-era DS reuse","","","reuse the vanilla Platinum animation","Elite Redux references an official Gen 1–4 move animation already present in the Platinum base game.","manifests/ELITE_REDUX_DS_ANIMATION_PASS_01.csv"
"MOVE_BLOOD_SHOT","Blood Shot","Blood Shot","Pokemon Elite Redux","Elite-Redux/er-config","e32616fea6ccf5245096d8d7eeb54f0f5ac0b2a7","MoveList.textproto","Dark","Status","","100","10","Hurls a sphere of cursed blood magic. Causes the foe to bleed profusely.","0 (normal priority)","One target","Yes","contact;mirror-move-affected","No separate chance field","","","","","","","","Hurls a sphere of cursed blood magic. Causes the foe to bleed profusely.","","complete","Source-verified against Elite Redux MoveList.textproto at the pinned commit.","animation linkage pending source-wide animation audit","","pending/no source animation linkage","","","select or build a DS animation","No source-certified animation reference in the community manifest.","manifests/ELITE_REDUX_DS_ANIMATION_PASS_01.csv"
"MOVE_FLASH_FREEZE","Flash Freeze","Flash Freeze","Pokemon Elite Redux","Elite-Redux/er-config","e32616fea6ccf5245096d8d7eeb54f0f5ac0b2a7","MoveList.textproto","Ice","Status","","90","10","Rapidly chills the foe, causing frostbite. Never misses if user is Ice-type.","0 (normal priority)","One target","Yes","contact;mirror-move-affected","No separate chance field","","","","","","","","Rapidly chills the foe, causing frostbite. Never misses if user is Ice-type.","","complete","Source-verified against Elite Redux MoveList.textproto at the pinned commit.","explicitly reuses an existing animation","MOVE_FREEZE_DRY","direct hg-engine DS reuse","animations/hg-engine/gen6/576.s","576","reuse referenced DS animation","Elite Redux reuses MOVE_FREEZE_DRY; matching Gen 6 hg-engine animation is already stored in this repository.","manifests/ELITE_REDUX_DS_ANIMATION_PASS_01.csv"
"MOVE_PHANTOM_GLOVES","Phantom Glove","Phantom Glove","Pokemon Elite Redux","Elite-Redux/er-config","e32616fea6ccf5245096d8d7eeb54f0f5ac0b2a7","MoveList.textproto","Ghost","Physical","85","100","10","Deals 85 base-power physical Ghost-type damage. It has a 30% chance to lower the target's Speed by 1 stage and is flagged for Mega Launcher-style synergy.","0 (normal priority)","One target","Yes","contact;mirror-move-affected;mega-launcher;effect-chance-30","30% when the listed secondary effect applies","","30% chance: target Speed -1 stage","","","","","","Throws foe with a ghostly hand. 30% chance to lower Speed. Mega Launcher boost.","","complete","Source-verified against Elite Redux MoveList.textproto at the pinned commit.","explicitly reuses an existing animation","MOVE_SHADOW_CLAW","direct Platinum/base-era DS reuse","","","reuse the vanilla Platinum animation","Elite Redux references an official Gen 1–4 move animation already present in the Platinum base game.","manifests/ELITE_REDUX_DS_ANIMATION_PASS_01.csv"
"MOVE_HOMING_FLETCH","Homing Fletch","Homing Fletch","Pokemon Elite Redux","Elite-Redux/er-config","e32616fea6ccf5245096d8d7eeb54f0f5ac0b2a7","MoveList.textproto","Steel","Physical","80","","10","User fires a seeking arrow. Cannot miss. Has +1 crit chance. Archer boost.","0 (normal priority)","One target","No","mirror-move-affected;arrow","No separate chance field","","","","","","","","User fires a seeking arrow. Cannot miss. Has +1 crit chance. Archer boost.","","complete","Source-verified against Elite Redux MoveList.textproto at the pinned commit.","explicitly reuses an existing animation","MOVE_THOUSAND_ARROWS","direct hg-engine DS reuse","animations/hg-engine/gen6/617.s","617","reuse referenced DS animation","Elite Redux reuses MOVE_THOUSAND_ARROWS; matching Gen 6 hg-engine animation is already stored in this repository.","manifests/ELITE_REDUX_DS_ANIMATION_PASS_01.csv"
"MOVE_DEVIOUS_SHOT","Devious Shot","Devious Shot","Pokemon Elite Redux","Elite-Redux/er-config","e32616fea6ccf5245096d8d7eeb54f0f5ac0b2a7","MoveList.textproto","Dark","Physical","80","","15","A devious arrow strike. +1 crit chance. 50% bleed chance. Archer boost.","0 (normal priority)","One target","No","mirror-move-affected;arrow;effect-chance-50","50% when the listed secondary effect applies","","","","","","","","A devious arrow strike. +1 crit chance. 50% bleed chance. Archer boost.","","complete","Source-verified against Elite Redux MoveList.textproto at the pinned commit.","explicitly reuses an existing animation","MOVE_THOUSAND_ARROWS","direct hg-engine DS reuse","animations/hg-engine/gen6/617.s","617","reuse referenced DS animation","Elite Redux reuses MOVE_THOUSAND_ARROWS; matching Gen 6 hg-engine animation is already stored in this repository.","manifests/ELITE_REDUX_DS_ANIMATION_PASS_01.csv"
"MOVE_STARBURST","Starburst","Starburst","Pokemon Elite Redux","Elite-Redux/er-config","e32616fea6ccf5245096d8d7eeb54f0f5ac0b2a7","MoveList.textproto","Normal","Physical","110","90","10","The user crashes a star shaped ray down. 30% flinch chance. Mega Launcher boost.","0 (normal priority)","One target","No","mirror-move-affected;mega-launcher;effect-chance-30","30% when the listed secondary effect applies","","","","","","","","The user crashes a star shaped ray down. 30% flinch chance. Mega Launcher boost.","","complete","Source-verified against Elite Redux MoveList.textproto at the pinned commit.","animation linkage pending source-wide animation audit","","pending/no source animation linkage","","","select or build a DS animation","No source-certified animation reference in the community manifest.","manifests/ELITE_REDUX_DS_ANIMATION_PASS_01.csv"
"MOVE_CHEAP_SHOT","Cheap Shot","Cheap Shot","Pokemon Elite Redux","Elite-Redux/er-config","e32616fea6ccf5245096d8d7eeb54f0f5ac0b2a7","MoveList.textproto","Dark","Physical","120","100","20","The user sneaks into shadows, then attacks with hidden projectile. Mega Launcher boost.","0 (normal priority)","One target","No","mirror-move-affected;mega-launcher","No separate chance field","","","","","","","","The user sneaks into shadows, then attacks with hidden projectile. Mega Launcher boost.","","complete","Source-verified against Elite Redux MoveList.textproto at the pinned commit.","explicitly reuses an existing animation","MOVE_SHADOW_FORCE","direct Platinum/base-era DS reuse","","","reuse the vanilla Platinum animation","Elite Redux references an official Gen 1–4 move animation already present in the Platinum base game.","manifests/ELITE_REDUX_DS_ANIMATION_PASS_01.csv"
"MOVE_TORRENT_FIST","Torrent Fist","Torrent Fist","Pokemon Elite Redux","Elite-Redux/er-config","e32616fea6ccf5245096d8d7eeb54f0f5ac0b2a7","MoveList.textproto","Water","Physical","80","100","15","Deals 80 base-power physical Water-type damage. It has a 20% chance to lower the target's Speed by 1 stage and is a punching move boosted by Iron Fist.","0 (normal priority)","One target","No","mirror-move-affected;iron-fist;effect-chance-20","20% when the listed secondary effect applies","","20% chance: target Speed -1 stage","","","","","","Strikes with a water-infused fist. 20% chance to drop speed. Iron Fist boost.","","complete","Source-verified against Elite Redux MoveList.textproto at the pinned commit.","explicitly reuses an existing animation","MOVE_SURGING_STRIKES","direct hg-engine DS reuse","animations/hg-engine/gen8/821.s","821","reuse referenced DS animation","Elite Redux reuses MOVE_SURGING_STRIKES; matching Gen 8 hg-engine animation is already stored in this repository.","manifests/ELITE_REDUX_DS_ANIMATION_PASS_01.csv"
"MOVE_STAR_CRASH","Star Crash","Star Crash","Pokemon Elite Redux","Elite-Redux/er-config","e32616fea6ccf5245096d8d7eeb54f0f5ac0b2a7","MoveList.textproto","Fairy","Physical","120","100","10","Strikes the foe like a falling star. 33% recoil damage.","0 (normal priority)","One target","Yes","contact;mirror-move-affected;reckless","No separate chance field","","","","","","","","Strikes the foe like a falling star. 33% recoil damage.","","complete","Source-verified against Elite Redux MoveList.textproto at the pinned commit.","explicitly reuses an existing animation","MOVE_METEOR_MASH","direct Platinum/base-era DS reuse","","","reuse the vanilla Platinum animation","Elite Redux references an official Gen 1–4 move animation already present in the Platinum base game.","manifests/ELITE_REDUX_DS_ANIMATION_PASS_01.csv"
"MOVE_ENERGY_WAVE","Energy Wave","Energy Wave","Pokemon Elite Redux","Elite-Redux/er-config","e32616fea6ccf5245096d8d7eeb54f0f5ac0b2a7","MoveList.textproto","Normal","Special","115","90","5","The user unleashes a deadly wave of energy to strike the enemy.","0 (normal priority)","One target","No","mirror-move-affected","No separate chance field","","","","","","","","The user unleashes a deadly wave of energy to strike the enemy.","","complete","Source-verified against Elite Redux MoveList.textproto at the pinned commit.","explicitly reuses an existing animation","MOVE_SONIC_BOOM","direct Platinum/base-era DS reuse","","","reuse the vanilla Platinum animation","Elite Redux references an official Gen 1–4 move animation already present in the Platinum base game.","manifests/ELITE_REDUX_DS_ANIMATION_PASS_01.csv"
"MOVE_FLUTTERING_LEAF","Fluttering Leaf","Fluttering Leaf","Pokemon Elite Redux","Elite-Redux/er-config","e32616fea6ccf5245096d8d7eeb54f0f5ac0b2a7","MoveList.textproto","Grass","Physical","60","100","20","The user moves like a fluttering leaf and strikes. User switches afterwards.","0 (normal priority)","One target","Yes","contact;mirror-move-affected","No separate chance field","","","","","","","","The user moves like a fluttering leaf and strikes. User switches afterwards.","","complete","Source-verified against Elite Redux MoveList.textproto at the pinned commit.","explicitly reuses an existing animation","MOVE_U_TURN","direct Platinum/base-era DS reuse","","","reuse the vanilla Platinum animation","Elite Redux references an official Gen 1–4 move animation already present in the Platinum base game.","manifests/ELITE_REDUX_DS_ANIMATION_PASS_01.csv"
"MOVE_WHIRLING_STRIKES","Whirling Strikes","Whirling Strikes","Pokemon Elite Redux","Elite-Redux/er-config","e32616fea6ccf5245096d8d7eeb54f0f5ac0b2a7","MoveList.textproto","Flying","Physical","20","90","10","Hits 3 times. Each hit does more damage. Striker.","0 (normal priority)","One target","Yes","contact;mirror-move-affected;striker","No separate chance field","","","","","","","","Hits 3 times. Each hit does more damage. Striker.","","complete","Source-verified against Elite Redux MoveList.textproto at the pinned commit.","explicitly reuses an existing animation","MOVE_TRIPLE_AXEL","direct hg-engine DS reuse","animations/hg-engine/gen8/816.s","816","reuse referenced DS animation","Elite Redux reuses MOVE_TRIPLE_AXEL; matching Gen 8 hg-engine animation is already stored in this repository.","manifests/ELITE_REDUX_DS_ANIMATION_PASS_01.csv"
"MOVE_MIND_BREAK","Mind Break","Mind Break","Pokemon Elite Redux","Elite-Redux/er-config","e32616fea6ccf5245096d8d7eeb54f0f5ac0b2a7","MoveList.textproto","Psychic","Physical","110","90","10","Uses psychic power to shatter foes' psyche. 20% chance to confuse.","0 (normal priority)","One target","No","mirror-move-affected;effect-chance-20","20% when the listed secondary effect applies","","","","","","","","Uses psychic power to shatter foes' psyche. 20% chance to confuse.","","complete","Source-verified against Elite Redux MoveList.textproto at the pinned commit.","explicitly reuses an existing animation","MOVE_PSYSHOCK","direct hg-engine DS reuse","animations/hg-engine/gen5/476.s","476","reuse referenced DS animation","Elite Redux reuses MOVE_PSYSHOCK; matching Gen 5 hg-engine animation is already stored in this repository.","manifests/ELITE_REDUX_DS_ANIMATION_PASS_01.csv"
"MOVE_WYRM_WIND","Wyrm Wind","Wyrm Wind","Pokemon Elite Redux","Elite-Redux/er-config","e32616fea6ccf5245096d8d7eeb54f0f5ac0b2a7","MoveList.textproto","Dragon","Special","25","100","20","A 25 base-power special Dragon-type attack that hits 2–5 times. After its multi-hit sequence, it raises the user's Speed by 1 stage and lowers the user's Special Defense by 1 stage, matching the source's Wyrm Wind move-effect handling.","0 (normal priority)","One target","No","mirror-move-affected;mega-launcher;ballistic;effect-chance-100","100% when the listed secondary effect applies","","User Speed +1 stage; user Sp. Def -1 stage after the sequence","2–5 hits; 25 BP per hit","","","","","Hits 2-5 times. Lowers SpDef. Raises Speed. Mega launcher boost.","","complete","Source-verified against Elite Redux MoveList.textproto at the pinned commit.","explicitly reuses an existing animation","MOVE_SCALE_SHOT","direct hg-engine DS reuse","animations/hg-engine/gen8/802.s","802","reuse referenced DS animation","Elite Redux reuses MOVE_SCALE_SHOT; matching Gen 8 hg-engine animation is already stored in this repository.","manifests/ELITE_REDUX_DS_ANIMATION_PASS_01.csv"
"MOVE_BERRY_SMASH","Berry Smash","Berry Smash","Pokemon Elite Redux","Elite-Redux/er-config","e32616fea6ccf5245096d8d7eeb54f0f5ac0b2a7","MoveList.textproto","Grass","Physical","70","100","5","User smashes its berry, gaining its effect. Super Slammer boost.","0 (normal priority)","One target","Yes","contact;mirror-move-affected;hammer","No separate chance field","","","","","","","","User smashes its berry, gaining its effect. Super Slammer boost.","","complete","Source-verified against Elite Redux MoveList.textproto at the pinned commit.","explicitly reuses an existing animation","MOVE_WOOD_HAMMER","direct Platinum/base-era DS reuse","","","reuse the vanilla Platinum animation","Elite Redux references an official Gen 1–4 move animation already present in the Platinum base game.","manifests/ELITE_REDUX_DS_ANIMATION_PASS_01.csv"
"MOVE_SUPERHOT_FLAME","Boiling Flame","Boiling Flame","Pokemon Elite Redux","Elite-Redux/er-config","e32616fea6ccf5245096d8d7eeb54f0f5ac0b2a7","MoveList.textproto","Fire","Special","80","100","15","Deals damage. Deals increased damage in rain.","0 (normal priority)","One target","No","mirror-move-affected","No separate chance field","","","","","","","","Deals damage. Deals increased damage in rain.","","complete","Source-verified against Elite Redux MoveList.textproto at the pinned commit.","explicitly reuses an existing animation","MOVE_HYDRO_STEAM","direct hg-engine DS reuse","animations/hg-engine/gen9/879.s","879","reuse referenced DS animation","Elite Redux reuses MOVE_HYDRO_STEAM; matching Gen 9 hg-engine animation is already stored in this repository.","manifests/ELITE_REDUX_DS_ANIMATION_PASS_01.csv"
"MOVE_DOUBLE_LARIAT","Double Lariat","Double Lariat","Pokemon Elite Redux","Elite-Redux/er-config","e32616fea6ccf5245096d8d7eeb54f0f5ac0b2a7","MoveList.textproto","Fighting","Physical","85","100","10","User hits both foes with whirling arms. Foes cannot use any sound moves after.","0 (normal priority)","Both opposing Pokémon","Yes","contact;mirror-move-affected","No separate chance field","","","","","","","","User hits both foes with whirling arms. Foes cannot use any sound moves after.","","complete","Source-verified against Elite Redux MoveList.textproto at the pinned commit.","explicitly reuses an existing animation","MOVE_DARKEST_LARIAT","direct hg-engine DS reuse","animations/hg-engine/gen7/666.s","666","reuse referenced DS animation","Elite Redux reuses MOVE_DARKEST_LARIAT; matching Gen 7 hg-engine animation is already stored in this repository.","manifests/ELITE_REDUX_DS_ANIMATION_PASS_01.csv"
"MOVE_LEECH_BLADE","Leech Blade","Leech Blade","Pokemon Elite Redux","Elite-Redux/er-config","e32616fea6ccf5245096d8d7eeb54f0f5ac0b2a7","MoveList.textproto","Grass","Physical","75","100","15","Heals 50% of damage done to the foe. Keen Edge boost.","0 (normal priority)","One target","Yes","contact;mirror-move-affected;keen-edge","No separate chance field","","","","","","","","Heals 50% of damage done to the foe. Keen Edge boost.","","complete","Source-verified against Elite Redux MoveList.textproto at the pinned commit.","explicitly reuses an existing animation","MOVE_LEAF_BLADE","direct Platinum/base-era DS reuse","","","reuse the vanilla Platinum animation","Elite Redux references an official Gen 1–4 move animation already present in the Platinum base game.","manifests/ELITE_REDUX_DS_ANIMATION_PASS_01.csv"
"MOVE_YGGDRASIL_FORCE","Yggdrasil Force","Yggdrasil Force","Pokemon Elite Redux","Elite-Redux/er-config","e32616fea6ccf5245096d8d7eeb54f0f5ac0b2a7","MoveList.textproto","Grass","Physical","120","100","5","Nature's overcharges the user's strike. Lowers Atk and Def.","0 (normal priority)","One target","Yes","contact;mirror-move-affected","No separate chance field","","","","","","","","Nature's overcharges the user's strike. Lowers Atk and Def.","","complete","Source-verified against Elite Redux MoveList.textproto at the pinned commit.","explicitly reuses an existing animation","MOVE_SUPERPOWER","direct Platinum/base-era DS reuse","","","reuse the vanilla Platinum animation","Elite Redux references an official Gen 1–4 move animation already present in the Platinum base game.","manifests/ELITE_REDUX_DS_ANIMATION_PASS_01.csv"
"MOVE_DRAIN_BRAIN","Drain Brain","Drain Brain","Pokemon Elite Redux","Elite-Redux/er-config","e32616fea6ccf5245096d8d7eeb54f0f5ac0b2a7","MoveList.textproto","Psychic","Status","","100","10","Saps the foe's SpAtk and heals HP by the same amount.","0 (normal priority)","One target","No","magic-coat-affected;mirror-move-affected","No separate chance field","","","","","","","","Saps the foe's SpAtk and heals HP by the same amount.","","complete","Source-verified against Elite Redux MoveList.textproto at the pinned commit.","explicitly reuses an existing animation","MOVE_STRENGTH_SAP","direct hg-engine DS reuse","animations/hg-engine/gen7/671.s","671","reuse referenced DS animation","Elite Redux reuses MOVE_STRENGTH_SAP; matching Gen 7 hg-engine animation is already stored in this repository.","manifests/ELITE_REDUX_DS_ANIMATION_PASS_01.csv"
"MOVE_PSYCHOKINETIC_SLAM","Psychokinetic Slam","Psychokinetic Slam","Pokemon Elite Redux","Elite-Redux/er-config","e32616fea6ccf5245096d8d7eeb54f0f5ac0b2a7","MoveList.textproto","Psychic","Physical","120","100","10","User charges, boosted by psychic power. 33% recoil damage.","0 (normal priority)","One target","Yes","contact;mirror-move-affected;reckless","No separate chance field","","","","","","","","User charges, boosted by psychic power. 33% recoil damage.","","complete","Source-verified against Elite Redux MoveList.textproto at the pinned commit.","explicitly reuses an existing animation","MOVE_DOUBLE_EDGE","direct Platinum/base-era DS reuse","","","reuse the vanilla Platinum animation","Elite Redux references an official Gen 1–4 move animation already present in the Platinum base game.","manifests/ELITE_REDUX_DS_ANIMATION_PASS_01.csv"
"MOVE_GEM_MISSILE","Gem Missile","Gem Missile","Pokemon Elite Redux","Elite-Redux/er-config","e32616fea6ccf5245096d8d7eeb54f0f5ac0b2a7","MoveList.textproto","Rock","Special","40","100","15","A fast attack that strikes the foe with a sharp gem. +1 priority.","1 (+1 priority)","One target","No","mirror-move-affected;priority-1","No separate chance field","","","","","","","","A fast attack that strikes the foe with a sharp gem. +1 priority.","","complete","Source-verified against Elite Redux MoveList.textproto at the pinned commit.","explicitly reuses an existing animation","MOVE_POWER_GEM","direct Platinum/base-era DS reuse","","","reuse the vanilla Platinum animation","Elite Redux references an official Gen 1–4 move animation already present in the Platinum base game.","manifests/ELITE_REDUX_DS_ANIMATION_PASS_01.csv"
"MOVE_RIDER_KICK","Rider Kick","Rider Kick","Pokemon Elite Redux","Elite-Redux/er-config","e32616fea6ccf5245096d8d7eeb54f0f5ac0b2a7","MoveList.textproto","Bug","Physical","90","","10","An unerring kick that ignores the foe's ability. Can't miss. Striker boost.","0 (normal priority)","One target","Yes","contact;ignores-ability;mirror-move-affected;striker","No separate chance field","","","","","","","","An unerring kick that ignores the foe's ability. Can't miss. Striker boost.","","complete","Source-verified against Elite Redux MoveList.textproto at the pinned commit.","explicitly reuses an existing animation","MOVE_JUMP_KICK","direct Platinum/base-era DS reuse","","","reuse the vanilla Platinum animation","Elite Redux references an official Gen 1–4 move animation already present in the Platinum base game.","manifests/ELITE_REDUX_DS_ANIMATION_PASS_01.csv"
"MOVE_INVERSE_ROOM","Inverse Room","Inverse Room","Pokemon Elite Redux","Elite-Redux/er-config","e32616fea6ccf5245096d8d7eeb54f0f5ac0b2a7","MoveList.textproto","Psychic","Status","","","5","For 5 turns, type effectiveness is inverted: matchups that would normally be super effective become resisted, while resisted matchups become super effective. Immunities follow Elite Redux's Inverse Room rules.","0 (normal priority)","Entire battlefield","No","mirror-move-affected","No separate chance field","","","","","","","Creates Inverse Room for 5 turns, reversing type effectiveness while active.","The user exerts an unknown power that reverses the type chart for 5 turns.","","complete","Source-verified against Elite Redux MoveList.textproto at the pinned commit.","explicitly reuses an existing animation","MOVE_TRICK_ROOM","direct Platinum/base-era DS reuse","","","reuse the vanilla Platinum animation","Elite Redux references an official Gen 1–4 move animation already present in the Platinum base game.","manifests/ELITE_REDUX_DS_ANIMATION_PASS_01.csv"
"MOVE_BLAZING_BONE","Blazing Bone","Blazing Bone","Pokemon Elite Redux","Elite-Redux/er-config","e32616fea6ccf5245096d8d7eeb54f0f5ac0b2a7","MoveList.textproto","Fire","Physical","15","100","10","Strikes with a fiery bone 2-5 times. Has +1 priority. Bone-based.","1 (+1 priority)","One target","No","mirror-move-affected;bone;priority-1","No separate chance field","","","","","","","","Strikes with a fiery bone 2-5 times. Has +1 priority. Bone-based.","","complete","Source-verified against Elite Redux MoveList.textproto at the pinned commit.","explicitly reuses an existing animation","MOVE_SHADOW_BONE","direct hg-engine DS reuse","animations/hg-engine/gen7/711.s","711","reuse referenced DS animation","Elite Redux reuses MOVE_SHADOW_BONE; matching Gen 7 hg-engine animation is already stored in this repository.","manifests/ELITE_REDUX_DS_ANIMATION_PASS_01.csv"
"MOVE_KARMA","Karma","Karma","Pokemon Elite Redux","Elite-Redux/er-config","e32616fea6ccf5245096d8d7eeb54f0f5ac0b2a7","MoveList.textproto","Poison","Status","","","20","Raises the user's Special Attack by 1 stage and Special Defense by 1 stage, but lowers the user's Speed by 1 stage.","0 (normal priority)","User","No","snatch-affected;mirror-move-affected","No separate chance field","","User Sp. Atk +1, Sp. Def +1, Speed -1","","","","","","Purges its impurities. Lowers Speed, raises SpAtk and SpDef.","","complete","Source-verified against Elite Redux MoveList.textproto at the pinned commit.","explicitly reuses an existing animation","MOVE_CURSE","direct Platinum/base-era DS reuse","","","reuse the vanilla Platinum animation","Elite Redux references an official Gen 1–4 move animation already present in the Platinum base game.","manifests/ELITE_REDUX_DS_ANIMATION_PASS_01.csv"
"MOVE_GHASTLY_ECHO","Ghastly Echo","Ghastly Echo","Pokemon Elite Redux","Elite-Redux/er-config","e32616fea6ccf5245096d8d7eeb54f0f5ac0b2a7","MoveList.textproto","Ghost","Special","20","100","10","Deals damage and switches. Switch-in gets 50% boost for 1 turn. Sound-based.","0 (normal priority)","One target","No","mirror-move-affected;sound","No separate chance field","","","","","","","","Deals damage and switches. Switch-in gets 50% boost for 1 turn. Sound-based.","","complete","Source-verified against Elite Redux MoveList.textproto at the pinned commit.","explicitly reuses an existing animation","MOVE_PURSUIT","direct Platinum/base-era DS reuse","","","reuse the vanilla Platinum animation","Elite Redux references an official Gen 1–4 move animation already present in the Platinum base game.","manifests/ELITE_REDUX_DS_ANIMATION_PASS_01.csv"
"MOVE_RAGING_SOULS","Raging Souls","Raging Souls","Pokemon Elite Redux","Elite-Redux/er-config","e32616fea6ccf5245096d8d7eeb54f0f5ac0b2a7","MoveList.textproto","Ghost","Special","130","100","5","Souls from astral plane strike the foe. This lowers Sp. Atk by 2 stages.","0 (normal priority)","One target","No","mirror-move-affected;effect-chance-100","100% when the listed secondary effect applies","","","","","","","","Souls from astral plane strike the foe. This lowers Sp. Atk by 2 stages.","","complete","Source-verified against Elite Redux MoveList.textproto at the pinned commit.","explicitly reuses an existing animation","MOVE_WILL_O_WISP","direct Platinum/base-era DS reuse","","","reuse the vanilla Platinum animation","Elite Redux references an official Gen 1–4 move animation already present in the Platinum base game.","manifests/ELITE_REDUX_DS_ANIMATION_PASS_01.csv"
"MOVE_REQUIEM","Requiem","Requiem","Pokemon Elite Redux","Elite-Redux/er-config","e32616fea6ccf5245096d8d7eeb54f0f5ac0b2a7","MoveList.textproto","Ghost","Special","90","100","10","Sings a haunting melody. 10% chance to inflict curse. Sound-based.","0 (normal priority)","One target","No","mirror-move-affected;sound;effect-chance-10","10% when the listed secondary effect applies","","","","","","","","Sings a haunting melody. 10% chance to inflict curse. Sound-based.","","complete","Source-verified against Elite Redux MoveList.textproto at the pinned commit.","explicitly reuses an existing animation","MOVE_SING","direct Platinum/base-era DS reuse","","","reuse the vanilla Platinum animation","Elite Redux references an official Gen 1–4 move animation already present in the Platinum base game.","manifests/ELITE_REDUX_DS_ANIMATION_PASS_01.csv"
"MOVE_SOIL_DRAIN","Soil Drain","Soil Drain","Pokemon Elite Redux","Elite-Redux/er-config","e32616fea6ccf5245096d8d7eeb54f0f5ac0b2a7","MoveList.textproto","Ground","Special","75","100","10","Foe's power is leeched into the ground. Heals 50% of damage done.","0 (normal priority)","One target","No","mirror-move-affected","No separate chance field","","","","","","","","Foe's power is leeched into the ground. Heals 50% of damage done.","","complete","Source-verified against Elite Redux MoveList.textproto at the pinned commit.","explicitly reuses an existing animation","MOVE_GIGA_DRAIN","direct Platinum/base-era DS reuse","","","reuse the vanilla Platinum animation","Elite Redux references an official Gen 1–4 move animation already present in the Platinum base game.","manifests/ELITE_REDUX_DS_ANIMATION_PASS_01.csv"
"MOVE_SMASHIN_REALITIES","Smashin\' Realities","Smashin\' Realities","Pokemon Elite Redux","Elite-Redux/er-config","e32616fea6ccf5245096d8d7eeb54f0f5ac0b2a7","MoveList.textproto","Dark","Physical","90","100","5","Removes weather and terrain. -3 priority. Hammer based.","-3 (-3 priority)","One target","Yes","contact;mirror-move-affected;hammer;priority--3","No separate chance field","","","","","","","","Removes weather and terrain. -3 priority. Hammer based.","","complete","Source-verified against Elite Redux MoveList.textproto at the pinned commit.","explicitly reuses an existing animation","MOVE_HAMMER_ARM","direct Platinum/base-era DS reuse","","","reuse the vanilla Platinum animation","Elite Redux references an official Gen 1–4 move animation already present in the Platinum base game.","manifests/ELITE_REDUX_DS_ANIMATION_PASS_01.csv"
"MOVE_CREEPING_THORNS","Creeping Thorns","Creeping Thorns","Pokemon Elite Redux","Elite-Redux/er-config","e32616fea6ccf5245096d8d7eeb54f0f5ac0b2a7","MoveList.textproto","Grass","Status","","","20","Thorn-covered vines surround the foe. This hurts foes on switch in.","0 (normal priority)","Opposing side","No","magic-coat-affected","No separate chance field","","","","","","","","Thorn-covered vines surround the foe. This hurts foes on switch in.","","complete","Source-verified against Elite Redux MoveList.textproto at the pinned commit.","animation linkage pending source-wide animation audit","","pending/no source animation linkage","","","select or build a DS animation","No source-certified animation reference in the community manifest.","manifests/ELITE_REDUX_DS_ANIMATION_PASS_01.csv"
"MOVE_WILD_SWING","Wild Swing","Wild Swing","Pokemon Elite Redux","Elite-Redux/er-config","e32616fea6ccf5245096d8d7eeb54f0f5ac0b2a7","MoveList.textproto","Normal","Physical","60","100","20","Forces the target to switch. -6 priority. Hammer-based.","-6 (-6 priority)","One target","Yes","contact;mirror-move-affected;hammer;priority--6","No separate chance field","","","","","","","","Forces the target to switch. -6 priority. Hammer-based.","","complete","Source-verified against Elite Redux MoveList.textproto at the pinned commit.","explicitly reuses an existing animation","MOVE_GIGATON_HAMMER","direct hg-engine DS reuse","animations/hg-engine/gen9/896.s","896","reuse referenced DS animation","Elite Redux reuses MOVE_GIGATON_HAMMER; matching Gen 9 hg-engine animation is already stored in this repository.","manifests/ELITE_REDUX_DS_ANIMATION_PASS_01.csv"
"MOVE_FEMUR_BREAKER","Femur Breaker","Femur Breaker","Pokemon Elite Redux","Elite-Redux/er-config","e32616fea6ccf5245096d8d7eeb54f0f5ac0b2a7","MoveList.textproto","Electric","Physical","120","70","10","The user strikes the foe's legs. Always paralyzes. Hammer-based.","0 (normal priority)","One target","Yes","contact;mirror-move-affected;hammer;effect-chance-100","100% when the listed secondary effect applies","","","","","","","","The user strikes the foe's legs. Always paralyzes. Hammer-based.","","complete","Source-verified against Elite Redux MoveList.textproto at the pinned commit.","explicitly reuses an existing animation","MOVE_SMITE","custom Elite Redux animation chain","","","follow referenced custom move, then recreate/convert for DS","Elite Redux chains animation reuse through another custom Elite Redux move.","manifests/ELITE_REDUX_DS_ANIMATION_PASS_01.csv"
"MOVE_SQUEAKY_HAMMER","Squeaky Hammer","Squeaky Hammer","Pokemon Elite Redux","Elite-Redux/er-config","e32616fea6ccf5245096d8d7eeb54f0f5ac0b2a7","MoveList.textproto","Fairy","Physical","80","100","15","Deals 80 base-power physical Fairy-type damage. It has a 20% chance to infatuate the target and is flagged as a hammer-based move.","0 (normal priority)","One target","Yes","contact;mirror-move-affected;hammer;effect-chance-20","20% when the listed secondary effect applies","","","","","","","","An oddly sounding attack that may infatuate the foe. Hammer-based.","","complete","Source-verified against Elite Redux MoveList.textproto at the pinned commit.","explicitly reuses an existing animation","MOVE_GIGATON_HAMMER","direct hg-engine DS reuse","animations/hg-engine/gen9/896.s","896","reuse referenced DS animation","Elite Redux reuses MOVE_GIGATON_HAMMER; matching Gen 9 hg-engine animation is already stored in this repository.","manifests/ELITE_REDUX_DS_ANIMATION_PASS_01.csv"
"MOVE_PRIMITIVE_STRIKE","Primitive Strike","Primitive Strike","Pokemon Elite Redux","Elite-Redux/er-config","e32616fea6ccf5245096d8d7eeb54f0f5ac0b2a7","MoveList.textproto","Ground","Physical","120","95","5","The foe is struck with ancient attacks. -2 priority. Hammer-based.","-2 (-2 priority)","One target","Yes","contact;mirror-move-affected;hammer;priority--2","No separate chance field","","","","","","","","The foe is struck with ancient attacks. -2 priority. Hammer-based.","","complete","Source-verified against Elite Redux MoveList.textproto at the pinned commit.","explicitly reuses an existing animation","MOVE_GIGATON_HAMMER","direct hg-engine DS reuse","animations/hg-engine/gen9/896.s","896","reuse referenced DS animation","Elite Redux reuses MOVE_GIGATON_HAMMER; matching Gen 9 hg-engine animation is already stored in this repository.","manifests/ELITE_REDUX_DS_ANIMATION_PASS_01.csv"
"MOVE_SMASHING_PUMPKINS","Smashing Pumpkins","Smashing Pumpkins","Pokemon Elite Redux","Elite-Redux/er-config","e32616fea6ccf5245096d8d7eeb54f0f5ac0b2a7","MoveList.textproto","Grass","Physical","60","","20","Deals damage and sets grassy terrain. Hammer-based.","0 (normal priority)","One target","Yes","contact;mirror-move-affected;hammer;effect-chance-100","100% when the listed secondary effect applies","","","","","","","","Deals damage and sets grassy terrain. Hammer-based.","","complete","Source-verified against Elite Redux MoveList.textproto at the pinned commit.","explicitly reuses an existing animation","MOVE_GIGATON_HAMMER","direct hg-engine DS reuse","animations/hg-engine/gen9/896.s","896","reuse referenced DS animation","Elite Redux reuses MOVE_GIGATON_HAMMER; matching Gen 9 hg-engine animation is already stored in this repository.","manifests/ELITE_REDUX_DS_ANIMATION_PASS_01.csv"
"MOVE_AIRBORNE_SLAM","Airborne Slam","Airborne Slam","Pokemon Elite Redux","Elite-Redux/er-config","e32616fea6ccf5245096d8d7eeb54f0f5ac0b2a7","MoveList.textproto","Normal","Physical","","","","Source record is incomplete: it describes a 20% confusion effect and Hammer-based behavior, but omits base power, accuracy, PP, and an implemented effect definition.","0 (normal priority)","One target","No","ignores-protect;hammer","No separate chance field","","","","","","","","20% chance to confuse. Hammer-based.","Pinned Elite Redux MoveList.textproto omits power, accuracy, PP, and effect chance for this move and assigns EFFECT_PLACEHOLDER. The intended battle values cannot be certified from the audited source.","source-limited","Pinned Elite Redux MoveList.textproto verified directly. The record is intentionally blocked because its required numeric battle data and implemented effect are absent.","explicitly reuses an existing animation","MOVE_GIGATON_HAMMER","direct hg-engine DS reuse","animations/hg-engine/gen9/896.s","896","reuse referenced DS animation","Elite Redux reuses MOVE_GIGATON_HAMMER; matching Gen 9 hg-engine animation is already stored in this repository.","manifests/ELITE_REDUX_DS_ANIMATION_PASS_01.csv"
"MOVE_SPINE_BREAKER","Spine Breaker","Spine Breaker","Pokemon Elite Redux","Elite-Redux/er-config","e32616fea6ccf5245096d8d7eeb54f0f5ac0b2a7","MoveList.textproto","Rock","Physical","80","100","15","Strikes the foe fearsomely on the back. 30% chance to paralyze.","0 (normal priority)","One target","Yes","contact;mirror-move-affected;hammer;effect-chance-30","30% when the listed secondary effect applies","","","","","","","","Strikes the foe fearsomely on the back. 30% chance to paralyze.","","complete","Source-verified against Elite Redux MoveList.textproto at the pinned commit.","explicitly reuses an existing animation","MOVE_GIGATON_HAMMER","direct hg-engine DS reuse","animations/hg-engine/gen9/896.s","896","reuse referenced DS animation","Elite Redux reuses MOVE_GIGATON_HAMMER; matching Gen 9 hg-engine animation is already stored in this repository.","manifests/ELITE_REDUX_DS_ANIMATION_PASS_01.csv"
"MOVE_CRACKLE_SLAM","Crackle Slam","Crackle Slam","Pokemon Elite Redux","Elite-Redux/er-config","e32616fea6ccf5245096d8d7eeb54f0f5ac0b2a7","MoveList.textproto","Electric","Physical","70","100","15","Slams foes with lots of electricity. Super-effective against Steel. Hammer-based.","0 (normal priority)","One target","Yes","contact;mirror-move-affected;hammer","No separate chance field","","","","","","","","Slams foes with lots of electricity. Super-effective against Steel. Hammer-based.","","complete","Source-verified against Elite Redux MoveList.textproto at the pinned commit.","explicitly reuses an existing animation","MOVE_GIGATON_HAMMER","direct hg-engine DS reuse","animations/hg-engine/gen9/896.s","896","reuse referenced DS animation","Elite Redux reuses MOVE_GIGATON_HAMMER; matching Gen 9 hg-engine animation is already stored in this repository.","manifests/ELITE_REDUX_DS_ANIMATION_PASS_01.csv"
"MOVE_SQUALL_HAMMER","Squall Hammer","Squall Hammer","Pokemon Elite Redux","Elite-Redux/er-config","e32616fea6ccf5245096d8d7eeb54f0f5ac0b2a7","MoveList.textproto","Flying","Physical","95","100","10","50% chance to clear hazards. -1 priority. Hammer-based.","-1 (-1 priority)","One target","Yes","contact;mirror-move-affected;no-sheer-force;hammer;effect-chance-50;priority--1","50% when the listed secondary effect applies","","","","","","","","50% chance to clear hazards. -1 priority. Hammer-based.","","complete","Source-verified against Elite Redux MoveList.textproto at the pinned commit.","explicitly reuses an existing animation","MOVE_GIGATON_HAMMER","direct hg-engine DS reuse","animations/hg-engine/gen9/896.s","896","reuse referenced DS animation","Elite Redux reuses MOVE_GIGATON_HAMMER; matching Gen 9 hg-engine animation is already stored in this repository.","manifests/ELITE_REDUX_DS_ANIMATION_PASS_01.csv"
"MOVE_MEGATON_HAMMER","Megaton Hammer","Megaton Hammer","Pokemon Elite Redux","Elite-Redux/er-config","e32616fea6ccf5245096d8d7eeb54f0f5ac0b2a7","MoveList.textproto","Fighting","Physical","80","100","10","A massive strike with a hammer of immense power. Ignores Protect.","0 (normal priority)","One target","Yes","contact;ignores-protect;mirror-move-affected;hammer","No separate chance field","","","","","","","","A massive strike with a hammer of immense power. Ignores Protect.","","complete","Source-verified against Elite Redux MoveList.textproto at the pinned commit.","explicitly reuses an existing animation","MOVE_GIGATON_HAMMER","direct hg-engine DS reuse","animations/hg-engine/gen9/896.s","896","reuse referenced DS animation","Elite Redux reuses MOVE_GIGATON_HAMMER; matching Gen 9 hg-engine animation is already stored in this repository.","manifests/ELITE_REDUX_DS_ANIMATION_PASS_01.csv"
"MOVE_BATTERING_RAM","Battering Ram","Battering Ram","Pokemon Elite Redux","Elite-Redux/er-config","e32616fea6ccf5245096d8d7eeb54f0f5ac0b2a7","MoveList.textproto","Dragon","Physical","90","100","15","The user launches a heavy object. Breaks barriers. Hammer-based.","0 (normal priority)","One target","Yes","contact;mirror-move-affected;hammer","No separate chance field","","","","","","","","The user launches a heavy object. Breaks barriers. Hammer-based.","","complete","Source-verified against Elite Redux MoveList.textproto at the pinned commit.","explicitly reuses an existing animation","MOVE_GIGATON_HAMMER","direct hg-engine DS reuse","animations/hg-engine/gen9/896.s","896","reuse referenced DS animation","Elite Redux reuses MOVE_GIGATON_HAMMER; matching Gen 9 hg-engine animation is already stored in this repository.","manifests/ELITE_REDUX_DS_ANIMATION_PASS_01.csv"
"MOVE_PITFALL","Pitfall","Pitfall","Pokemon Elite Redux","Elite-Redux/er-config","e32616fea6ccf5245096d8d7eeb54f0f5ac0b2a7","MoveList.textproto","Ground","Physical","80","100","10","Deals 80 base-power physical Ground-type damage. It has a 30% chance to trap the target so it cannot switch normally and apply a sure-hit effect that makes the user's attacks ignore accuracy against that target. Elite Redux stores the sure-hit state on a short timer; the source constant documents it as a two-turn timer with the next turn as the last active turn.","0 (normal priority)","One target","Yes","contact;mirror-move-affected;hammer;effect-chance-30","30%","","","","","","","","30% chance to trap and make attacks always hit the target. Hammer-based.","","complete","Source-verified against Elite Redux MoveList.textproto at the pinned commit.","explicitly reuses an existing animation","MOVE_GIGATON_HAMMER","direct hg-engine DS reuse","animations/hg-engine/gen9/896.s","896","reuse referenced DS animation","Elite Redux reuses MOVE_GIGATON_HAMMER; matching Gen 9 hg-engine animation is already stored in this repository.","manifests/ELITE_REDUX_DS_ANIMATION_PASS_01.csv"
"MOVE_VIRAL_STRIKE","Viral Strike","Viral Strike","Pokemon Elite Redux","Elite-Redux/er-config","e32616fea6ccf5245096d8d7eeb54f0f5ac0b2a7","MoveList.textproto","Poison","Physical","110","90","5","Transfers the user's status to the target, curing the user. Hammer-based.","0 (normal priority)","One target","Yes","contact;mirror-move-affected;hammer","No separate chance field","","","","","","","","Transfers the user's status to the target, curing the user. Hammer-based.","","complete","Source-verified against Elite Redux MoveList.textproto at the pinned commit.","explicitly reuses an existing animation","MOVE_GIGATON_HAMMER","direct hg-engine DS reuse","animations/hg-engine/gen9/896.s","896","reuse referenced DS animation","Elite Redux reuses MOVE_GIGATON_HAMMER; matching Gen 9 hg-engine animation is already stored in this repository.","manifests/ELITE_REDUX_DS_ANIMATION_PASS_01.csv"
"MOVE_SHADOW_HAMMER","Shadow Hammer","Shadow Hammer","Pokemon Elite Redux","Elite-Redux/er-config","e32616fea6ccf5245096d8d7eeb54f0f5ac0b2a7","MoveList.textproto","Ghost","Physical","120","100","10","The user slams its ghostly body into the foe. 33% recoil damage.","0 (normal priority)","One target","Yes","contact;mirror-move-affected;hammer;reckless","No separate chance field","","","","","","","","The user slams its ghostly body into the foe. 33% recoil damage.","","complete","Source-verified against Elite Redux MoveList.textproto at the pinned commit.","explicitly reuses an existing animation","MOVE_GIGATON_HAMMER","direct hg-engine DS reuse","animations/hg-engine/gen9/896.s","896","reuse referenced DS animation","Elite Redux reuses MOVE_GIGATON_HAMMER; matching Gen 9 hg-engine animation is already stored in this repository.","manifests/ELITE_REDUX_DS_ANIMATION_PASS_01.csv"
"MOVE_BONK","Bonk","Bonk","Pokemon Elite Redux","Elite-Redux/er-config","e32616fea6ccf5245096d8d7eeb54f0f5ac0b2a7","MoveList.textproto","Fairy","Physical","75","100","5","50% chance to cause drowsiness. Hammer-based.","0 (normal priority)","One target","Yes","contact;mirror-move-affected;hammer;effect-chance-50","50% when the listed secondary effect applies","","","","","","","","50% chance to cause drowsiness. Hammer-based.","","complete","Source-verified against Elite Redux MoveList.textproto at the pinned commit.","explicitly reuses an existing animation","MOVE_GIGATON_HAMMER","direct hg-engine DS reuse","animations/hg-engine/gen9/896.s","896","reuse referenced DS animation","Elite Redux reuses MOVE_GIGATON_HAMMER; matching Gen 9 hg-engine animation is already stored in this repository.","manifests/ELITE_REDUX_DS_ANIMATION_PASS_01.csv"
"MOVE_MOLTEN_STRIKE","Molten Strike","Molten Strike","Pokemon Elite Redux","Elite-Redux/er-config","e32616fea6ccf5245096d8d7eeb54f0f5ac0b2a7","MoveList.textproto","Fire","Physical","100","100","10","Deals 100 base-power physical Fire-type damage and then lowers the user's Speed. Elite Redux's move record marks this self-Speed drop as guaranteed; its public config does not encode the stage amount separately, so the audit does not invent a larger drop.","0 (normal priority)","One target","Yes","contact;mirror-move-affected;hammer;effect-chance-100","100% when the listed secondary effect applies","","","","","","","","Lowers the user's speed. Iron fist boost. Hammer-based.","","complete","Source-verified against Elite Redux MoveList.textproto at the pinned commit.","explicitly reuses an existing animation","MOVE_GIGATON_HAMMER","direct hg-engine DS reuse","animations/hg-engine/gen9/896.s","896","reuse referenced DS animation","Elite Redux reuses MOVE_GIGATON_HAMMER; matching Gen 9 hg-engine animation is already stored in this repository.","manifests/ELITE_REDUX_DS_ANIMATION_PASS_01.csv"
"MOVE_MIRAGE_SLAM","Mirage Slam","Mirage Slam","Pokemon Elite Redux","Elite-Redux/er-config","e32616fea6ccf5245096d8d7eeb54f0f5ac0b2a7","MoveList.textproto","Psychic","Physical","120","85","10","Predicts a 40bp Future Sight. Hammer-based.","0 (normal priority)","One target","Yes","contact;mirror-move-affected;hammer","No separate chance field","","","","","","","","Predicts a 40bp Future Sight. Hammer-based.","","complete","Source-verified against Elite Redux MoveList.textproto at the pinned commit.","explicitly reuses an existing animation","MOVE_GIGATON_HAMMER","direct hg-engine DS reuse","animations/hg-engine/gen9/896.s","896","reuse referenced DS animation","Elite Redux reuses MOVE_GIGATON_HAMMER; matching Gen 9 hg-engine animation is already stored in this repository.","manifests/ELITE_REDUX_DS_ANIMATION_PASS_01.csv"
"MOVE_EARTHSPLITTER","Earthsplitter","Earthsplitter","Pokemon Elite Redux","Elite-Redux/er-config","e32616fea6ccf5245096d8d7eeb54f0f5ac0b2a7","MoveList.textproto","Steel","Physical","90","100","10","Deals 90 base-power physical Steel-type damage. It has a 50% chance to lower the target's Defense by 1 stage and is flagged as a hammer-based move.","0 (normal priority)","One target","Yes","contact;mirror-move-affected;hammer;effect-chance-50","50% when the listed secondary effect applies","","","","","","","","Can lower the defense of targets. Hammer-based.","","complete","Source-verified against Elite Redux MoveList.textproto at the pinned commit.","explicitly reuses an existing animation","MOVE_GIGATON_HAMMER","direct hg-engine DS reuse","animations/hg-engine/gen9/896.s","896","reuse referenced DS animation","Elite Redux reuses MOVE_GIGATON_HAMMER; matching Gen 9 hg-engine animation is already stored in this repository.","manifests/ELITE_REDUX_DS_ANIMATION_PASS_01.csv"
"MOVE_BEETLE_BASH","Beetle Bash","Beetle Bash","Pokemon Elite Redux","Elite-Redux/er-config","e32616fea6ccf5245096d8d7eeb54f0f5ac0b2a7","MoveList.textproto","Bug","Physical","120","90","5","Slams with a beetle-like hammer. 30% to confuse. Hammer-based.","0 (normal priority)","One target","Yes","contact;mirror-move-affected;hammer;effect-chance-30","30% when the listed secondary effect applies","","","","","","","","Slams with a beetle-like hammer. 30% to confuse. Hammer-based.","","complete","Source-verified against Elite Redux MoveList.textproto at the pinned commit.","explicitly reuses an existing animation","MOVE_GIGATON_HAMMER","direct hg-engine DS reuse","animations/hg-engine/gen9/896.s","896","reuse referenced DS animation","Elite Redux reuses MOVE_GIGATON_HAMMER; matching Gen 9 hg-engine animation is already stored in this repository.","manifests/ELITE_REDUX_DS_ANIMATION_PASS_01.csv"
"MOVE_PEBBLE_SHOWER","Pebble Shower","Pebble Shower","Pokemon Elite Redux","Elite-Redux/er-config","e32616fea6ccf5245096d8d7eeb54f0f5ac0b2a7","MoveList.textproto","Rock","Special","75","100","10","A rain of pebbles hits both targets. 20% flinch chance.","0 (normal priority)","Both opposing Pokémon","No","mirror-move-affected;effect-chance-20","20% when the listed secondary effect applies","","","","","","","","A rain of pebbles hits both targets. 20% flinch chance.","","complete","Source-verified against Elite Redux MoveList.textproto at the pinned commit.","explicitly reuses an existing animation","MOVE_ROCK_SLIDE","direct Platinum/base-era DS reuse","","","reuse the vanilla Platinum animation","Elite Redux references an official Gen 1–4 move animation already present in the Platinum base game.","manifests/ELITE_REDUX_DS_ANIMATION_PASS_01.csv"
"MOVE_RAPID_RIVER","Rapid River","Rapid River","Pokemon Elite Redux","Elite-Redux/er-config","e32616fea6ccf5245096d8d7eeb54f0f5ac0b2a7","MoveList.textproto","Water","Physical","45","100","15","A surge of water that hits twice. 10% drench chance. Mega Launcher boost.","0 (normal priority)","One target","Yes","contact;mirror-move-affected;mega-launcher;effect-chance-10","10% when the listed secondary effect applies","","","","","","","","A surge of water that hits twice. 10% drench chance. Mega Launcher boost.","","complete","Source-verified against Elite Redux MoveList.textproto at the pinned commit.","explicitly reuses an existing animation","MOVE_WATERFALL","direct Platinum/base-era DS reuse","","","reuse the vanilla Platinum animation","Elite Redux references an official Gen 1–4 move animation already present in the Platinum base game.","manifests/ELITE_REDUX_DS_ANIMATION_PASS_01.csv"
"MOVE_TOXIC_NEEDLES","Toxic Needles","Toxic Needles","Pokemon Elite Redux","Elite-Redux/er-config","e32616fea6ccf5245096d8d7eeb54f0f5ac0b2a7","MoveList.textproto","Poison","Physical","25","100","10","Toxic pins are shot at the foe and hit 2 - 5 times. 10% poison chance.","0 (normal priority)","One target","Yes","contact;mirror-move-affected;effect-chance-10","10% when the listed secondary effect applies","","","","","","","","Toxic pins are shot at the foe and hit 2 - 5 times. 10% poison chance.","","complete","Source-verified against Elite Redux MoveList.textproto at the pinned commit.","explicitly reuses an existing animation","MOVE_BARB_BARRAGE","direct hg-engine DS reuse","animations/hg-engine/gen8/842.s","842","reuse referenced DS animation","Elite Redux reuses MOVE_BARB_BARRAGE; matching Gen 8 hg-engine animation is already stored in this repository.","manifests/ELITE_REDUX_DS_ANIMATION_PASS_01.csv"
"MOVE_SMOLDER_BASH","Smolder Bash","Smolder Bash","Pokemon Elite Redux","Elite-Redux/er-config","e32616fea6ccf5245096d8d7eeb54f0f5ac0b2a7","MoveList.textproto","Fire","Physical","80","100","15","Bashes the foe with a fiery horn. 10% chance to burn. Horn-based.","0 (normal priority)","One target","Yes","contact;mirror-move-affected;horn;effect-chance-10","10% when the listed secondary effect applies","","","","","","","","Bashes the foe with a fiery horn. 10% chance to burn. Horn-based.","","complete","Source-verified against Elite Redux MoveList.textproto at the pinned commit.","explicitly reuses an existing animation","MOVE_FLARE_BLITZ","direct Platinum/base-era DS reuse","","","reuse the vanilla Platinum animation","Elite Redux references an official Gen 1–4 move animation already present in the Platinum base game.","manifests/ELITE_REDUX_DS_ANIMATION_PASS_01.csv"
"MOVE_BEATDOWN","Beatdown","Beatdown","Pokemon Elite Redux","Elite-Redux/er-config","e32616fea6ccf5245096d8d7eeb54f0f5ac0b2a7","MoveList.textproto","Dark","Physical","25","100","20","Attacks the foe with a flurry of blows. hits 2-5 times.","0 (normal priority)","One target","Yes","contact;mirror-move-affected","No separate chance field","","","","","","","","Attacks the foe with a flurry of blows. hits 2-5 times.","","complete","Source-verified against Elite Redux MoveList.textproto at the pinned commit.","explicitly reuses an existing animation","MOVE_BEAT_UP","direct Platinum/base-era DS reuse","","","reuse the vanilla Platinum animation","Elite Redux references an official Gen 1–4 move animation already present in the Platinum base game.","manifests/ELITE_REDUX_DS_ANIMATION_PASS_01.csv"
"MOVE_EERIE_FOG","Eerie Fog","Eerie Fog","Pokemon Elite Redux","Elite-Redux/er-config","e32616fea6ccf5245096d8d7eeb54f0f5ac0b2a7","MoveList.textproto","Ghost","Status","","","10","An eerie fog lasting eight turns drains boosts from non-Ghost and Psychic mons.","0 (normal priority)","One target","No","ignores-protect","No separate chance field","","","","","","","","An eerie fog lasting eight turns drains boosts from non-Ghost and Psychic mons.","","complete","Source-verified against Elite Redux MoveList.textproto at the pinned commit.","explicitly reuses an existing animation","MOVE_HAZE","direct Platinum/base-era DS reuse","","","reuse the vanilla Platinum animation","Elite Redux references an official Gen 1–4 move animation already present in the Platinum base game.","manifests/ELITE_REDUX_DS_ANIMATION_PASS_01.csv"
"MOVE_MYSTIC_DANCE","Mystic Dance","Mystic Dance","Pokemon Elite Redux","Elite-Redux/er-config","e32616fea6ccf5245096d8d7eeb54f0f5ac0b2a7","MoveList.textproto","Dragon","Status","","","20","Raises the user's Special Attack by 1 stage and Speed by 1 stage. It is a dance move.","0 (normal priority)","User","No","snatch-affected;dance","No separate chance field","","User Sp. Atk +1 and Speed +1","","","","","","A mystic, powerful dance that boosts the user's SpAtk and Speed stats.","","complete","Source-verified against Elite Redux MoveList.textproto at the pinned commit.","explicitly reuses an existing animation","MOVE_DRAGON_DANCE","direct Platinum/base-era DS reuse","","","reuse the vanilla Platinum animation","Elite Redux references an official Gen 1–4 move animation already present in the Platinum base game.","manifests/ELITE_REDUX_DS_ANIMATION_PASS_01.csv"
"MOVE_RELENTLESS_CLOBBER","Relentless Clobber","Relentless Clobber","Pokemon Elite Redux","Elite-Redux/er-config","e32616fea6ccf5245096d8d7eeb54f0f5ac0b2a7","MoveList.textproto","Dark","Physical","25","100","20","Pummels the target repeatedly. Hammer based.","0 (normal priority)","One target","Yes","contact;mirror-move-affected;hammer","No separate chance field","","","","","","","","Pummels the target repeatedly. Hammer based.","","complete","Source-verified against Elite Redux MoveList.textproto at the pinned commit.","explicitly reuses an existing animation","MOVE_BEAT_UP","direct Platinum/base-era DS reuse","","","reuse the vanilla Platinum animation","Elite Redux references an official Gen 1–4 move animation already present in the Platinum base game.","manifests/ELITE_REDUX_DS_ANIMATION_PASS_01.csv"
"MOVE_POP_MAYHEM","Popping Mayhem","Popping Mayhem","Pokemon Elite Redux","Elite-Redux/er-config","e32616fea6ccf5245096d8d7eeb54f0f5ac0b2a7","MoveList.textproto","Fire","Physical","25","100","20","Pelts the target with hot kernels.10% burn chance.","0 (normal priority)","One target","No","mirror-move-affected;ballistic;effect-chance-10","10% when the listed secondary effect applies","","","","","","","","Pelts the target with hot kernels.10% burn chance.","","complete","Source-verified against Elite Redux MoveList.textproto at the pinned commit.","explicitly reuses an existing animation","MOVE_BULLET_SEED","direct Platinum/base-era DS reuse","","","reuse the vanilla Platinum animation","Elite Redux references an official Gen 1–4 move animation already present in the Platinum base game.","manifests/ELITE_REDUX_DS_ANIMATION_PASS_01.csv"
"MOVE_KILOBITE","Kilobite","Kilobite","Pokemon Elite Redux","Elite-Redux/er-config","e32616fea6ccf5245096d8d7eeb54f0f5ac0b2a7","MoveList.textproto","Steel","Physical","85","100","10","Rushes forward and bites the foe. -1 Speed to foe or +1 Speed to user.","0 (normal priority)","One target","No","mirror-move-affected;strong-jaw;effect-chance-100","100% when the listed secondary effect applies","","","","","","","","Rushes forward and bites the foe. -1 Speed to foe or +1 Speed to user.","","complete","Source-verified against Elite Redux MoveList.textproto at the pinned commit.","explicitly reuses an existing animation","MOVE_IRON_FANGS","custom Elite Redux animation chain","","","follow referenced custom move, then recreate/convert for DS","Elite Redux chains animation reuse through another custom Elite Redux move.","manifests/ELITE_REDUX_DS_ANIMATION_PASS_01.csv"
"MOVE_TANGLING_HUSK","Tangling Husk","Tangling Husk","Pokemon Elite Redux","Elite-Redux/er-config","e32616fea6ccf5245096d8d7eeb54f0f5ac0b2a7","MoveList.textproto","Grass","Status","","","5","Protects against non-Fire-type moves. Slows attackers on contact.","4 (+4 priority)","User","No","is-protection;priority-4","No separate chance field","","","","","","","","Protects against non-Fire-type moves. Slows attackers on contact.","","complete","Source-verified against Elite Redux MoveList.textproto at the pinned commit.","explicitly reuses an existing animation","MOVE_SILK_TRAP","direct hg-engine DS reuse","animations/hg-engine/gen9/855.s","855","reuse referenced DS animation","Elite Redux reuses MOVE_SILK_TRAP; matching Gen 9 hg-engine animation is already stored in this repository.","manifests/ELITE_REDUX_DS_ANIMATION_PASS_01.csv"
"MOVE_RIP_AND_TEAR","Rip and Tear","Rip and Tear","Pokemon Elite Redux","Elite-Redux/er-config","e32616fea6ccf5245096d8d7eeb54f0f5ac0b2a7","MoveList.textproto","Dark","Physical","110","90","5","Deals 110 base-power physical Dark-type damage. It lowers the target's Speed and has a 50% chance to inflict Elite Redux's Bleed status. It cannot be used on consecutive turns and is a biting move boosted by Strong Jaw.","0 (normal priority)","One target","Yes","contact;every-other-turn;mirror-move-affected;strong-jaw;effect-chance-50","50% when the listed secondary effect applies","","","","","","","","Lowers Speed. 50% chance to bleed. Can't be used twice in a row.","","complete","Source-verified against Elite Redux MoveList.textproto at the pinned commit.","explicitly reuses an existing animation","MOVE_CRUNCH","direct Platinum/base-era DS reuse","","","reuse the vanilla Platinum animation","Elite Redux references an official Gen 1–4 move animation already present in the Platinum base game.","manifests/ELITE_REDUX_DS_ANIMATION_PASS_01.csv"
"MOVE_BRAVADO","Bravado","Bravado","Pokemon Elite Redux","Elite-Redux/er-config","e32616fea6ccf5245096d8d7eeb54f0f5ac0b2a7","MoveList.textproto","Normal","Special","70","100","20","An attack that is boosted if user is burned, poisoned, or paralyzed.","0 (normal priority)","One target","Yes","mirror-move-affected;contact","No separate chance field","","","","","","","","An attack that is boosted if user is burned, poisoned, or paralyzed.","","complete","Source-verified against Elite Redux MoveList.textproto at the pinned commit.","explicitly reuses an existing animation","MOVE_FACADE","direct Platinum/base-era DS reuse","","","reuse the vanilla Platinum animation","Elite Redux references an official Gen 1–4 move animation already present in the Platinum base game.","manifests/ELITE_REDUX_DS_ANIMATION_PASS_01.csv"
"MOVE_TERROR_CHARGE","Terror Charge","Terror Charge","Pokemon Elite Redux","Elite-Redux/er-config","e32616fea6ccf5245096d8d7eeb54f0f5ac0b2a7","MoveList.textproto","Dark","Physical","65","100","15","50% chance to bleed. 50% chance to fear. Double damage when switching in.","0 (normal priority)","One target","Yes","contact;mirror-move-affected;strong-jaw;effect-chance-50","50% when the listed secondary effect applies","","","","","","","","50% chance to bleed. 50% chance to fear. Double damage when switching in.","","complete","Source-verified against Elite Redux MoveList.textproto at the pinned commit.","explicitly reuses an existing animation","MOVE_DOUBLE_EDGE","direct Platinum/base-era DS reuse","","","reuse the vanilla Platinum animation","Elite Redux references an official Gen 1–4 move animation already present in the Platinum base game.","manifests/ELITE_REDUX_DS_ANIMATION_PASS_01.csv"
"MOVE_TERROR_LOCKS","Terror Locks","Terror Locks","Pokemon Elite Redux","Elite-Redux/er-config","e32616fea6ccf5245096d8d7eeb54f0f5ac0b2a7","MoveList.textproto","Ghost","Physical","85","100","15","30% chance to bleed. 50% more damage if the foe is bleeding. Keen Edge boost.","0 (normal priority)","One target","Yes","contact;mirror-move-affected;keen-edge;effect-chance-30","30% when the listed secondary effect applies","","","","","","","","30% chance to bleed. 50% more damage if the foe is bleeding. Keen Edge boost.","","complete","Source-verified against Elite Redux MoveList.textproto at the pinned commit.","explicitly reuses an existing animation","MOVE_NIGHT_SLASH","direct Platinum/base-era DS reuse","","","reuse the vanilla Platinum animation","Elite Redux references an official Gen 1–4 move animation already present in the Platinum base game.","manifests/ELITE_REDUX_DS_ANIMATION_PASS_01.csv"
"MOVE_DREAM_INVERSION","Dream Invasion","Dream Invasion","Pokemon Elite Redux","Elite-Redux/er-config","e32616fea6ccf5245096d8d7eeb54f0f5ac0b2a7","MoveList.textproto","Normal","Physical","70","100","10","Deals 2x damage to sleeping foes. 10% chance for drowsy. Hits both foes.","0 (normal priority)","Both opposing Pokémon","No","mirror-move-affected;effect-chance-10","10% when the listed secondary effect applies","","","","","","","","Deals 2x damage to sleeping foes. 10% chance for drowsy. Hits both foes.","","complete","Source-verified against Elite Redux MoveList.textproto at the pinned commit.","explicitly reuses an existing animation","MOVE_DREAM_EATER","direct Platinum/base-era DS reuse","","","reuse the vanilla Platinum animation","Elite Redux references an official Gen 1–4 move animation already present in the Platinum base game.","manifests/ELITE_REDUX_DS_ANIMATION_PASS_01.csv"
"MOVE_SPARKLING_BARRAGE","Sparkling Barrage","Sparkling Barrage","Pokemon Elite Redux","Elite-Redux/er-config","e32616fea6ccf5245096d8d7eeb54f0f5ac0b2a7","MoveList.textproto","Psychic","Physical","30","100","10","The user shoots 3 beams of light at the target.","0 (normal priority)","One target","No","mirror-move-affected;arrow","No separate chance field","","","","","","","","The user shoots 3 beams of light at the target.","","complete","Source-verified against Elite Redux MoveList.textproto at the pinned commit.","explicitly reuses an existing animation","MOVE_SPIRIT_SHACKLE","direct hg-engine DS reuse","animations/hg-engine/gen7/665.s","665","reuse referenced DS animation","Elite Redux reuses MOVE_SPIRIT_SHACKLE; matching Gen 7 hg-engine animation is already stored in this repository.","manifests/ELITE_REDUX_DS_ANIMATION_PASS_01.csv"
"MOVE_SPECTRAL_SERENADE","Spectral Serenade","Spectral Serenade","Pokemon Elite Redux","Elite-Redux/er-config","e32616fea6ccf5245096d8d7eeb54f0f5ac0b2a7","MoveList.textproto","Ghost","Special","130","100","5","The foe is hit with a huge explosion. Can only be used every-other turn.","0 (normal priority)","One target","No","every-other-turn;mirror-move-affected","No separate chance field","","","","","","","","The foe is hit with a huge explosion. Can only be used every-other turn.","","complete","Source-verified against Elite Redux MoveList.textproto at the pinned commit.","explicitly reuses an existing animation","MOVE_WILL_O_WISP","direct Platinum/base-era DS reuse","","","reuse the vanilla Platinum animation","Elite Redux references an official Gen 1–4 move animation already present in the Platinum base game.","manifests/ELITE_REDUX_DS_ANIMATION_PASS_01.csv"
"MOVE_MERCULIGHT","Merculight","Merculight","Pokemon Elite Redux","Elite-Redux/er-config","e32616fea6ccf5245096d8d7eeb54f0f5ac0b2a7","MoveList.textproto","Electric","Status","","","5","Has +4 priority and protects the user from attacks for the turn. Attackers that trigger its protection are paralyzed. Like other Protect-style moves, repeated consecutive use can fail.","+4","User","No","is-protection;priority-4","No separate chance field","","","","","","","","Evades attacks with certainty, paralyzing attackers. May fail if used in succession.","","complete","Source-verified against Elite Redux MoveList.textproto at the pinned commit.","explicitly reuses an existing animation","MOVE_PROTECT","direct Platinum/base-era DS reuse","","","reuse the vanilla Platinum animation","Elite Redux references an official Gen 1–4 move animation already present in the Platinum base game.","manifests/ELITE_REDUX_DS_ANIMATION_PASS_01.csv"
"MOVE_BIG_BLAST","Big Bang","Big Bang","Pokemon Elite Redux","Elite-Redux/er-config","e32616fea6ccf5245096d8d7eeb54f0f5ac0b2a7","MoveList.textproto","Normal","Special","90","100","10","The foe is hit with a huge explosion. 20% burn chance.","0 (normal priority)","One target","No","mirror-move-affected;mega-launcher;effect-chance-20","20% when the listed secondary effect applies","","","","","","","","The foe is hit with a huge explosion. 20% burn chance.","","complete","Source-verified against Elite Redux MoveList.textproto at the pinned commit.","explicitly reuses an existing animation","MOVE_HYPER_BEAM","direct Platinum/base-era DS reuse","","","reuse the vanilla Platinum animation","Elite Redux references an official Gen 1–4 move animation already present in the Platinum base game.","manifests/ELITE_REDUX_DS_ANIMATION_PASS_01.csv"
"MOVE_SPECTRAL_FLAME","Spectral Flame","Spectral Flame","Pokemon Elite Redux","Elite-Redux/er-config","e32616fea6ccf5245096d8d7eeb54f0f5ac0b2a7","MoveList.textproto","Ghost","Status","","85","10","Burns the target, including Fire types. Suppresses abilities in fog.","0 (normal priority)","One target","No","magic-coat-affected","No separate chance field","","","","","","","","Burns the target, including Fire types. Suppresses abilities in fog.","","complete","Source-verified against Elite Redux MoveList.textproto at the pinned commit.","explicitly reuses an existing animation","MOVE_WILL_O_WISP","direct Platinum/base-era DS reuse","","","reuse the vanilla Platinum animation","Elite Redux references an official Gen 1–4 move animation already present in the Platinum base game.","manifests/ELITE_REDUX_DS_ANIMATION_PASS_01.csv"
"MOVE_TREPIDATION","Trepidation","Trepidation","Pokemon Elite Redux","Elite-Redux/er-config","e32616fea6ccf5245096d8d7eeb54f0f5ac0b2a7","MoveList.textproto","Poison","Special","20","90","20","The foe falls into despair. All Psychic-type moves they use miss for 3 turns.","0 (normal priority)","One target","No","mirror-move-affected;effect-chance-100","100% when the listed secondary effect applies","","","","","","","","The foe falls into despair. All Psychic-type moves they use miss for 3 turns.","","complete","Source-verified against Elite Redux MoveList.textproto at the pinned commit.","explicitly reuses an existing animation","MOVE_MEAN_LOOK","direct Platinum/base-era DS reuse","","","reuse the vanilla Platinum animation","Elite Redux references an official Gen 1–4 move animation already present in the Platinum base game.","manifests/ELITE_REDUX_DS_ANIMATION_PASS_01.csv"
"MOVE_ASTRAL_HAND","Astral Hand","Astral Hand","Pokemon Elite Redux","Elite-Redux/er-config","e32616fea6ccf5245096d8d7eeb54f0f5ac0b2a7","MoveList.textproto","Psychic","Physical","85","100","15","Strikes the foe with a projected fist. Ignores stat boosts. Iron Fist boost.","0 (normal priority)","One target","Yes","contact;ignores-stat-stages;mirror-move-affected;iron-fist","No separate chance field","","","","","","","","Strikes the foe with a projected fist. Ignores stat boosts. Iron Fist boost.","","complete","Source-verified against Elite Redux MoveList.textproto at the pinned commit.","explicitly reuses an existing animation","MOVE_MEGA_PUNCH","direct Platinum/base-era DS reuse","","","reuse the vanilla Platinum animation","Elite Redux references an official Gen 1–4 move animation already present in the Platinum base game.","manifests/ELITE_REDUX_DS_ANIMATION_PASS_01.csv"
"MOVE_FETCH","Fetch","Fetch","Pokemon Elite Redux","Elite-Redux/er-config","e32616fea6ccf5245096d8d7eeb54f0f5ac0b2a7","MoveList.textproto","Normal","Physical","","","5","The user retrieves its lost item and switches to an ally.","0 (normal priority)","One target","No","ignores-protect","No separate chance field","","","","","","","","The user retrieves its lost item and switches to an ally.","","complete","Source-verified against Elite Redux MoveList.textproto at the pinned commit.","explicitly reuses an existing animation","MOVE_BATON_PASS","direct Platinum/base-era DS reuse","","","reuse the vanilla Platinum animation","Elite Redux references an official Gen 1–4 move animation already present in the Platinum base game.","manifests/ELITE_REDUX_DS_ANIMATION_PASS_01.csv"
"MOVE_TRANSMUTE","Transmute","Transmute","Pokemon Elite Redux","Elite-Redux/er-config","e32616fea6ccf5245096d8d7eeb54f0f5ac0b2a7","MoveList.textproto","Psychic","Special","80","100","5","Recovers a used item if this attack knocks out the opponent.","0 (normal priority)","One target","Yes","mirror-move-affected;contact","No separate chance field","","","","","","","","Recovers a used item if this attack knocks out the opponent.","","complete","Source-verified against Elite Redux MoveList.textproto at the pinned commit.","explicitly reuses an existing animation","MOVE_PSYCHIC","direct Platinum/base-era DS reuse","","","reuse the vanilla Platinum animation","Elite Redux references an official Gen 1–4 move animation already present in the Platinum base game.","manifests/ELITE_REDUX_DS_ANIMATION_PASS_01.csv"
"MOVE_CLEAR_SKIES","Clear Skies","Clear Skies","Pokemon Elite Redux","Elite-Redux/er-config","e32616fea6ccf5245096d8d7eeb54f0f5ac0b2a7","MoveList.textproto","Normal","Status","","","15","Clears the current weather and prevents new weather from being set for 5 turns.","0 (normal priority)","Entire battlefield","No","None recorded","No separate chance field","","","","","","","","Clears the current weather and prevents new weather from being set for 5 turns.","","complete","Source-verified against Elite Redux MoveList.textproto at the pinned commit.","explicitly reuses an existing animation","MOVE_DEFOG","direct Platinum/base-era DS reuse","","","reuse the vanilla Platinum animation","Elite Redux references an official Gen 1–4 move animation already present in the Platinum base game.","manifests/ELITE_REDUX_DS_ANIMATION_PASS_01.csv"
"MOVE_READY_OR_NOT","Ready or Not","Ready or Not","Pokemon Elite Redux","Elite-Redux/er-config","e32616fea6ccf5245096d8d7eeb54f0f5ac0b2a7","MoveList.textproto","Normal","Physical","80","100","15","Hides on the first turn scares the foe on the second. 30% flinch chance.","0 (normal priority)","One target","No","mirror-move-affected;effect-chance-30","30% when the listed secondary effect applies","","","","","","","","Hides on the first turn scares the foe on the second. 30% flinch chance.","","complete","Source-verified against Elite Redux MoveList.textproto at the pinned commit.","explicitly reuses an existing animation","MOVE_ASTONISH","direct Platinum/base-era DS reuse","","","reuse the vanilla Platinum animation","Elite Redux references an official Gen 1–4 move animation already present in the Platinum base game.","manifests/ELITE_REDUX_DS_ANIMATION_PASS_01.csv"
"MOVE_GIANT_GALE","Giant Gale","Giant Gale","Pokemon Elite Redux","Elite-Redux/er-config","e32616fea6ccf5245096d8d7eeb54f0f5ac0b2a7","MoveList.textproto","Flying","Special","110","100","5","Strikes with a mighty gale, but the user's Speed is lowered. Air based.","0 (normal priority)","One target","No","mirror-move-affected;no-sheer-force;air;effect-chance-100","100% when the listed secondary effect applies","","","","","","","","Strikes with a mighty gale, but the user's Speed is lowered. Air based.","","complete","Source-verified against Elite Redux MoveList.textproto at the pinned commit.","explicitly reuses an existing animation","MOVE_HURRICANE","direct hg-engine DS reuse","animations/hg-engine/gen5/545.s","545","reuse referenced DS animation","Elite Redux reuses MOVE_HURRICANE; matching Gen 5 hg-engine animation is already stored in this repository.","manifests/ELITE_REDUX_DS_ANIMATION_PASS_01.csv"
"MOVE_VEXING_VOID","Vexing Void","Vexing Void","Pokemon Elite Redux","Elite-Redux/er-config","e32616fea6ccf5245096d8d7eeb54f0f5ac0b2a7","MoveList.textproto","Dark","Special","110","85","5","Deals 110 base-power special Dark-type damage. It has a 30% chance to lower the target's Special Defense by 1 stage. The source says it never misses in fog.","0 (normal priority)","One target","No","mirror-move-affected;effect-chance-30","30% when the listed secondary effect applies","","","","","","","","30% chance to lower Special Defense. Never misses in fog.","","complete","Source-verified against Elite Redux MoveList.textproto at the pinned commit.","explicitly reuses an existing animation","MOVE_DARK_VOID","direct Platinum/base-era DS reuse","","","reuse the vanilla Platinum animation","Elite Redux references an official Gen 1–4 move animation already present in the Platinum base game.","manifests/ELITE_REDUX_DS_ANIMATION_PASS_01.csv"
"MOVE_ECLIPSE","Eclipse","Eclipse","Pokemon Elite Redux","Elite-Redux/er-config","e32616fea6ccf5245096d8d7eeb54f0f5ac0b2a7","MoveList.textproto","Dark","Special","130","100","5","Deals heavy damage. Afterwards the user loses its Dark typing.","0 (normal priority)","One target","No","mirror-move-affected;effect-chance-100","100% when the listed secondary effect applies","","","","","","","","Deals heavy damage. Afterwards the user loses its Dark typing.","","complete","Source-verified against Elite Redux MoveList.textproto at the pinned commit.","explicitly reuses an existing animation","MOVE_DARK_VOID","direct Platinum/base-era DS reuse","","","reuse the vanilla Platinum animation","Elite Redux references an official Gen 1–4 move animation already present in the Platinum base game.","manifests/ELITE_REDUX_DS_ANIMATION_PASS_01.csv"
"MOVE_TAKE_FLIGHT","Take Flight","Take Flight","Pokemon Elite Redux","Elite-Redux/er-config","e32616fea6ccf5245096d8d7eeb54f0f5ac0b2a7","MoveList.textproto","Flying","Special","60","100","20","Deals damage and then switches out. Air based.","0 (normal priority)","One target","No","mirror-move-affected;air","No separate chance field","","","","","","","","Deals damage and then switches out. Air based.","","complete","Source-verified against Elite Redux MoveList.textproto at the pinned commit.","explicitly reuses an existing animation","MOVE_U_TURN","direct Platinum/base-era DS reuse","","","reuse the vanilla Platinum animation","Elite Redux references an official Gen 1–4 move animation already present in the Platinum base game.","manifests/ELITE_REDUX_DS_ANIMATION_PASS_01.csv"
"MOVE_CALTROPS","Caltrops","Caltrops","Pokemon Elite Redux","Elite-Redux/er-config","e32616fea6ccf5245096d8d7eeb54f0f5ac0b2a7","MoveList.textproto","Steel","Status","","","20","Spreads spikes that inflict bleeding on the next opponent to switch in.","0 (normal priority)","Opposing side","No","magic-coat-affected","No separate chance field","","","","","","","","Spreads spikes that inflict bleeding on the next opponent to switch in.","","complete","Source-verified against Elite Redux MoveList.textproto at the pinned commit.","explicitly reuses an existing animation","MOVE_SPIKES","direct Platinum/base-era DS reuse","","","reuse the vanilla Platinum animation","Elite Redux references an official Gen 1–4 move animation already present in the Platinum base game.","manifests/ELITE_REDUX_DS_ANIMATION_PASS_01.csv"
"MOVE_SAFE_PASSAGE","Safe Passage","Safe Passage","Pokemon Elite Redux","Elite-Redux/er-config","e32616fea6ccf5245096d8d7eeb54f0f5ac0b2a7","MoveList.textproto","Normal","Status","","","20","Guides an ally onto the field. They take -35% damage this turn.","0 (normal priority)","User","No","None recorded","No separate chance field","","","","","","","","Guides an ally onto the field. They take -35% damage this turn.","","complete","Source-verified against Elite Redux MoveList.textproto at the pinned commit.","explicitly reuses an existing animation","MOVE_BATON_PASS","direct Platinum/base-era DS reuse","","","reuse the vanilla Platinum animation","Elite Redux references an official Gen 1–4 move animation already present in the Platinum base game.","manifests/ELITE_REDUX_DS_ANIMATION_PASS_01.csv"
"MOVE_ESPER_WALTZ","Esper Waltz","Esper Waltz","Pokemon Elite Redux","Elite-Redux/er-config","e32616fea6ccf5245096d8d7eeb54f0f5ac0b2a7","MoveList.textproto","Psychic","Special","80","100","10","Deals 80 base-power special Psychic-type damage. It has a 50% chance to raise the user's Special Attack by 2 stages and is a dance move.","0 (normal priority)","One target","No","mirror-move-affected;dance;effect-chance-50","50% when the listed secondary effect applies","","50% chance: user Sp. Atk +2 stages","","","","","","50% chance to raise Special Attack. Dance move.","","complete","Source-verified against Elite Redux MoveList.textproto at the pinned commit.","explicitly reuses an existing animation","MOVE_REVELATION_DANCE","direct hg-engine DS reuse","animations/hg-engine/gen7/689.s","689","reuse referenced DS animation","Elite Redux reuses MOVE_REVELATION_DANCE; matching Gen 7 hg-engine animation is already stored in this repository.","manifests/ELITE_REDUX_DS_ANIMATION_PASS_01.csv"
"MOVE_ZAP_JIVE","Zap Jive","Zap Jive","Pokemon Elite Redux","Elite-Redux/er-config","e32616fea6ccf5245096d8d7eeb54f0f5ac0b2a7","MoveList.textproto","Electric","Special","80","100","10","Deals 80 base-power special Electric-type damage. It has a 50% chance to raise the user's Speed by 1 stage and is a dance move.","0 (normal priority)","One target","No","mirror-move-affected;dance;effect-chance-50","50% when the listed secondary effect applies","","50% chance: user Speed +1 stage","","","","","","50% chance to raise Speed. Dance move.","","complete","Source-verified against Elite Redux MoveList.textproto at the pinned commit.","explicitly reuses an existing animation","MOVE_REVELATION_DANCE","direct hg-engine DS reuse","animations/hg-engine/gen7/689.s","689","reuse referenced DS animation","Elite Redux reuses MOVE_REVELATION_DANCE; matching Gen 7 hg-engine animation is already stored in this repository.","manifests/ELITE_REDUX_DS_ANIMATION_PASS_01.csv"
"MOVE_HEX_TROT","Hex Trot","Hex Trot","Pokemon Elite Redux","Elite-Redux/er-config","e32616fea6ccf5245096d8d7eeb54f0f5ac0b2a7","MoveList.textproto","Ghost","Special","80","100","10","Deals 80 base-power special Ghost-type damage. It has a 50% chance to raise the user's Speed by 1 stage and is a dance move.","0 (normal priority)","One target","No","mirror-move-affected;dance;effect-chance-50","50% when the listed secondary effect applies","","50% chance: user Speed +1 stage","","","","","","50% chance to raise Speed. Dance move.","","complete","Source-verified against Elite Redux MoveList.textproto at the pinned commit.","explicitly reuses an existing animation","MOVE_REVELATION_DANCE","direct hg-engine DS reuse","animations/hg-engine/gen7/689.s","689","reuse referenced DS animation","Elite Redux reuses MOVE_REVELATION_DANCE; matching Gen 7 hg-engine animation is already stored in this repository.","manifests/ELITE_REDUX_DS_ANIMATION_PASS_01.csv"
"MOVE_BAD_EGG","Bad Egg","Bad Egg","Pokemon Elite Redux","Elite-Redux/er-config","e32616fea6ccf5245096d8d7eeb54f0f5ac0b2a7","MoveList.textproto","Poison","Special","40","100","10","Throws an egg filled with toxins. Badly poisons the target","0 (normal priority)","One target","No","mirror-move-affected;effect-chance-100","100% when the listed secondary effect applies","","","","","","","","Throws an egg filled with toxins. Badly poisons the target","","complete","Source-verified against Elite Redux MoveList.textproto at the pinned commit.","explicitly reuses an existing animation","MOVE_EGG_BOMB","direct Platinum/base-era DS reuse","","","reuse the vanilla Platinum animation","Elite Redux references an official Gen 1–4 move animation already present in the Platinum base game.","manifests/ELITE_REDUX_DS_ANIMATION_PASS_01.csv"
"MOVE_DRAGON_JAB","Dragon Jab","Dragon Jab","Pokemon Elite Redux","Elite-Redux/er-config","e32616fea6ccf5245096d8d7eeb54f0f5ac0b2a7","MoveList.textproto","Dragon","Physical","80","100","15","Deals 80 base-power physical Dragon-type damage. It has a 30% chance to inflict Elite Redux's Bleed status and is flagged for horn/jabbing synergy.","0 (normal priority)","One target","Yes","contact;mirror-move-affected;horn;effect-chance-30","30% when the listed secondary effect applies","","","","","","","","A jabbing attack. 30%  chance to inflict bleeding. Mighty Horn boost.","","complete","Source-verified against Elite Redux MoveList.textproto at the pinned commit.","explicitly reuses an existing animation","MOVE_MEGAHORN","direct Platinum/base-era DS reuse","","","reuse the vanilla Platinum animation","Elite Redux references an official Gen 1–4 move animation already present in the Platinum base game.","manifests/ELITE_REDUX_DS_ANIMATION_PASS_01.csv"
"MOVE_ICICLE_IMPALE","Icicle Impale","Icicle Impale","Pokemon Elite Redux","Elite-Redux/er-config","e32616fea6ccf5245096d8d7eeb54f0f5ac0b2a7","MoveList.textproto","Ice","Physical","80","100","15","Deals 80 base-power physical Ice-type damage. It has a 30% chance to lower the target's Defense by 1 stage and is flagged for horn/jabbing synergy.","0 (normal priority)","One target","Yes","contact;mirror-move-affected;horn;effect-chance-30","30% when the listed secondary effect applies","","","","","","","","A jabbing attack. 30%  chance to lower Defense. Mighty Horn boost.","","complete","Source-verified against Elite Redux MoveList.textproto at the pinned commit.","explicitly reuses an existing animation","MOVE_MEGAHORN","direct Platinum/base-era DS reuse","","","reuse the vanilla Platinum animation","Elite Redux references an official Gen 1–4 move animation already present in the Platinum base game.","manifests/ELITE_REDUX_DS_ANIMATION_PASS_01.csv"
"MOVE_TOXIC_PLUNGE","Toxic Plunge","Toxic Plunge","Pokemon Elite Redux","Elite-Redux/er-config","e32616fea6ccf5245096d8d7eeb54f0f5ac0b2a7","MoveList.textproto","Poison","Physical","110","100","10","Dives and then attacks on the next turn. 20% chance to poison.","0 (normal priority)","One target","Yes","contact;mirror-move-affected;effect-chance-20","20% when the listed secondary effect applies","","","","","","","","Dives and then attacks on the next turn. 20% chance to poison.","","complete","Source-verified against Elite Redux MoveList.textproto at the pinned commit.","explicitly reuses an existing animation","MOVE_SLUDGE_WAVE","direct hg-engine DS reuse","animations/hg-engine/gen5/485.s","485","reuse referenced DS animation","Elite Redux reuses MOVE_SLUDGE_WAVE; matching Gen 5 hg-engine animation is already stored in this repository.","manifests/ELITE_REDUX_DS_ANIMATION_PASS_01.csv"
"MOVE_SHOWTIME","Showtime","Showtime","Pokemon Elite Redux","Elite-Redux/er-config","e32616fea6ccf5245096d8d7eeb54f0f5ac0b2a7","MoveList.textproto","Psychic","Status","","","5","Clears other rooms and sets Magic Room, then switches to an ally.","0 (normal priority)","User","No","None recorded","No separate chance field","","","","","","","","Clears other rooms and sets Magic Room, then switches to an ally.","","complete","Source-verified against Elite Redux MoveList.textproto at the pinned commit.","explicitly reuses an existing animation","MOVE_MAGIC_ROOM","direct hg-engine DS reuse","animations/hg-engine/gen5/481.s","481","reuse referenced DS animation","Elite Redux reuses MOVE_MAGIC_ROOM; matching Gen 5 hg-engine animation is already stored in this repository.","manifests/ELITE_REDUX_DS_ANIMATION_PASS_01.csv"
"MOVE_BANISHED_POWER","Banished Power","Banished Power","Pokemon Elite Redux","Elite-Redux/er-config","e32616fea6ccf5245096d8d7eeb54f0f5ac0b2a7","MoveList.textproto","Dark","Special","70","100","10","Deals damage and raises the user's highest attack or defense by 1 stage.","0 (normal priority)","One target","No","mirror-move-affected;effect-chance-100","100% when the listed secondary effect applies","","","","","","","","Deals damage and raises the user's highest attack or defense by 1 stage.","","complete","Source-verified against Elite Redux MoveList.textproto at the pinned commit.","explicitly reuses an existing animation","MOVE_DARK_PULSE","direct Platinum/base-era DS reuse","","","reuse the vanilla Platinum animation","Elite Redux references an official Gen 1–4 move animation already present in the Platinum base game.","manifests/ELITE_REDUX_DS_ANIMATION_PASS_01.csv"
"MOVE_TRIPLE_TREMOR","Triple Tremor","Triple Tremor","Pokemon Elite Redux","Elite-Redux/er-config","e32616fea6ccf5245096d8d7eeb54f0f5ac0b2a7","MoveList.textproto","Ground","Physical","20","90","10","Hits three times. More powerful with each successive hit.","0 (normal priority)","One target","Yes","contact;mirror-move-affected;striker","No separate chance field","","","","","","","","Hits three times. More powerful with each successive hit.","","complete","Source-verified against Elite Redux MoveList.textproto at the pinned commit.","explicitly reuses an existing animation","MOVE_TRIPLE_KICK","direct Platinum/base-era DS reuse","","","reuse the vanilla Platinum animation","Elite Redux references an official Gen 1–4 move animation already present in the Platinum base game.","manifests/ELITE_REDUX_DS_ANIMATION_PASS_01.csv"
"MOVE_FIRE_GLAIVE","Fire Glaive","Fire Glaive","Pokemon Elite Redux","Elite-Redux/er-config","e32616fea6ccf5245096d8d7eeb54f0f5ac0b2a7","MoveList.textproto","Fire","Physical","85","100","10","Strikes with a white hot horn, ignoring stat changes. Might Horn boost.","0 (normal priority)","One target","Yes","contact;ignores-stat-stages;mirror-move-affected;horn","No separate chance field","","","","","","","","Strikes with a white hot horn, ignoring stat changes. Might Horn boost.","","complete","Source-verified against Elite Redux MoveList.textproto at the pinned commit.","explicitly reuses an existing animation","MOVE_FLARE_BLITZ","direct Platinum/base-era DS reuse","","","reuse the vanilla Platinum animation","Elite Redux references an official Gen 1–4 move animation already present in the Platinum base game.","manifests/ELITE_REDUX_DS_ANIMATION_PASS_01.csv"
"MOVE_DEPLETION_BEAM","Depletion Beam","Depletion Beam","Pokemon Elite Redux","Elite-Redux/er-config","e32616fea6ccf5245096d8d7eeb54f0f5ac0b2a7","MoveList.textproto","Dragon","Physical","85","100","10","Foe's last move has 3 PP cut. Mega launcher boost.","0 (normal priority)","One target","No","mirror-move-affected;mega-launcher;weather","No separate chance field","","","","","","","","Foe's last move has 3 PP cut. Mega launcher boost.","","complete","Source-verified against Elite Redux MoveList.textproto at the pinned commit.","explicitly reuses an existing animation","MOVE_STEEL_BEAM","direct hg-engine DS reuse","animations/hg-engine/gen8/799.s","799","reuse referenced DS animation","Elite Redux reuses MOVE_STEEL_BEAM; matching Gen 8 hg-engine animation is already stored in this repository.","manifests/ELITE_REDUX_DS_ANIMATION_PASS_01.csv"
"MOVE_ONE_INCH_PUNCH","One-Inch Punch","One-Inch Punch","Pokemon Elite Redux","Elite-Redux/er-config","e32616fea6ccf5245096d8d7eeb54f0f5ac0b2a7","MoveList.textproto","Fighting","Physical","90","","10","A powerful punch that never misses. High crit rate. Iron Fist boost.","0 (normal priority)","One target","Yes","contact;mirror-move-affected;iron-fist","No separate chance field","","","","","","","","A powerful punch that never misses. High crit rate. Iron Fist boost.","","complete","Source-verified against Elite Redux MoveList.textproto at the pinned commit.","explicitly reuses an existing animation","MOVE_MEGA_PUNCH","direct Platinum/base-era DS reuse","","","reuse the vanilla Platinum animation","Elite Redux references an official Gen 1–4 move animation already present in the Platinum base game.","manifests/ELITE_REDUX_DS_ANIMATION_PASS_01.csv"
"MOVE_BERSERKER_HORN","Berserker Horn","Berserker Horn","Pokemon Elite Redux","Elite-Redux/er-config","e32616fea6ccf5245096d8d7eeb54f0f5ac0b2a7","MoveList.textproto","Fighting","Physical","85","100","15","Rotates its body like a drill. High crit ratio. Mighty Horn boost.","0 (normal priority)","One target","Yes","contact;mirror-move-affected;horn;drill;effect-chance-10","10% when the listed secondary effect applies","","","","","","","","Rotates its body like a drill. High crit ratio. Mighty Horn boost.","","complete","Source-verified against Elite Redux MoveList.textproto at the pinned commit.","explicitly reuses an existing animation","MOVE_MEGAHORN","direct Platinum/base-era DS reuse","","","reuse the vanilla Platinum animation","Elite Redux references an official Gen 1–4 move animation already present in the Platinum base game.","manifests/ELITE_REDUX_DS_ANIMATION_PASS_01.csv"
"MOVE_ONI_FIST","Oni Fist","Oni Fist","Pokemon Elite Redux","Elite-Redux/er-config","e32616fea6ccf5245096d8d7eeb54f0f5ac0b2a7","MoveList.textproto","Dark","Physical","90","","20","A strong punch from the shadows. Always hits. Iron Fist boost.","0 (normal priority)","One target","Yes","contact;mirror-move-affected;iron-fist","No separate chance field","","","","","","","","A strong punch from the shadows. Always hits. Iron Fist boost.","","complete","Source-verified against Elite Redux MoveList.textproto at the pinned commit.","explicitly reuses an existing animation","MOVE_SHADOW_PUNCH","direct Platinum/base-era DS reuse","","","reuse the vanilla Platinum animation","Elite Redux references an official Gen 1–4 move animation already present in the Platinum base game.","manifests/ELITE_REDUX_DS_ANIMATION_PASS_01.csv"
"MOVE_INSECT_IMPACT","Insect Impact","Insect Impact","Pokemon Elite Redux","Elite-Redux/er-config","e32616fea6ccf5245096d8d7eeb54f0f5ac0b2a7","MoveList.textproto","Bug","Physical","80","100","15","Deals 80 base-power physical Bug-type damage. It has a 30% chance to lower the target's Defense by 1 stage and is a punching move boosted by Iron Fist.","0 (normal priority)","One target","Yes","contact;mirror-move-affected;iron-fist;effect-chance-30","30% when the listed secondary effect applies","","","","","","","","A powerful punch. 30% chance to drop defense. Iron Fist boost.","","complete","Source-verified against Elite Redux MoveList.textproto at the pinned commit.","explicitly reuses an existing animation","MOVE_DOUBLE_EDGE","direct Platinum/base-era DS reuse","","","reuse the vanilla Platinum animation","Elite Redux references an official Gen 1–4 move animation already present in the Platinum base game.","manifests/ELITE_REDUX_DS_ANIMATION_PASS_01.csv"
"MOVE_LIGHTNING_BULLET","Lightning Bullet","Lightning Bullet","Pokemon Elite Redux","Elite-Redux/er-config","e32616fea6ccf5245096d8d7eeb54f0f5ac0b2a7","MoveList.textproto","Electric","Physical","90","100","15","Shoots a strong energy projectile. 10% paralyze chance Mega Launcher Boost.","0 (normal priority)","One target","Yes","contact;mirror-move-affected;mega-launcher;effect-chance-10","10% when the listed secondary effect applies","","","","","","","","Shoots a strong energy projectile. 10% paralyze chance Mega Launcher Boost.","","complete","Source-verified against Elite Redux MoveList.textproto at the pinned commit.","explicitly reuses an existing animation","MOVE_ZAP_CANNON","direct Platinum/base-era DS reuse","","","reuse the vanilla Platinum animation","Elite Redux references an official Gen 1–4 move animation already present in the Platinum base game.","manifests/ELITE_REDUX_DS_ANIMATION_PASS_01.csv"
"MOVE_METALLIC_MELODY","Metallic Melody","Metallic Melody","Pokemon Elite Redux","Elite-Redux/er-config","e32616fea6ccf5245096d8d7eeb54f0f5ac0b2a7","MoveList.textproto","Steel","Special","85","100","10","The user emits a sound by hitting their metallic body rhythmically.","0 (normal priority)","Both opposing Pokémon","No","mirror-move-affected;sound","No separate chance field","","","","","","","","The user emits a sound by hitting their metallic body rhythmically.","","complete","Source-verified against Elite Redux MoveList.textproto at the pinned commit.","explicitly reuses an existing animation","MOVE_BOOMBURST","direct hg-engine DS reuse","animations/hg-engine/gen6/589.s","589","reuse referenced DS animation","Elite Redux reuses MOVE_BOOMBURST; matching Gen 6 hg-engine animation is already stored in this repository.","manifests/ELITE_REDUX_DS_ANIMATION_PASS_01.csv"
"MOVE_BLUE_MOON","Blue Moon","Blue Moon","Pokemon Elite Redux","Elite-Redux/er-config","e32616fea6ccf5245096d8d7eeb54f0f5ac0b2a7","MoveList.textproto","Ice","Special","130","100","5","The user's spirit surges from a azure full moon. Cannot be used twice in a row.","0 (normal priority)","One target","No","every-other-turn;mirror-move-affected;lunar","No separate chance field","","","","","","","","The user's spirit surges from a azure full moon. Cannot be used twice in a row.","","complete","Source-verified against Elite Redux MoveList.textproto at the pinned commit.","source explicitly sets no reused animation","MOVE_NONE","source explicitly has no reused animation","","","build/adapt a DS animation","Elite Redux explicitly records MOVE_NONE.","manifests/ELITE_REDUX_DS_ANIMATION_PASS_01.csv"
"MOVE_FIVE_STAR_FURY","Five-Star Fury","Five-Star Fury","Pokemon Elite Redux","Elite-Redux/er-config","e32616fea6ccf5245096d8d7eeb54f0f5ac0b2a7","MoveList.textproto","Bug","Physical","15","100","10","Hits 2 to 5 times. Has +1 priority. Iron Fist boost.","1 (+1 priority)","One target","Yes","contact;mirror-move-affected;iron-fist;priority-1","No separate chance field","","","","","","","","Hits 2 to 5 times. Has +1 priority. Iron Fist boost.","","complete","Source-verified against Elite Redux MoveList.textproto at the pinned commit.","source explicitly sets no reused animation","MOVE_NONE","source explicitly has no reused animation","","","build/adapt a DS animation","Elite Redux explicitly records MOVE_NONE.","manifests/ELITE_REDUX_DS_ANIMATION_PASS_01.csv"
"MOVE_TSUNAMI_HAMMER","Tsunami Hammer","Tsunami Hammer","Pokemon Elite Redux","Elite-Redux/er-config","e32616fea6ccf5245096d8d7eeb54f0f5ac0b2a7","MoveList.textproto","Water","Physical","125","100","5","Super effective vs Poison. Can't be used twice in a row. Hammer-based.","0 (normal priority)","One target","Yes","contact;every-other-turn;mirror-move-affected;hammer","No separate chance field","","","","","","","","Super effective vs Poison. Can't be used twice in a row. Hammer-based.","","complete","Source-verified against Elite Redux MoveList.textproto at the pinned commit.","source explicitly sets no reused animation","MOVE_NONE","source explicitly has no reused animation","","","build/adapt a DS animation","Elite Redux explicitly records MOVE_NONE.","manifests/ELITE_REDUX_DS_ANIMATION_PASS_01.csv"
"MOVE_SEPTIC_SWITCH","Septic Switch","Septic Switch","Pokemon Elite Redux","Elite-Redux/er-config","e32616fea6ccf5245096d8d7eeb54f0f5ac0b2a7","MoveList.textproto","Poison","Status","","100","20","Supresses the targets abilities then switches out.","0 (normal priority)","One target","No","mirror-move-affected","No separate chance field","","","","","","","","Supresses the targets abilities then switches out.","","complete","Source-verified against Elite Redux MoveList.textproto at the pinned commit.","animation linkage pending source-wide animation audit","","pending/no source animation linkage","","","select or build a DS animation","No source-certified animation reference in the community manifest.","manifests/ELITE_REDUX_DS_ANIMATION_PASS_01.csv"
"MOVE_WATERLOG","Waterlog","Waterlog","Pokemon Elite Redux","Elite-Redux/er-config","e32616fea6ccf5245096d8d7eeb54f0f5ac0b2a7","MoveList.textproto","Water","Status","","100","15","Makes the target move last. 20% drench chance, 50% in rain.","3 (+3 priority)","One target","No","mirror-move-affected;magic-coat-affected;effect-chance-20;priority-3","20% when the listed secondary effect applies","","","","","","","","Makes the target move last. 20% drench chance, 50% in rain.","","complete","Source-verified against Elite Redux MoveList.textproto at the pinned commit.","explicitly reuses an existing animation","MOVE_WATER_GUN","direct Platinum/base-era DS reuse","","","reuse the vanilla Platinum animation","Elite Redux references an official Gen 1–4 move animation already present in the Platinum base game.","manifests/ELITE_REDUX_DS_ANIMATION_PASS_01.csv"
"MOVE_INCITE","Incite","Incite","Pokemon Elite Redux","Elite-Redux/er-config","e32616fea6ccf5245096d8d7eeb54f0f5ac0b2a7","MoveList.textproto","Dark","Status","","100","10","Adds the Dark type to the target and enrages them.","0 (normal priority)","One target","No","mirror-move-affected;magic-coat-affected","No separate chance field","","","","","","","","Adds the Dark type to the target and enrages them.","","complete","Source-verified against Elite Redux MoveList.textproto at the pinned commit.","source explicitly sets no reused animation","MOVE_NONE","source explicitly has no reused animation","","","build/adapt a DS animation","Elite Redux explicitly records MOVE_NONE.","manifests/ELITE_REDUX_DS_ANIMATION_PASS_01.csv"
"MOVE_TOXIC_TERRAIN","Toxic Terrain","Toxic Terrain","Pokemon Elite Redux","Elite-Redux/er-config","e32616fea6ccf5245096d8d7eeb54f0f5ac0b2a7","MoveList.textproto","Poison","Status","","","10","Boosts Poison-type moves for 8 turns and deals 1/16 HP damage.","0 (normal priority)","Entire battlefield","No","None recorded","No separate chance field","","","","","","","","Boosts Poison-type moves for 8 turns and deals 1/16 HP damage.","","complete","Source-verified against Elite Redux MoveList.textproto at the pinned commit.","source explicitly sets no reused animation","MOVE_NONE","source explicitly has no reused animation","","","build/adapt a DS animation","Elite Redux explicitly records MOVE_NONE.","manifests/ELITE_REDUX_DS_ANIMATION_PASS_01.csv"
"MOVE_JETSTREAM_BURST","Jetstream Burst","Jetstream Burst","Pokemon Elite Redux","Elite-Redux/er-config","e32616fea6ccf5245096d8d7eeb54f0f5ac0b2a7","MoveList.textproto","Flying","Special","120","100","5","Attacks with wind that hits both targets.","0 (normal priority)","Both opposing Pokémon","No","mirror-move-affected","No separate chance field","","","","","","","","Attacks with wind that hits both targets.","","complete","Source-verified against Elite Redux MoveList.textproto at the pinned commit.","source explicitly sets no reused animation","MOVE_NONE","source explicitly has no reused animation","","","build/adapt a DS animation","Elite Redux explicitly records MOVE_NONE.","manifests/ELITE_REDUX_DS_ANIMATION_PASS_01.csv"
"MOVE_SKY_QUAKE","Sky Quake","Sky Quake","Pokemon Elite Redux","Elite-Redux/er-config","e32616fea6ccf5245096d8d7eeb54f0f5ac0b2a7","MoveList.textproto","Flying","Physical","90","100","15","Howling winds shake the heavens, hitting both foes.","0 (normal priority)","Both opposing Pokémon","No","mirror-move-affected","No separate chance field","","","","","","","","Howling winds shake the heavens, hitting both foes.","","complete","Source-verified against Elite Redux MoveList.textproto at the pinned commit.","source explicitly sets no reused animation","MOVE_NONE","source explicitly has no reused animation","","","build/adapt a DS animation","Elite Redux explicitly records MOVE_NONE.","manifests/ELITE_REDUX_DS_ANIMATION_PASS_01.csv"
"MOVE_SUNSTRIKE","Sunstrike (N)","Sunstrike (N)","Pokemon Elite Redux","Elite-Redux/er-config","e32616fea6ccf5245096d8d7eeb54f0f5ac0b2a7","MoveList.textproto","Fire","Special","60","100","15","Deals 60 base-power special Fire-type damage with +1 priority. Its source description says its damage calculation ignores EV-based defensive investment, held-item defensive effects, and stat boosts, and that it targets whichever of the target's Defense or Special Defense yields lower damage resistance.","1 (+1 priority)","One target","No","mirror-move-affected;priority-1","No separate chance field","","","","","","","","Strikes and negates evs, items, boosts, and hits lowest defense.","","complete","Source-verified against Elite Redux MoveList.textproto at the pinned commit.","explicitly reuses an existing animation","MOVE_SUNSTEEL_STRIKE","direct hg-engine DS reuse","animations/hg-engine/gen7/716.s","716","reuse referenced DS animation","Elite Redux reuses MOVE_SUNSTEEL_STRIKE; matching Gen 7 hg-engine animation is already stored in this repository.","manifests/ELITE_REDUX_DS_ANIMATION_PASS_01.csv"
"MOVE_TEMPEST_STORM","Tempest Storm (N)","Tempest Storm (N)","Pokemon Elite Redux","Elite-Redux/er-config","e32616fea6ccf5245096d8d7eeb54f0f5ac0b2a7","MoveList.textproto","Electric","Status","","","5","Hits both sides with a thundershock at the end of each turn for 2-5 turns.","0 (normal priority)","Entire battlefield","No","None recorded","No separate chance field","","","","","","","","Hits both sides with a thundershock at the end of each turn for 2-5 turns.","","complete","Source-verified against Elite Redux MoveList.textproto at the pinned commit.","explicitly reuses an existing animation","MOVE_THUNDER","direct Platinum/base-era DS reuse","","","reuse the vanilla Platinum animation","Elite Redux references an official Gen 1–4 move animation already present in the Platinum base game.","manifests/ELITE_REDUX_DS_ANIMATION_PASS_01.csv"
"MOVE_PRISM_BLAST","Prism Blast","Prism Blast","Pokemon Elite Redux","Elite-Redux/er-config","e32616fea6ccf5245096d8d7eeb54f0f5ac0b2a7","MoveList.textproto","Rock","Special","95","90","5","Deals 95 base-power special Rock-type damage. It always lowers the target's Accuracy by 1 stage and separately has a 10% chance to confuse the target. It is flagged for Mega Launcher and ballistic/projectile synergy.","0 (normal priority)","One target","No","mirror-move-affected;mega-launcher;ballistic;effect-chance-10","10% when the listed secondary effect applies","10% chance to confuse","Target Accuracy -1 stage (100%)","","","","","","Fires and energy prism that damages and reduces accuracy. 10% chance to confuse.","","complete","Source-verified against Elite Redux MoveList.textproto at the pinned commit.","explicitly reuses an existing animation","MOVE_PRISMATIC_LASER","direct hg-engine DS reuse","animations/hg-engine/gen7/714.s","714","reuse referenced DS animation","Elite Redux reuses MOVE_PRISMATIC_LASER; matching Gen 7 hg-engine animation is already stored in this repository.","manifests/ELITE_REDUX_DS_ANIMATION_PASS_01.csv"
"MOVE_SEISMIC_SLAM","Seismic Slam","Seismic Slam","Pokemon Elite Redux","Elite-Redux/er-config","e32616fea6ccf5245096d8d7eeb54f0f5ac0b2a7","MoveList.textproto","Ground","Physical","120","100","10","Charges with earth shattering power. 33% recoil damage.","0 (normal priority)","One target","Yes","contact;mirror-move-affected;reckless","No separate chance field","","","","","","","","Charges with earth shattering power. 33% recoil damage.","","complete","Source-verified against Elite Redux MoveList.textproto at the pinned commit.","explicitly reuses an existing animation","MOVE_DOUBLE_EDGE","direct Platinum/base-era DS reuse","","","reuse the vanilla Platinum animation","Elite Redux references an official Gen 1–4 move animation already present in the Platinum base game.","manifests/ELITE_REDUX_DS_ANIMATION_PASS_01.csv"
"MOVE_CHILLER","Chiller","Chiller","Pokemon Elite Redux","Elite-Redux/er-config","e32616fea6ccf5245096d8d7eeb54f0f5ac0b2a7","MoveList.textproto","Ice","Physical","30","100","15","Hits the foe with 3 explosive snowballs. 10% Frostbite.","0 (normal priority)","One target","No","mirror-move-affected;throwing;effect-chance-10","10% when the listed secondary effect applies","","","","","","","","Hits the foe with 3 explosive snowballs. 10% Frostbite.","","complete","Source-verified against Elite Redux MoveList.textproto at the pinned commit.","explicitly reuses an existing animation","MOVE_ICE_BALL","direct Platinum/base-era DS reuse","","","reuse the vanilla Platinum animation","Elite Redux references an official Gen 1–4 move animation already present in the Platinum base game.","manifests/ELITE_REDUX_DS_ANIMATION_PASS_01.csv"
"MOVE_SPREAD_BOMB","Spread Bomb","Spread Bomb","Pokemon Elite Redux","Elite-Redux/er-config","e32616fea6ccf5245096d8d7eeb54f0f5ac0b2a7","MoveList.textproto","Fire","Physical","90","100","10","A wide reaching bomb is thrown, hitting the field with A 30% burn chance.","0 (normal priority)","All adjacent Pokémon","No","mirror-move-affected;effect-chance-20","20% when the listed secondary effect applies","","","","","","","","A wide reaching bomb is thrown, hitting the field with A 30% burn chance.","","complete","Source-verified against Elite Redux MoveList.textproto at the pinned commit.","explicitly reuses an existing animation","MOVE_EXPLOSION","direct Platinum/base-era DS reuse","","","reuse the vanilla Platinum animation","Elite Redux references an official Gen 1–4 move animation already present in the Platinum base game.","manifests/ELITE_REDUX_DS_ANIMATION_PASS_01.csv"
"MOVE_BALL_TOSS","Ball Toss","Ball Toss","Pokemon Elite Redux","Elite-Redux/er-config","e32616fea6ccf5245096d8d7eeb54f0f5ac0b2a7","MoveList.textproto","Normal","Physical","90","100","15","Throws a ball forward. 20% flinch chance","0 (normal priority)","One target","No","mirror-move-affected;throwing","No separate chance field","","","","","","","","Throws a ball forward. 20% flinch chance","","complete","Source-verified against Elite Redux MoveList.textproto at the pinned commit.","explicitly reuses an existing animation","MOVE_BARRAGE","direct Platinum/base-era DS reuse","","","reuse the vanilla Platinum animation","Elite Redux references an official Gen 1–4 move animation already present in the Platinum base game.","manifests/ELITE_REDUX_DS_ANIMATION_PASS_01.csv"
"MOVE_PARTY_FAVORS","Party Favors","Party Favors","Pokemon Elite Redux","Elite-Redux/er-config","e32616fea6ccf5245096d8d7eeb54f0f5ac0b2a7","MoveList.textproto","Fairy","Physical","60","100","10","Heals you and your ally by 25% and does damage.","0 (normal priority)","One target","No","mirror-move-affected;throwing","No separate chance field","","","","","","","","Heals you and your ally by 25% and does damage.","","complete","Source-verified against Elite Redux MoveList.textproto at the pinned commit.","explicitly reuses an existing animation","MOVE_CELEBRATE","direct hg-engine DS reuse","animations/hg-engine/gen6/609.s","609","reuse referenced DS animation","Elite Redux reuses MOVE_CELEBRATE; matching Gen 6 hg-engine animation is already stored in this repository.","manifests/ELITE_REDUX_DS_ANIMATION_PASS_01.csv"
"MOVE_SHOT_PUT","Shot Put","Shot Put","Pokemon Elite Redux","Elite-Redux/er-config","e32616fea6ccf5245096d8d7eeb54f0f5ac0b2a7","MoveList.textproto","Steel","Physical","85","100","15","Deals 85 base-power physical Steel-type damage. The source description gives it a 30% chance to lower the target's Speed by 1 stage. It is flagged as a throwing move.","0 (normal priority)","One target","No","mirror-move-affected;throwing","No separate chance field","","","","","","","","Throws a heavy sphere. 30% to lower speed.","","complete","Source-verified against Elite Redux MoveList.textproto at the pinned commit.","explicitly reuses an existing animation","MOVE_BARRAGE","direct Platinum/base-era DS reuse","","","reuse the vanilla Platinum animation","Elite Redux references an official Gen 1–4 move animation already present in the Platinum base game.","manifests/ELITE_REDUX_DS_ANIMATION_PASS_01.csv"
"MOVE_BLOCK_DROPPER","Block Dropper","Block Dropper","Pokemon Elite Redux","Elite-Redux/er-config","e32616fea6ccf5245096d8d7eeb54f0f5ac0b2a7","MoveList.textproto","Ground","Physical","25","100","15","Drops 2 to 5 blocks onto the target.","0 (normal priority)","One target","No","mirror-move-affected;throwing","No separate chance field","","","","","","","","Drops 2 to 5 blocks onto the target.","","complete","Source-verified against Elite Redux MoveList.textproto at the pinned commit.","explicitly reuses an existing animation","MOVE_BARRAGE","direct Platinum/base-era DS reuse","","","reuse the vanilla Platinum animation","Elite Redux references an official Gen 1–4 move animation already present in the Platinum base game.","manifests/ELITE_REDUX_DS_ANIMATION_PASS_01.csv"
"MOVE_SABER_SLASHES","Saber Slashes","Saber Slashes","Pokemon Elite Redux","Elite-Redux/er-config","e32616fea6ccf5245096d8d7eeb54f0f5ac0b2a7","MoveList.textproto","Fire","Physical","35","100","10","Hits twice. Uses elec. or fire based on effectiveness.","0 (normal priority)","One target","No","mirror-move-affected;keen-edge;dual-type-effect","No separate chance field","","","","","","","","Hits twice. Uses elec. or fire based on effectiveness.","","complete","Source-verified against Elite Redux MoveList.textproto at the pinned commit.","explicitly reuses an existing animation","MOVE_FIRE_LASH","direct hg-engine DS reuse","animations/hg-engine/gen7/683.s","683","reuse referenced DS animation","Elite Redux reuses MOVE_FIRE_LASH; matching Gen 7 hg-engine animation is already stored in this repository.","manifests/ELITE_REDUX_DS_ANIMATION_PASS_01.csv"
"MOVE_DRAGON_DASH","Dragon Dash","Dragon Dash","Pokemon Elite Redux","Elite-Redux/er-config","e32616fea6ccf5245096d8d7eeb54f0f5ac0b2a7","MoveList.textproto","Dragon","Physical","40","100","20","Lunges at the target quickly. +1 prio.","1 (+1 priority)","One target","No","mirror-move-affected;priority-1","No separate chance field","","","","","","","","Lunges at the target quickly. +1 prio.","","complete","Source-verified against Elite Redux MoveList.textproto at the pinned commit.","explicitly reuses an existing animation","MOVE_DRAGON_RUSH","direct Platinum/base-era DS reuse","","","reuse the vanilla Platinum animation","Elite Redux references an official Gen 1–4 move animation already present in the Platinum base game.","manifests/ELITE_REDUX_DS_ANIMATION_PASS_01.csv"
"MOVE_POCKET_SAND","Pocket Sand","Pocket Sand","Pokemon Elite Redux","Elite-Redux/er-config","e32616fea6ccf5245096d8d7eeb54f0f5ac0b2a7","MoveList.textproto","Ground","Physical","40","100","20","The user throws sand on a dime. 10% acc. drop, +1 priority.","1 (+1 priority)","One target","No","mirror-move-affected;throwing;effect-chance-10;priority-1","10% when the listed secondary effect applies","","","","","","","","The user throws sand on a dime. 10% acc. drop, +1 priority.","","complete","Source-verified against Elite Redux MoveList.textproto at the pinned commit.","explicitly reuses an existing animation","MOVE_SAND_ATTACK","direct Platinum/base-era DS reuse","","","reuse the vanilla Platinum animation","Elite Redux references an official Gen 1–4 move animation already present in the Platinum base game.","manifests/ELITE_REDUX_DS_ANIMATION_PASS_01.csv"
"MOVE_CONCOCTION","Concoction","Concoction","Pokemon Elite Redux","Elite-Redux/er-config","e32616fea6ccf5245096d8d7eeb54f0f5ac0b2a7","MoveList.textproto","Grass","Physical","30","100","5","Attacks and uses a random berry effect.","0 (normal priority)","One target","No","mirror-move-affected","No separate chance field","","","","","","","","Attacks and uses a random berry effect.","","complete","Source-verified against Elite Redux MoveList.textproto at the pinned commit.","explicitly reuses an existing animation","MOVE_CELEBRATE","direct hg-engine DS reuse","animations/hg-engine/gen6/609.s","609","reuse referenced DS animation","Elite Redux reuses MOVE_CELEBRATE; matching Gen 6 hg-engine animation is already stored in this repository.","manifests/ELITE_REDUX_DS_ANIMATION_PASS_01.csv"
"MOVE_UNSCREW","Hacksaw","Hacksaw","Pokemon Elite Redux","Elite-Redux/er-config","e32616fea6ccf5245096d8d7eeb54f0f5ac0b2a7","MoveList.textproto","Steel","Physical","80","100","15","Tampers with the target. Stronger vs Steel.","0 (normal priority)","One target","No","mirror-move-affected","No separate chance field","","","","","","","","Tampers with the target. Stronger vs Steel.","","complete","Source-verified against Elite Redux MoveList.textproto at the pinned commit.","explicitly reuses an existing animation","MOVE_DISCHARGE","direct Platinum/base-era DS reuse","","","reuse the vanilla Platinum animation","Elite Redux references an official Gen 1–4 move animation already present in the Platinum base game.","manifests/ELITE_REDUX_DS_ANIMATION_PASS_01.csv"
"MOVE_GODSPEED","Godspeed","Godspeed","Pokemon Elite Redux","Elite-Redux/er-config","e32616fea6ccf5245096d8d7eeb54f0f5ac0b2a7","MoveList.textproto","Flying","Physical","65","","5","Swoops with incredible speed. +2 prio.","2 (+2 priority)","One target","No","mirror-move-affected;air;priority-2","No separate chance field","","","","","","","","Swoops with incredible speed. +2 prio.","","complete","Source-verified against Elite Redux MoveList.textproto at the pinned commit.","explicitly reuses an existing animation","MOVE_BRAVE_BIRD","direct Platinum/base-era DS reuse","","","reuse the vanilla Platinum animation","Elite Redux references an official Gen 1–4 move animation already present in the Platinum base game.","manifests/ELITE_REDUX_DS_ANIMATION_PASS_01.csv"
"MOVE_PSYCHO_WAVE","Psycho Wave","Psycho Wave","Pokemon Elite Redux","Elite-Redux/er-config","e32616fea6ccf5245096d8d7eeb54f0f5ac0b2a7","MoveList.textproto","Psychic","Special","150","85","5","A hazardous energy ball hits the foe. 50% recoil damage.","0 (normal priority)","One target","No","mirror-move-affected;reckless","No separate chance field","","","","","","","","A hazardous energy ball hits the foe. 50% recoil damage.","","complete","Source-verified against Elite Redux MoveList.textproto at the pinned commit.","explicitly reuses an existing animation","MOVE_PSYCHO_BOOST","direct Platinum/base-era DS reuse","","","reuse the vanilla Platinum animation","Elite Redux references an official Gen 1–4 move animation already present in the Platinum base game.","manifests/ELITE_REDUX_DS_ANIMATION_PASS_01.csv"
"MOVE_ATOMIC_FIRE","Atomic Fire","Atomic Fire","Pokemon Elite Redux","Elite-Redux/er-config","e32616fea6ccf5245096d8d7eeb54f0f5ac0b2a7","MoveList.textproto","Fire","Special","120","100","10","A hazardous energy ball hits the foe. 50% recoil damage.","0 (normal priority)","One target","No","mirror-move-affected;reckless","No separate chance field","","","","","","","","A hazardous energy ball hits the foe. 50% recoil damage.","","complete","Source-verified against Elite Redux MoveList.textproto at the pinned commit.","explicitly reuses an existing animation","MOVE_FIRE_BLAST","direct Platinum/base-era DS reuse","","","reuse the vanilla Platinum animation","Elite Redux references an official Gen 1–4 move animation already present in the Platinum base game.","manifests/ELITE_REDUX_DS_ANIMATION_PASS_01.csv"
"MOVE_RAIN_FLUSH","Rain Flush","Rain Flush","Pokemon Elite Redux","Elite-Redux/er-config","e32616fea6ccf5245096d8d7eeb54f0f5ac0b2a7","MoveList.textproto","Water","Special","120","100","5","An all consuming rain hits the foe. drops your defenses.","0 (normal priority)","One target","No","mirror-move-affected;effect-chance-100","100% when the listed secondary effect applies","","","","","","","","An all consuming rain hits the foe. drops your defenses.","","complete","Source-verified against Elite Redux MoveList.textproto at the pinned commit.","explicitly reuses an existing animation","MOVE_RAIN_DANCE","direct Platinum/base-era DS reuse","","","reuse the vanilla Platinum animation","Elite Redux references an official Gen 1–4 move animation already present in the Platinum base game.","manifests/ELITE_REDUX_DS_ANIMATION_PASS_01.csv"
"MOVE_ICE_WALL","Ice Wall","Ice Wall","Pokemon Elite Redux","Elite-Redux/er-config","e32616fea6ccf5245096d8d7eeb54f0f5ac0b2a7","MoveList.textproto","Ice","Physical","70","100","5","The user applies a stone cold barrier, setting reflect.","0 (normal priority)","One target","No","mirror-move-affected","No separate chance field","","","","","","","","The user applies a stone cold barrier, setting reflect.","","complete","Source-verified against Elite Redux MoveList.textproto at the pinned commit.","explicitly reuses an existing animation","MOVE_BARRIER","direct Platinum/base-era DS reuse","","","reuse the vanilla Platinum animation","Elite Redux references an official Gen 1–4 move animation already present in the Platinum base game.","manifests/ELITE_REDUX_DS_ANIMATION_PASS_01.csv"
"MOVE_OBSCURED_SHOT","Obscured Shot","Obscured Shot","Pokemon Elite Redux","Elite-Redux/er-config","e32616fea6ccf5245096d8d7eeb54f0f5ac0b2a7","MoveList.textproto","Dark","Special","70","100","5","User strikes first. It fails if the foe is not attacking.","1 (+1 priority)","One target","Yes","contact;mirror-move-affected;priority-1","No separate chance field","","","","","","","","User strikes first. It fails if the foe is not attacking.","","complete","Source-verified against Elite Redux MoveList.textproto at the pinned commit.","animation linkage pending source-wide animation audit","","pending/no source animation linkage","","","select or build a DS animation","No source-certified animation reference in the community manifest.","manifests/ELITE_REDUX_DS_ANIMATION_PASS_01.csv"
"MOVE_BLITZ_ARROW","Blitz Arrow","Blitz Arrow","Pokemon Elite Redux","Elite-Redux/er-config","e32616fea6ccf5245096d8d7eeb54f0f5ac0b2a7","MoveList.textproto","Fighting","Physical","85","100","10","Shoots an arrow with fighter will. 20% flinch chance.","0 (normal priority)","One target","No","mirror-move-affected;arrow;effect-chance-20","20% when the listed secondary effect applies","","","","","","","","Shoots an arrow with fighter will. 20% flinch chance.","","complete","Source-verified against Elite Redux MoveList.textproto at the pinned commit.","animation linkage pending source-wide animation audit","","pending/no source animation linkage","","","select or build a DS animation","No source-certified animation reference in the community manifest.","manifests/ELITE_REDUX_DS_ANIMATION_PASS_01.csv"
"MOVE_RUMBLE_KICK","Rumble Kick","Rumble Kick","Pokemon Elite Redux","Elite-Redux/er-config","e32616fea6ccf5245096d8d7eeb54f0f5ac0b2a7","MoveList.textproto","Rock","Physical","90","100","15","A kick from a reinforced leg. 20% Atk drop. Striker.","0 (normal priority)","One target","Yes","contact;mirror-move-affected;striker;effect-chance-30","30% when the listed secondary effect applies","","","","","","","","A kick from a reinforced leg. 20% Atk drop. Striker.","","complete","Source-verified against Elite Redux MoveList.textproto at the pinned commit.","explicitly reuses an existing animation","MOVE_MEGA_KICK","direct Platinum/base-era DS reuse","","","reuse the vanilla Platinum animation","Elite Redux references an official Gen 1–4 move animation already present in the Platinum base game.","manifests/ELITE_REDUX_DS_ANIMATION_PASS_01.csv"
"PRIMALSUN","Primal Sun","Primal Sun","Pokemon Vanguard (via PokeRover PBS snapshot)","SEXYREXY-DEV/PokeRover","4919c813a9d1f3f1e1bed54189bf541d46fc7e8a","PBS/moves.txt","Fire","Status","","0","5","The user maximizes its Special Attack stat in exchange for HP equal to half its max HP.","0 (normal priority)","User","No","target-user","No separate chance field","","","","","","","","The user maximizes its Special Attack stat in exchange for HP equal to half its max HP.","","complete","Source-verified against the pinned PokeRover PBS move table.","animation data not included in PokeRover PBS snapshot","No animation implementation or animation mapping is present in the audited PokeRover repository/PBS snapshot.","no source animation evidence","","","choose an official DS animation analog or build/adapt a new DS animation during implementation","PokeRover contains PBS move definitions and utility/web data. Repository-wide searches found no Animations.rxdata or BattleAnimation source to certify Vanguard animation reuse.","manifests/VANGUARD_DS_ANIMATION_PASS_02.csv"
"FROSTWALKER","Frost Walker","Frost Walker","Pokemon Vanguard (via PokeRover PBS snapshot)","SEXYREXY-DEV/PokeRover","4919c813a9d1f3f1e1bed54189bf541d46fc7e8a","PBS/moves.txt","Ice","Physical","50","100","20","Deals 50 base-power physical Ice-type damage and always raises the user's Speed by 1 stage. It makes contact. In Project Vanguard it is also usable as a field move to freeze water for traversal.","0 (normal priority)","One adjacent Pokémon","Yes","Contact,CanProtect,CanMirrorMove","100%","","User Speed +1 stage (100%)","","","","","","The user cloaks itself in ice and attacks. Building up more power, it raises the user's Speed stat. It can be used to freeze water to traverse it.","","complete","Source-verified against the pinned PokeRover PBS move table.","animation data not included in PokeRover PBS snapshot","No animation implementation or animation mapping is present in the audited PokeRover repository/PBS snapshot.","no source animation evidence","","","choose an official DS animation analog or build/adapt a new DS animation during implementation","PokeRover contains PBS move definitions and utility/web data. Repository-wide searches found no Animations.rxdata or BattleAnimation source to certify Vanguard animation reuse.","manifests/VANGUARD_DS_ANIMATION_PASS_02.csv"
"WAVELASH","Wave Lash","Wave Lash","Pokemon Vanguard (via PokeRover PBS snapshot)","SEXYREXY-DEV/PokeRover","4919c813a9d1f3f1e1bed54189bf541d46fc7e8a","PBS/moves.txt","Water","Physical","60","100","20","The user slashes the target with water.","0 (normal priority)","One adjacent Pokémon","Yes","Contact,CanProtect,CanMirrorMove","No separate chance field","","","","","","","","The user slashes the target with water.","","complete","Source-verified against the pinned PokeRover PBS move table.","animation data not included in PokeRover PBS snapshot","No animation implementation or animation mapping is present in the audited PokeRover repository/PBS snapshot.","no source animation evidence","","","choose an official DS animation analog or build/adapt a new DS animation during implementation","PokeRover contains PBS move definitions and utility/web data. Repository-wide searches found no Animations.rxdata or BattleAnimation source to certify Vanguard animation reuse.","manifests/VANGUARD_DS_ANIMATION_PASS_02.csv"
"FIRECRACKERS","Fire Crackers","Fire Crackers","Pokemon Vanguard (via PokeRover PBS snapshot)","SEXYREXY-DEV/PokeRover","4919c813a9d1f3f1e1bed54189bf541d46fc7e8a","PBS/moves.txt","Fire","Physical","40","100","20","Deals 40 base-power physical Fire-type damage and has a 10% chance to burn the target.","0 (normal priority)","One adjacent Pokémon","No","CanProtect,CanMirrorMove","10%","10% chance to burn","","","","","","","The target is attacked with small exploding flames. It may leave the target burned.","","complete","Source-verified against the pinned PokeRover PBS move table.","animation data not included in PokeRover PBS snapshot","No animation implementation or animation mapping is present in the audited PokeRover repository/PBS snapshot.","no source animation evidence","","","choose an official DS animation analog or build/adapt a new DS animation during implementation","PokeRover contains PBS move definitions and utility/web data. Repository-wide searches found no Animations.rxdata or BattleAnimation source to certify Vanguard animation reuse.","manifests/VANGUARD_DS_ANIMATION_PASS_02.csv"
"SWIFTSTRIKE","Swift Strike","Swift Strike","Pokemon Vanguard (via PokeRover PBS snapshot)","SEXYREXY-DEV/PokeRover","4919c813a9d1f3f1e1bed54189bf541d46fc7e8a","PBS/moves.txt","Fighting","Physical","40","100","30","The user swiftly strikes its target. It is sure to strike first.","1 (+1 priority)","One adjacent Pokémon","Yes","Contact,CanProtect,CanMirrorMove","No separate chance field","","","","","","","","The user swiftly strikes its target. It is sure to strike first.","","complete","Source-verified against the pinned PokeRover PBS move table.","animation data not included in PokeRover PBS snapshot","No animation implementation or animation mapping is present in the audited PokeRover repository/PBS snapshot.","no source animation evidence","","","choose an official DS animation analog or build/adapt a new DS animation during implementation","PokeRover contains PBS move definitions and utility/web data. Repository-wide searches found no Animations.rxdata or BattleAnimation source to certify Vanguard animation reuse.","manifests/VANGUARD_DS_ANIMATION_PASS_02.csv"
"FANGLEECH","Fang Leech","Fang Leech","Pokemon Vanguard (via PokeRover PBS snapshot)","SEXYREXY-DEV/PokeRover","4919c813a9d1f3f1e1bed54189bf541d46fc7e8a","PBS/moves.txt","Dragon","Physical","35","100","25","A life-stealing attack. The user's HP is restored by half the damage taken by the target.","0 (normal priority)","One adjacent Pokémon","Yes","Contact,CanProtect,CanMirrorMove","No separate chance field","","","","","","","","A life-stealing attack. The user's HP is restored by half the damage taken by the target.","","complete","Source-verified against the pinned PokeRover PBS move table.","animation data not included in PokeRover PBS snapshot","No animation implementation or animation mapping is present in the audited PokeRover repository/PBS snapshot.","no source animation evidence","","","choose an official DS animation analog or build/adapt a new DS animation during implementation","PokeRover contains PBS move definitions and utility/web data. Repository-wide searches found no Animations.rxdata or BattleAnimation source to certify Vanguard animation reuse.","manifests/VANGUARD_DS_ANIMATION_PASS_02.csv"
"SHADOWSTEP","Shadow Step","Shadow Step","Pokemon Vanguard (via PokeRover PBS snapshot)","SEXYREXY-DEV/PokeRover","4919c813a9d1f3f1e1bed54189bf541d46fc7e8a","PBS/moves.txt","Fighting","Physical","40","100","30","The user swiftly strikes its target. It is sure to strike first.","1 (+1 priority)","One adjacent Pokémon","Yes","Contact,CanProtect,CanMirrorMove","No separate chance field","","","","","","","","The user swiftly strikes its target. It is sure to strike first.","","complete","Source-verified against the pinned PokeRover PBS move table.","animation data not included in PokeRover PBS snapshot","No animation implementation or animation mapping is present in the audited PokeRover repository/PBS snapshot.","no source animation evidence","","","choose an official DS animation analog or build/adapt a new DS animation during implementation","PokeRover contains PBS move definitions and utility/web data. Repository-wide searches found no Animations.rxdata or BattleAnimation source to certify Vanguard animation reuse.","manifests/VANGUARD_DS_ANIMATION_PASS_02.csv"
"DRUMBEAT","Drum Beat","Drum Beat","Pokemon Vanguard (via PokeRover PBS snapshot)","SEXYREXY-DEV/PokeRover","4919c813a9d1f3f1e1bed54189bf541d46fc7e8a","PBS/moves.txt","Sound","Physical","45","100","25","The user slams the opponent with it's body causing a loud bang.","0 (normal priority)","One adjacent Pokémon","Yes","Contact,CanProtect,CanMirrorMove","No separate chance field","","","","","","","","The user slams the opponent with it's body causing a loud bang.","","complete","Source-verified against the pinned PokeRover PBS move table.","animation data not included in PokeRover PBS snapshot","No animation implementation or animation mapping is present in the audited PokeRover repository/PBS snapshot.","no source animation evidence","","","choose an official DS animation analog or build/adapt a new DS animation during implementation","PokeRover contains PBS move definitions and utility/web data. Repository-wide searches found no Animations.rxdata or BattleAnimation source to certify Vanguard animation reuse.","manifests/VANGUARD_DS_ANIMATION_PASS_02.csv"
"BEATDROP","Beat Drop","Beat Drop","Pokemon Vanguard (via PokeRover PBS snapshot)","SEXYREXY-DEV/PokeRover","4919c813a9d1f3f1e1bed54189bf541d46fc7e8a","PBS/moves.txt","Sound","Physical","80","100","10","The user slams the ground creating a loud bang damaging all nearby opponents.","0 (normal priority)","All adjacent foes","Yes","Contact,CanProtect,CanMirrorMove","No separate chance field","","","","","","","","The user slams the ground creating a loud bang damaging all nearby opponents.","","complete","Source-verified against the pinned PokeRover PBS move table.","animation data not included in PokeRover PBS snapshot","No animation implementation or animation mapping is present in the audited PokeRover repository/PBS snapshot.","no source animation evidence","","","choose an official DS animation analog or build/adapt a new DS animation during implementation","PokeRover contains PBS move definitions and utility/web data. Repository-wide searches found no Animations.rxdata or BattleAnimation source to certify Vanguard animation reuse.","manifests/VANGUARD_DS_ANIMATION_PASS_02.csv"
"BLAZINGBULL","Blazing Bull","Blazing Bull","Pokemon Vanguard (via PokeRover PBS snapshot)","SEXYREXY-DEV/PokeRover","4919c813a9d1f3f1e1bed54189bf541d46fc7e8a","PBS/moves.txt","Fire","Physical","90","100","10","The user performs a tackle like a raging bull. It can also break barriers, such as Light Screen and Reflect.","0 (normal priority)","One adjacent Pokémon","Yes","Contact,CanProtect,CanMirrorMove","No separate chance field","","","","","","","","The user performs a tackle like a raging bull. It can also break barriers, such as Light Screen and Reflect.","","complete","Source-verified against the pinned PokeRover PBS move table.","animation data not included in PokeRover PBS snapshot","No animation implementation or animation mapping is present in the audited PokeRover repository/PBS snapshot.","no source animation evidence","","","choose an official DS animation analog or build/adapt a new DS animation during implementation","PokeRover contains PBS move definitions and utility/web data. Repository-wide searches found no Animations.rxdata or BattleAnimation source to certify Vanguard animation reuse.","manifests/VANGUARD_DS_ANIMATION_PASS_02.csv"
"SURGINGBULL","Surging Bull","Surging Bull","Pokemon Vanguard (via PokeRover PBS snapshot)","SEXYREXY-DEV/PokeRover","4919c813a9d1f3f1e1bed54189bf541d46fc7e8a","PBS/moves.txt","Water","Physical","90","100","10","The user performs a tackle like a raging bull. It can also break barriers, such as Light Screen and Reflect.","0 (normal priority)","One adjacent Pokémon","Yes","Contact,CanProtect,CanMirrorMove","No separate chance field","","","","","","","","The user performs a tackle like a raging bull. It can also break barriers, such as Light Screen and Reflect.","","complete","Source-verified against the pinned PokeRover PBS move table.","animation data not included in PokeRover PBS snapshot","No animation implementation or animation mapping is present in the audited PokeRover repository/PBS snapshot.","no source animation evidence","","","choose an official DS animation analog or build/adapt a new DS animation during implementation","PokeRover contains PBS move definitions and utility/web data. Repository-wide searches found no Animations.rxdata or BattleAnimation source to certify Vanguard animation reuse.","manifests/VANGUARD_DS_ANIMATION_PASS_02.csv"
"ENIGMATICDASH","Enigmatic Dash","Enigmatic Dash","Pokemon Vanguard (via PokeRover PBS snapshot)","SEXYREXY-DEV/PokeRover","4919c813a9d1f3f1e1bed54189bf541d46fc7e8a","PBS/moves.txt","Fairy","Physical","50","100","20","Deals 50 base-power physical Fairy-type damage and always raises the user's Speed by 1 stage.","0 (normal priority)","One adjacent Pokémon","Yes","Contact,CanProtect,CanMirrorMove","100%","","User Speed +1 stage (100%)","","","","","","The user cloaks itself in happy thoughts and attacks. Building up more power, it raises the user's Speed stat.","","complete","Source-verified against the pinned PokeRover PBS move table.","animation data not included in PokeRover PBS snapshot","No animation implementation or animation mapping is present in the audited PokeRover repository/PBS snapshot.","no source animation evidence","","","choose an official DS animation analog or build/adapt a new DS animation during implementation","PokeRover contains PBS move definitions and utility/web data. Repository-wide searches found no Animations.rxdata or BattleAnimation source to certify Vanguard animation reuse.","manifests/VANGUARD_DS_ANIMATION_PASS_02.csv"
"BLAZINGSTAMPEDE","Blazing Stampede","Blazing Stampede","Pokemon Vanguard (via PokeRover PBS snapshot)","SEXYREXY-DEV/PokeRover","4919c813a9d1f3f1e1bed54189bf541d46fc7e8a","PBS/moves.txt","Fire","Physical","90","100","15","Deals 90 base-power physical Fire-type damage and has a 50% chance to raise the user's Attack by 1 stage.","0 (normal priority)","One adjacent Pokémon","Yes","Contact,CanProtect,CanMirrorMove","50%","","50% chance: user Attack +1 stage","","","","","","After engulfing itself in fire, the user charges at the opponent with the power of a herd. May raise the user's attack.","","complete","Source-verified against the pinned PokeRover PBS move table.","animation data not included in PokeRover PBS snapshot","No animation implementation or animation mapping is present in the audited PokeRover repository/PBS snapshot.","no source animation evidence","","","choose an official DS animation analog or build/adapt a new DS animation during implementation","PokeRover contains PBS move definitions and utility/web data. Repository-wide searches found no Animations.rxdata or BattleAnimation source to certify Vanguard animation reuse.","manifests/VANGUARD_DS_ANIMATION_PASS_02.csv"
"IRONBARB","Iron Barb","Iron Barb","Pokemon Vanguard (via PokeRover PBS snapshot)","SEXYREXY-DEV/PokeRover","4919c813a9d1f3f1e1bed54189bf541d46fc7e8a","PBS/moves.txt","Steel","Physical","40","100","25","The target is struck with a sharp object.","0 (normal priority)","One adjacent Pokémon","Yes","Contact,CanProtect,CanMirrorMove","No separate chance field","","","","","","","","The target is struck with a sharp object.","","complete","Source-verified against the pinned PokeRover PBS move table.","animation data not included in PokeRover PBS snapshot","No animation implementation or animation mapping is present in the audited PokeRover repository/PBS snapshot.","no source animation evidence","","","choose an official DS animation analog or build/adapt a new DS animation during implementation","PokeRover contains PBS move definitions and utility/web data. Repository-wide searches found no Animations.rxdata or BattleAnimation source to certify Vanguard animation reuse.","manifests/VANGUARD_DS_ANIMATION_PASS_02.csv"
"KAOLINBASH","Kaolin Bash","Kaolin Bash","Pokemon Vanguard (via PokeRover PBS snapshot)","SEXYREXY-DEV/PokeRover","4919c813a9d1f3f1e1bed54189bf541d46fc7e8a","PBS/moves.txt","Ground","Physical","80","100","8","A bash while coated in fresh clay deals damage. Water Types are dried up and take super-effective damage.","0 (normal priority)","One adjacent Pokémon","No","CanProtect,CanMirrorMove","No separate chance field","","","","","","","","A bash while coated in fresh clay deals damage. Water Types are dried up and take super-effective damage.","","complete","Source-verified against the pinned PokeRover PBS move table.","animation data not included in PokeRover PBS snapshot","No animation implementation or animation mapping is present in the audited PokeRover repository/PBS snapshot.","no source animation evidence","","","choose an official DS animation analog or build/adapt a new DS animation during implementation","PokeRover contains PBS move definitions and utility/web data. Repository-wide searches found no Animations.rxdata or BattleAnimation source to certify Vanguard animation reuse.","manifests/VANGUARD_DS_ANIMATION_PASS_02.csv"
"DIAMONDBREATH","Diamond Breath","Diamond Breath","Pokemon Vanguard (via PokeRover PBS snapshot)","SEXYREXY-DEV/PokeRover","4919c813a9d1f3f1e1bed54189bf541d46fc7e8a","PBS/moves.txt","Rock","Special","90","90","8","Deals 90 base-power special Rock-type damage to all adjacent foes. It has a 20% chance to lower each affected target's Special Defense by 2 stages.","0 (normal priority)","All adjacent foes","No","CanProtect,CanMirrorMove,CannotMetronome","20%","","20% chance: target Sp. Def -2 stages","","","","","","Opposing Pokemon are blasted with rare ores. This may sharply lower the target's Special Defense.","","complete","Source-verified against the pinned PokeRover PBS move table.","animation data not included in PokeRover PBS snapshot","No animation implementation or animation mapping is present in the audited PokeRover repository/PBS snapshot.","no source animation evidence","","","choose an official DS animation analog or build/adapt a new DS animation during implementation","PokeRover contains PBS move definitions and utility/web data. Repository-wide searches found no Animations.rxdata or BattleAnimation source to certify Vanguard animation reuse.","manifests/VANGUARD_DS_ANIMATION_PASS_02.csv"
"SOVEREIGNEDGE","Sovereign Edge","Sovereign Edge","Pokemon Vanguard (via PokeRover PBS snapshot)","SEXYREXY-DEV/PokeRover","4919c813a9d1f3f1e1bed54189bf541d46fc7e8a","PBS/moves.txt","Steel","Physical","60","100","8","The target is sliced with a sharp horn, dealing damage. Drastically raises Atk if scores a KO.","0 (normal priority)","One adjacent Pokémon","Yes","Contact,CanProtect,CanMirrorMove","No separate chance field","","","","","","","","The target is sliced with a sharp horn, dealing damage. Drastically raises Atk if scores a KO.","","complete","Source-verified against the pinned PokeRover PBS move table.","animation data not included in PokeRover PBS snapshot","No animation implementation or animation mapping is present in the audited PokeRover repository/PBS snapshot.","no source animation evidence","","","choose an official DS animation analog or build/adapt a new DS animation during implementation","PokeRover contains PBS move definitions and utility/web data. Repository-wide searches found no Animations.rxdata or BattleAnimation source to certify Vanguard animation reuse.","manifests/VANGUARD_DS_ANIMATION_PASS_02.csv"
"HEATEDREVUP","Heated Rev Up","Heated Rev Up","Pokemon Vanguard (via PokeRover PBS snapshot)","SEXYREXY-DEV/PokeRover","4919c813a9d1f3f1e1bed54189bf541d46fc7e8a","PBS/moves.txt","Fire","Status","","0","5","By heating up, the user's Atk, Spatk and Speed are sharply raised.","0 (normal priority)","User","No","target-user","No separate chance field","","","","","","","","By heating up, the user's Atk, Spatk and Speed are sharply raised.","","complete","Source-verified against the pinned PokeRover PBS move table.","animation data not included in PokeRover PBS snapshot","No animation implementation or animation mapping is present in the audited PokeRover repository/PBS snapshot.","no source animation evidence","","","choose an official DS animation analog or build/adapt a new DS animation during implementation","PokeRover contains PBS move definitions and utility/web data. Repository-wide searches found no Animations.rxdata or BattleAnimation source to certify Vanguard animation reuse.","manifests/VANGUARD_DS_ANIMATION_PASS_02.csv"
"NIGHTBOUQUET","Night Bouquet","Night Bouquet","Pokemon Vanguard (via PokeRover PBS snapshot)","SEXYREXY-DEV/PokeRover","4919c813a9d1f3f1e1bed54189bf541d46fc7e8a","PBS/moves.txt","Poison","Special","75","90","15","A bouquet filled with nightshades is thrown at the target, dealing damage and leaving a layer of toxic spikes.","0 (normal priority)","One adjacent Pokémon","No","CanProtect","100%","","","","","","","","A bouquet filled with nightshades is thrown at the target, dealing damage and leaving a layer of toxic spikes.","","complete","Source-verified against the pinned PokeRover PBS move table.","animation data not included in PokeRover PBS snapshot","No animation implementation or animation mapping is present in the audited PokeRover repository/PBS snapshot.","no source animation evidence","","","choose an official DS animation analog or build/adapt a new DS animation during implementation","PokeRover contains PBS move definitions and utility/web data. Repository-wide searches found no Animations.rxdata or BattleAnimation source to certify Vanguard animation reuse.","manifests/VANGUARD_DS_ANIMATION_PASS_02.csv"
"TRIPLEWHIRLING","Triple Whirling","Triple Whirling","Pokemon Vanguard (via PokeRover PBS snapshot)","SEXYREXY-DEV/PokeRover","4919c813a9d1f3f1e1bed54189bf541d46fc7e8a","PBS/moves.txt","Psychic","Physical","15","95","10","Consecutive spin attacks deal damage, each hit being stronger than the previous. This move targets Sp.Def instead of Def.","0 (normal priority)","One adjacent Pokémon","Yes","Contact,CanProtect,CanMirrorMove","No separate chance field","","","","","","","","Consecutive spin attacks deal damage, each hit being stronger than the previous. This move targets Sp.Def instead of Def.","","complete","Source-verified against the pinned PokeRover PBS move table.","animation data not included in PokeRover PBS snapshot","No animation implementation or animation mapping is present in the audited PokeRover repository/PBS snapshot.","no source animation evidence","","","choose an official DS animation analog or build/adapt a new DS animation during implementation","PokeRover contains PBS move definitions and utility/web data. Repository-wide searches found no Animations.rxdata or BattleAnimation source to certify Vanguard animation reuse.","manifests/VANGUARD_DS_ANIMATION_PASS_02.csv"
"CODEPOWER","Code:Power","Code:Power","Pokemon Vanguard (via PokeRover PBS snapshot)","SEXYREXY-DEV/PokeRover","4919c813a9d1f3f1e1bed54189bf541d46fc7e8a","PBS/moves.txt","Poison","Physical","80","100","15","Deals 80 base-power physical Poison-type damage. It has a 50% chance to burn the target and is specifically treated as super effective against Steel-type targets.","0 (normal priority)","One adjacent Pokémon","No","CanProtect,CanMirrorMove","50%","50% chance to burn","","","","","","","Malicious files corrupt and heat the enemy, which may cause a burn. Hits Steel-Types effectively.","","complete","Source-verified against the pinned PokeRover PBS move table.","animation data not included in PokeRover PBS snapshot","No animation implementation or animation mapping is present in the audited PokeRover repository/PBS snapshot.","no source animation evidence","","","choose an official DS animation analog or build/adapt a new DS animation during implementation","PokeRover contains PBS move definitions and utility/web data. Repository-wide searches found no Animations.rxdata or BattleAnimation source to certify Vanguard animation reuse.","manifests/VANGUARD_DS_ANIMATION_PASS_02.csv"
"CODEQUARANTINE","Code:Quarantine","Code:Quarantine","Pokemon Vanguard (via PokeRover PBS snapshot)","SEXYREXY-DEV/PokeRover","4919c813a9d1f3f1e1bed54189bf541d46fc7e8a","PBS/moves.txt","Electric","Status","","0","10","Protects the user from attacks. Also paralyses any attacker that makes contact with the user.","4 (+4 priority)","User","No","target-user","No separate chance field","","","","","","","","Protects the user from attacks. Also paralyses any attacker that makes contact with the user.","","complete","Source-verified against the pinned PokeRover PBS move table.","animation data not included in PokeRover PBS snapshot","No animation implementation or animation mapping is present in the audited PokeRover repository/PBS snapshot.","no source animation evidence","","","choose an official DS animation analog or build/adapt a new DS animation during implementation","PokeRover contains PBS move definitions and utility/web data. Repository-wide searches found no Animations.rxdata or BattleAnimation source to certify Vanguard animation reuse.","manifests/VANGUARD_DS_ANIMATION_PASS_02.csv"
"CODE:INJECTION","Code:Injection","Code:Injection","Pokemon Vanguard (via PokeRover PBS snapshot)","SEXYREXY-DEV/PokeRover","4919c813a9d1f3f1e1bed54189bf541d46fc7e8a","PBS/moves.txt","Psychic","Special","70","100","15","Deals 70 base-power special Psychic-type damage and always lowers the target's Special Defense by 1 stage. It is flagged as a pulse move.","0 (normal priority)","One adjacent Pokémon","No","CanProtect,CanMirrorMove,Pulse","100%","","Target Sp. Def -1 stage (100%)","","","","","","By editing the enemy's data, a virus is injected. This also lowers their Sp.Defense.","","complete","Source-verified against the pinned PokeRover PBS move table.","animation data not included in PokeRover PBS snapshot","No animation implementation or animation mapping is present in the audited PokeRover repository/PBS snapshot.","no source animation evidence","","","choose an official DS animation analog or build/adapt a new DS animation during implementation","PokeRover contains PBS move definitions and utility/web data. Repository-wide searches found no Animations.rxdata or BattleAnimation source to certify Vanguard animation reuse.","manifests/VANGUARD_DS_ANIMATION_PASS_02.csv"
"DUNEGLIDER","Dune Glider","Dune Glider","Pokemon Vanguard (via PokeRover PBS snapshot)","SEXYREXY-DEV/PokeRover","4919c813a9d1f3f1e1bed54189bf541d46fc7e8a","PBS/moves.txt","Ground","Physical","90","100","20","The user glides towards the target while rising up sand. This move always goes first under Sandstorm.","0 (normal priority)","One adjacent Pokémon","Yes","Contact,CanProtect,CanMirrorMove","No separate chance field","","","","","","","","The user glides towards the target while rising up sand. This move always goes first under Sandstorm.","","complete","Source-verified against the pinned PokeRover PBS move table.","animation data not included in PokeRover PBS snapshot","No animation implementation or animation mapping is present in the audited PokeRover repository/PBS snapshot.","no source animation evidence","","","choose an official DS animation analog or build/adapt a new DS animation during implementation","PokeRover contains PBS move definitions and utility/web data. Repository-wide searches found no Animations.rxdata or BattleAnimation source to certify Vanguard animation reuse.","manifests/VANGUARD_DS_ANIMATION_PASS_02.csv"
"GENEBLASTER","Gene Blaster","Gene Blaster","Pokemon Vanguard (via PokeRover PBS snapshot)","SEXYREXY-DEV/PokeRover","4919c813a9d1f3f1e1bed54189bf541d46fc7e8a","PBS/moves.txt","Normal","Special","110","100","10","A tackle or a beam charged with energy deals damage. Uses the user's highest atk stat.","0 (normal priority)","One adjacent Pokémon","No","CanProtect,CanMirrorMove","No separate chance field","","","","","","","","A tackle or a beam charged with energy deals damage. Uses the user's highest atk stat.","","complete","Source-verified against the pinned PokeRover PBS move table.","animation data not included in PokeRover PBS snapshot","No animation implementation or animation mapping is present in the audited PokeRover repository/PBS snapshot.","no source animation evidence","","","choose an official DS animation analog or build/adapt a new DS animation during implementation","PokeRover contains PBS move definitions and utility/web data. Repository-wide searches found no Animations.rxdata or BattleAnimation source to certify Vanguard animation reuse.","manifests/VANGUARD_DS_ANIMATION_PASS_02.csv"
"PESTILENCEBURST","Pestilence Burst","Pestilence Burst","Pokemon Vanguard (via PokeRover PBS snapshot)","SEXYREXY-DEV/PokeRover","4919c813a9d1f3f1e1bed54189bf541d46fc7e8a","PBS/moves.txt","Grass","Special","150","100","5","Deals special Grass-type spread damage to all adjacent Pokémon except the user. Its maximum base power is 150, and its power scales directly with the user's remaining HP, like Eruption/Water Spout: power is approximately 150 × current HP ÷ maximum HP, becoming weaker as the user's HP falls.","0 (normal priority)","All adjacent Pokémon except the user","No","CanProtect,CanMirrorMove","No separate chance field","","","","","","","","A beatiful yet terrifying blossom erupts. The lower the user's HP, the less powerful this attack becomes.","","complete","Source-verified against the pinned PokeRover PBS move table.","animation data not included in PokeRover PBS snapshot","No animation implementation or animation mapping is present in the audited PokeRover repository/PBS snapshot.","no source animation evidence","","","choose an official DS animation analog or build/adapt a new DS animation during implementation","PokeRover contains PBS move definitions and utility/web data. Repository-wide searches found no Animations.rxdata or BattleAnimation source to certify Vanguard animation reuse.","manifests/VANGUARD_DS_ANIMATION_PASS_02.csv"
"NAZCAPATTERNS","Nazca Patterns","Nazca Patterns","Pokemon Vanguard (via PokeRover PBS snapshot)","SEXYREXY-DEV/PokeRover","4919c813a9d1f3f1e1bed54189bf541d46fc7e8a","PBS/moves.txt","Normal","Special","120","85","5","Weird shapes attack at the target. This move follows the user's type and uses the highest attack.","0 (normal priority)","One adjacent Pokémon","No","CanProtect,CanMirrorMove,CannotMetronome","No separate chance field","","","","","","","","Weird shapes attack at the target. This move follows the user's type and uses the highest attack.","","complete","Source-verified against the pinned PokeRover PBS move table.","animation data not included in PokeRover PBS snapshot","No animation implementation or animation mapping is present in the audited PokeRover repository/PBS snapshot.","no source animation evidence","","","choose an official DS animation analog or build/adapt a new DS animation during implementation","PokeRover contains PBS move definitions and utility/web data. Repository-wide searches found no Animations.rxdata or BattleAnimation source to certify Vanguard animation reuse.","manifests/VANGUARD_DS_ANIMATION_PASS_02.csv"
"QUAKINGSPEAR","Quaking Spear","Quaking Spear","Pokemon Vanguard (via PokeRover PBS snapshot)","SEXYREXY-DEV/PokeRover","4919c813a9d1f3f1e1bed54189bf541d46fc7e8a","PBS/moves.txt","Ground","Physical","80","95","10","A spike that shakes the earth is shot at the target, forcing it out of battle. In the wild, the battle ends.","-6 (-6 priority)","One adjacent Pokémon","Yes","Contact,CanProtect,CanMirrorMove,Tail","No separate chance field","","","","","","","","A spike that shakes the earth is shot at the target, forcing it out of battle. In the wild, the battle ends.","","complete","Source-verified against the pinned PokeRover PBS move table.","animation data not included in PokeRover PBS snapshot","No animation implementation or animation mapping is present in the audited PokeRover repository/PBS snapshot.","no source animation evidence","","","choose an official DS animation analog or build/adapt a new DS animation during implementation","PokeRover contains PBS move definitions and utility/web data. Repository-wide searches found no Animations.rxdata or BattleAnimation source to certify Vanguard animation reuse.","manifests/VANGUARD_DS_ANIMATION_PASS_02.csv"
"STRIDENTSPARK","Strident Spark","Strident Spark","Pokemon Vanguard (via PokeRover PBS snapshot)","SEXYREXY-DEV/PokeRover","4919c813a9d1f3f1e1bed54189bf541d46fc7e8a","PBS/moves.txt","Sound","Physical","75","100","10","Punches that break the sound barrier deal damage. Hits Sound types super effectively.","0 (normal priority)","One adjacent Pokémon","Yes","Contact,CanProtect,Punching","No separate chance field","","","","","","","","Punches that break the sound barrier deal damage. Hits Sound types super effectively.","","complete","Source-verified against the pinned PokeRover PBS move table.","animation data not included in PokeRover PBS snapshot","No animation implementation or animation mapping is present in the audited PokeRover repository/PBS snapshot.","no source animation evidence","","","choose an official DS animation analog or build/adapt a new DS animation during implementation","PokeRover contains PBS move definitions and utility/web data. Repository-wide searches found no Animations.rxdata or BattleAnimation source to certify Vanguard animation reuse.","manifests/VANGUARD_DS_ANIMATION_PASS_02.csv"
"SPARKLECLUSTER","Sparkle Cluster","Sparkle Cluster","Pokemon Vanguard (via PokeRover PBS snapshot)","SEXYREXY-DEV/PokeRover","4919c813a9d1f3f1e1bed54189bf541d46fc7e8a","PBS/moves.txt","Fairy","Physical","110","100","15","Covered in explosive dust, the user crashes against the target. It also damages the user.","0 (normal priority)","One adjacent Pokémon","Yes","Recoil,Contact,CanProtect,CanMirrorMove","No separate chance field","","","","","","","","Covered in explosive dust, the user crashes against the target. It also damages the user.","","complete","Source-verified against the pinned PokeRover PBS move table.","animation data not included in PokeRover PBS snapshot","No animation implementation or animation mapping is present in the audited PokeRover repository/PBS snapshot.","no source animation evidence","","","choose an official DS animation analog or build/adapt a new DS animation during implementation","PokeRover contains PBS move definitions and utility/web data. Repository-wide searches found no Animations.rxdata or BattleAnimation source to certify Vanguard animation reuse.","manifests/VANGUARD_DS_ANIMATION_PASS_02.csv"
"SPICYMAW","Spicy Maw","Spicy Maw","Pokemon Vanguard (via PokeRover PBS snapshot)","SEXYREXY-DEV/PokeRover","4919c813a9d1f3f1e1bed54189bf541d46fc7e8a","PBS/moves.txt","Grass","Physical","60","100","10","A bite that releases spicy herbs deals damage. The residual spiciness boosts the user's Atk.","0 (normal priority)","One adjacent Pokémon","Yes","Contact,CanProtect,CanMirrorMove","100%","","","","","","","","A bite that releases spicy herbs deals damage. The residual spiciness boosts the user's Atk.","","complete","Source-verified against the pinned PokeRover PBS move table.","animation data not included in PokeRover PBS snapshot","No animation implementation or animation mapping is present in the audited PokeRover repository/PBS snapshot.","no source animation evidence","","","choose an official DS animation analog or build/adapt a new DS animation during implementation","PokeRover contains PBS move definitions and utility/web data. Repository-wide searches found no Animations.rxdata or BattleAnimation source to certify Vanguard animation reuse.","manifests/VANGUARD_DS_ANIMATION_PASS_02.csv"
"SPIRITSPEAR","Spirit Spear","Spirit Spear","Pokemon Vanguard (via PokeRover PBS snapshot)","SEXYREXY-DEV/PokeRover","4919c813a9d1f3f1e1bed54189bf541d46fc7e8a","PBS/moves.txt","Dragon","Physical","80","100","15","The foe's soul is pierced by enchanted horns, which lower speed by 1 stage.","0 (normal priority)","One adjacent Pokémon","No","Soul,CanProtect,CanMirrorMove","100%","","","","","","","","The foe's soul is pierced by enchanted horns, which lower speed by 1 stage.","","complete","Source-verified against the pinned PokeRover PBS move table.","animation data not included in PokeRover PBS snapshot","No animation implementation or animation mapping is present in the audited PokeRover repository/PBS snapshot.","no source animation evidence","","","choose an official DS animation analog or build/adapt a new DS animation during implementation","PokeRover contains PBS move definitions and utility/web data. Repository-wide searches found no Animations.rxdata or BattleAnimation source to certify Vanguard animation reuse.","manifests/VANGUARD_DS_ANIMATION_PASS_02.csv"
"SPLITMASK","Split Mask","Split Mask","Pokemon Vanguard (via PokeRover PBS snapshot)","SEXYREXY-DEV/PokeRover","4919c813a9d1f3f1e1bed54189bf541d46fc7e8a","PBS/moves.txt","Poison","Physical","50","100","10","The two personalities split and lunge forward. Hits both enemies in double battles.","0 (normal priority)","One adjacent Pokémon","No","Twice,CanProtect,CanMirrorMove","No separate chance field","","","","","","","","The two personalities split and lunge forward. Hits both enemies in double battles.","","complete","Source-verified against the pinned PokeRover PBS move table.","animation data not included in PokeRover PBS snapshot","No animation implementation or animation mapping is present in the audited PokeRover repository/PBS snapshot.","no source animation evidence","","","choose an official DS animation analog or build/adapt a new DS animation during implementation","PokeRover contains PBS move definitions and utility/web data. Repository-wide searches found no Animations.rxdata or BattleAnimation source to certify Vanguard animation reuse.","manifests/VANGUARD_DS_ANIMATION_PASS_02.csv"
"TETRAJECTILE","Tetrajectile","Tetrajectile","Pokemon Vanguard (via PokeRover PBS snapshot)","SEXYREXY-DEV/PokeRover","4919c813a9d1f3f1e1bed54189bf541d46fc7e8a","PBS/moves.txt","Fire","Special","35","90","10","Four heads fire incendiary shots up to 4 times in a row.","0 (normal priority)","One adjacent Pokémon","No","CanProtect,CanMirrorMove","No separate chance field","","","","","","","","Four heads fire incendiary shots up to 4 times in a row.","","complete","Source-verified against the pinned PokeRover PBS move table.","animation data not included in PokeRover PBS snapshot","No animation implementation or animation mapping is present in the audited PokeRover repository/PBS snapshot.","no source animation evidence","","","choose an official DS animation analog or build/adapt a new DS animation during implementation","PokeRover contains PBS move definitions and utility/web data. Repository-wide searches found no Animations.rxdata or BattleAnimation source to certify Vanguard animation reuse.","manifests/VANGUARD_DS_ANIMATION_PASS_02.csv"
"VINDUNAR","Vindunar","Vindunar","Pokemon Vanguard (via PokeRover PBS snapshot)","SEXYREXY-DEV/PokeRover","4919c813a9d1f3f1e1bed54189bf541d46fc7e8a","PBS/moves.txt","Flying","Special","100","85","10","Mystical wind deals damage to the target. Uses highest attack stat and never misses under Rain.","0 (normal priority)","One adjacent Pokémon","No","CanProtect,CanMirrorMove,CannotMetronome","No separate chance field","","","","","","","","Mystical wind deals damage to the target. Uses highest attack stat and never misses under Rain.","","complete","Source-verified against the pinned PokeRover PBS move table.","animation data not included in PokeRover PBS snapshot","No animation implementation or animation mapping is present in the audited PokeRover repository/PBS snapshot.","no source animation evidence","","","choose an official DS animation analog or build/adapt a new DS animation during implementation","PokeRover contains PBS move definitions and utility/web data. Repository-wide searches found no Animations.rxdata or BattleAnimation source to certify Vanguard animation reuse.","manifests/VANGUARD_DS_ANIMATION_PASS_02.csv"
"WHIRLYHELIX","Whirly Helix","Whirly Helix","Pokemon Vanguard (via PokeRover PBS snapshot)","SEXYREXY-DEV/PokeRover","4919c813a9d1f3f1e1bed54189bf541d46fc7e8a","PBS/moves.txt","Flying","Physical","1","100","10","A mighty gale storms the opponent. It does more damage the faster the user is.","0 (normal priority)","One adjacent Pokémon","No","CanProtect,CanMirrorMove","No separate chance field","","","","","","","","A mighty gale storms the opponent. It does more damage the faster the user is.","","complete","Source-verified against the pinned PokeRover PBS move table.","animation data not included in PokeRover PBS snapshot","No animation implementation or animation mapping is present in the audited PokeRover repository/PBS snapshot.","no source animation evidence","","","choose an official DS animation analog or build/adapt a new DS animation during implementation","PokeRover contains PBS move definitions and utility/web data. Repository-wide searches found no Animations.rxdata or BattleAnimation source to certify Vanguard animation reuse.","manifests/VANGUARD_DS_ANIMATION_PASS_02.csv"
"RHYTHMICCOMBO","Rhythmic Combo","Rhythmic Combo","Pokemon Vanguard (via PokeRover PBS snapshot)","SEXYREXY-DEV/PokeRover","4919c813a9d1f3f1e1bed54189bf541d46fc7e8a","PBS/moves.txt","Sound","Physical","20","90","10","A rhythmic dance deals damage, and becomes more powerful with each successful hit.","0 (normal priority)","One adjacent Pokémon","Yes","Contact,CanProtect,CanMirrorMove","No separate chance field","","","","","","","","A rhythmic dance deals damage, and becomes more powerful with each successful hit.","","complete","Source-verified against the pinned PokeRover PBS move table.","animation data not included in PokeRover PBS snapshot","No animation implementation or animation mapping is present in the audited PokeRover repository/PBS snapshot.","no source animation evidence","","","choose an official DS animation analog or build/adapt a new DS animation during implementation","PokeRover contains PBS move definitions and utility/web data. Repository-wide searches found no Animations.rxdata or BattleAnimation source to certify Vanguard animation reuse.","manifests/VANGUARD_DS_ANIMATION_PASS_02.csv"
"INSTANTWHISTLE","Instant Whistle","Instant Whistle","Pokemon Vanguard (via PokeRover PBS snapshot)","SEXYREXY-DEV/PokeRover","4919c813a9d1f3f1e1bed54189bf541d46fc7e8a","PBS/moves.txt","Sound","Status","","0","20","Unexpected whistling gathers the attention of enemy Pokemon, redirecting moves to itself.","2 (+2 priority)","User","No","source-native-custom-type;target-user","No separate chance field","","","","","","","","Unexpected whistling gathers the attention of enemy Pokemon, redirecting moves to itself.","","complete","Source-verified against the pinned PokeRover PBS move table.","animation data not included in PokeRover PBS snapshot","No animation implementation or animation mapping is present in the audited PokeRover repository/PBS snapshot.","no source animation evidence","","","choose an official DS animation analog or build/adapt a new DS animation during implementation","PokeRover contains PBS move definitions and utility/web data. Repository-wide searches found no Animations.rxdata or BattleAnimation source to certify Vanguard animation reuse.","manifests/VANGUARD_DS_ANIMATION_PASS_02.csv"
"DISCORDANTSHRIEK","Discordant Shriek","Discordant Shriek","Pokemon Vanguard (via PokeRover PBS snapshot)","SEXYREXY-DEV/PokeRover","4919c813a9d1f3f1e1bed54189bf541d46fc7e8a","PBS/moves.txt","Sound","Special","120","100","10","Chilling screams deal damage for 2 or 3 turns, then it confuses the user.","0 (normal priority)","One random adjacent foe","Yes","MultiTurn,Contact,CanProtect,CanMirrorMove","No separate chance field","","","","","","","","Chilling screams deal damage for 2 or 3 turns, then it confuses the user.","","complete","Source-verified against the pinned PokeRover PBS move table.","animation data not included in PokeRover PBS snapshot","No animation implementation or animation mapping is present in the audited PokeRover repository/PBS snapshot.","no source animation evidence","","","choose an official DS animation analog or build/adapt a new DS animation during implementation","PokeRover contains PBS move definitions and utility/web data. Repository-wide searches found no Animations.rxdata or BattleAnimation source to certify Vanguard animation reuse.","manifests/VANGUARD_DS_ANIMATION_PASS_02.csv"
"HEARTBEAT","Heart Beat","Heart Beat","Pokemon Vanguard (via PokeRover PBS snapshot)","SEXYREXY-DEV/PokeRover","4919c813a9d1f3f1e1bed54189bf541d46fc7e8a","PBS/moves.txt","Sound","Physical","25","90","20","A 25 base-power physical Sound-type attack that hits 2–5 times. After the sequence, it raises the user's Speed by 1 stage and lowers the user's Special Defense by 1 stage.","0 (normal priority)","One adjacent Pokémon","Yes","Contact,CanProtect,CanMirrorMove","No separate chance field","","User Speed +1 stage; user Sp. Def -1 stage","2–5 hits; 25 BP per hit","","","","","The user deals damage multiple times at high speeds. Boosts the user's Speed but lowers its SpDef.","","complete","Source-verified against the pinned PokeRover PBS move table.","animation data not included in PokeRover PBS snapshot","No animation implementation or animation mapping is present in the audited PokeRover repository/PBS snapshot.","no source animation evidence","","","choose an official DS animation analog or build/adapt a new DS animation during implementation","PokeRover contains PBS move definitions and utility/web data. Repository-wide searches found no Animations.rxdata or BattleAnimation source to certify Vanguard animation reuse.","manifests/VANGUARD_DS_ANIMATION_PASS_02.csv"
"AUDIOBREAK","Audio Break","Audio Break","Pokemon Vanguard (via PokeRover PBS snapshot)","SEXYREXY-DEV/PokeRover","4919c813a9d1f3f1e1bed54189bf541d46fc7e8a","PBS/moves.txt","Sound","Physical","60","100","15","With a punch faster than sound, the user breaks the target's focus, disabling Sound moves and breaking screens.","0 (normal priority)","One adjacent Pokémon","Yes","Contact,CanProtect,CanMirrorMove","No separate chance field","","","","","","","","With a punch faster than sound, the user breaks the target's focus, disabling Sound moves and breaking screens.","","complete","Source-verified against the pinned PokeRover PBS move table.","animation data not included in PokeRover PBS snapshot","No animation implementation or animation mapping is present in the audited PokeRover repository/PBS snapshot.","no source animation evidence","","","choose an official DS animation analog or build/adapt a new DS animation during implementation","PokeRover contains PBS move definitions and utility/web data. Repository-wide searches found no Animations.rxdata or BattleAnimation source to certify Vanguard animation reuse.","manifests/VANGUARD_DS_ANIMATION_PASS_02.csv"
"SERENEWAVE","Serene Wave","Serene Wave","Pokemon Vanguard (via PokeRover PBS snapshot)","SEXYREXY-DEV/PokeRover","4919c813a9d1f3f1e1bed54189bf541d46fc7e8a","PBS/moves.txt","Normal","Special","70","90","10","A soothing wave hinders the fighting spirit of the opponents, lowering Sp.Attack.","0 (normal priority)","All adjacent foes","No","CanProtect,CanMirrorMove","100%","","","","","","","","A soothing wave hinders the fighting spirit of the opponents, lowering Sp.Attack.","","complete","Source-verified against the pinned PokeRover PBS move table.","animation data not included in PokeRover PBS snapshot","No animation implementation or animation mapping is present in the audited PokeRover repository/PBS snapshot.","no source animation evidence","","","choose an official DS animation analog or build/adapt a new DS animation during implementation","PokeRover contains PBS move definitions and utility/web data. Repository-wide searches found no Animations.rxdata or BattleAnimation source to certify Vanguard animation reuse.","manifests/VANGUARD_DS_ANIMATION_PASS_02.csv"
"FURIOUSPUMMELING","Furious Pummeling","Furious Pummeling","Pokemon Vanguard (via PokeRover PBS snapshot)","SEXYREXY-DEV/PokeRover","4919c813a9d1f3f1e1bed54189bf541d46fc7e8a","PBS/moves.txt","Normal","Physical","90","100","20","A reckless assault that beats down the opponent, lowering Attack.","0 (normal priority)","One adjacent Pokémon","Yes","CanProtect,CanMirrorMove,Contact","100%","","","","","","","","A reckless assault that beats down the opponent, lowering Attack.","","complete","Source-verified against the pinned PokeRover PBS move table.","animation data not included in PokeRover PBS snapshot","No animation implementation or animation mapping is present in the audited PokeRover repository/PBS snapshot.","no source animation evidence","","","choose an official DS animation analog or build/adapt a new DS animation during implementation","PokeRover contains PBS move definitions and utility/web data. Repository-wide searches found no Animations.rxdata or BattleAnimation source to certify Vanguard animation reuse.","manifests/VANGUARD_DS_ANIMATION_PASS_02.csv"
"ROUNDABOUT","Roundabout","Roundabout","Pokemon Vanguard (via PokeRover PBS snapshot)","SEXYREXY-DEV/PokeRover","4919c813a9d1f3f1e1bed54189bf541d46fc7e8a","PBS/moves.txt","Normal","Physical","80","100","20","A sudden hit and run deals damage, and switches the user out.","0 (normal priority)","One adjacent Pokémon","Yes","Contact,CanProtect,CanMirrorMove","No separate chance field","","","","","","","","A sudden hit and run deals damage, and switches the user out.","","complete","Source-verified against the pinned PokeRover PBS move table.","animation data not included in PokeRover PBS snapshot","No animation implementation or animation mapping is present in the audited PokeRover repository/PBS snapshot.","no source animation evidence","","","choose an official DS animation analog or build/adapt a new DS animation during implementation","PokeRover contains PBS move definitions and utility/web data. Repository-wide searches found no Animations.rxdata or BattleAnimation source to certify Vanguard animation reuse.","manifests/VANGUARD_DS_ANIMATION_PASS_02.csv"
"DESERTWHIRL","Desert Whirl","Desert Whirl","Pokemon Vanguard (via PokeRover PBS snapshot)","SEXYREXY-DEV/PokeRover","4919c813a9d1f3f1e1bed54189bf541d46fc7e8a","PBS/moves.txt","Ground","Special","95","70","10","The target becomes trapped within a whirlwind for four to five turns. Never misses under Sandstorm.","0 (normal priority)","One adjacent Pokémon","No","CanProtect,CanMirrorMove","No separate chance field","","","","","","","","The target becomes trapped within a whirlwind for four to five turns. Never misses under Sandstorm.","","complete","Source-verified against the pinned PokeRover PBS move table.","animation data not included in PokeRover PBS snapshot","No animation implementation or animation mapping is present in the audited PokeRover repository/PBS snapshot.","no source animation evidence","","","choose an official DS animation analog or build/adapt a new DS animation during implementation","PokeRover contains PBS move definitions and utility/web data. Repository-wide searches found no Animations.rxdata or BattleAnimation source to certify Vanguard animation reuse.","manifests/VANGUARD_DS_ANIMATION_PASS_02.csv"
"HOARFROSTTIDE","Hoarfrost Tide","Hoarfrost Tide","Pokemon Vanguard (via PokeRover PBS snapshot)","SEXYREXY-DEV/PokeRover","4919c813a9d1f3f1e1bed54189bf541d46fc7e8a","PBS/moves.txt","Water","Special","105","85","5","Deals 105 base-power special Water-type damage and has a 20% chance to inflict frostbite. Its normal accuracy is 85%, but it cannot miss during Rain or Snow/Hail according to the source function.","0 (normal priority)","One adjacent Pokémon","No","CanProtect,CanMirrorMove","20%","20% chance to inflict frostbite","","","","","","Cannot miss during Rain or Snow/Hail.","Cold water storms the opponent, which may inflict frostbite. Never misses under Rain and Snow.","","complete","Source-verified against the pinned PokeRover PBS move table.","animation data not included in PokeRover PBS snapshot","No animation implementation or animation mapping is present in the audited PokeRover repository/PBS snapshot.","no source animation evidence","","","choose an official DS animation analog or build/adapt a new DS animation during implementation","PokeRover contains PBS move definitions and utility/web data. Repository-wide searches found no Animations.rxdata or BattleAnimation source to certify Vanguard animation reuse.","manifests/VANGUARD_DS_ANIMATION_PASS_02.csv"
"MANAFANGS","Mana Fangs","Mana Fangs","Pokemon Vanguard (via PokeRover PBS snapshot)","SEXYREXY-DEV/PokeRover","4919c813a9d1f3f1e1bed54189bf541d46fc7e8a","PBS/moves.txt","Dragon","Physical","60","100","25","Mana charged fangs strike at the target, which absorb HP equal to 75% of dmg dealt.","0 (normal priority)","One adjacent Pokémon","Yes","Contact,CanProtect,CanMirrorMove","No separate chance field","","","","","","","","Mana charged fangs strike at the target, which absorb HP equal to 75% of dmg dealt.","","complete","Source-verified against the pinned PokeRover PBS move table.","animation data not included in PokeRover PBS snapshot","No animation implementation or animation mapping is present in the audited PokeRover repository/PBS snapshot.","no source animation evidence","","","choose an official DS animation analog or build/adapt a new DS animation during implementation","PokeRover contains PBS move definitions and utility/web data. Repository-wide searches found no Animations.rxdata or BattleAnimation source to certify Vanguard animation reuse.","manifests/VANGUARD_DS_ANIMATION_PASS_02.csv"
"MERCURIANTRAP","Mercurian Trap","Mercurian Trap","Pokemon Vanguard (via PokeRover PBS snapshot)","SEXYREXY-DEV/PokeRover","4919c813a9d1f3f1e1bed54189bf541d46fc7e8a","PBS/moves.txt","Steel","Special","110","100","15","Liquid metal drowns the user's body, before being hurled. Contact causes bad poison.","-3 (-3 priority)","One adjacent Pokémon","No","CanProtect","No separate chance field","","","","","","","","Liquid metal drowns the user's body, before being hurled. Contact causes bad poison.","","complete","Source-verified against the pinned PokeRover PBS move table.","animation data not included in PokeRover PBS snapshot","No animation implementation or animation mapping is present in the audited PokeRover repository/PBS snapshot.","no source animation evidence","","","choose an official DS animation analog or build/adapt a new DS animation during implementation","PokeRover contains PBS move definitions and utility/web data. Repository-wide searches found no Animations.rxdata or BattleAnimation source to certify Vanguard animation reuse.","manifests/VANGUARD_DS_ANIMATION_PASS_02.csv"
"RAIDERTONITRUS","Raider Tonitrus","Raider Tonitrus","Pokemon Vanguard (via PokeRover PBS snapshot)","SEXYREXY-DEV/PokeRover","4919c813a9d1f3f1e1bed54189bf541d46fc7e8a","PBS/moves.txt","Electric","Special","130","100","5","Two turns after this move is used, wicked thunderbolts will raze the opposing Pokemon.","0 (normal priority)","All adjacent foes","No","target-allnearfoes","No separate chance field","","","","","","","","Two turns after this move is used, wicked thunderbolts will raze the opposing Pokemon.","","complete","Source-verified against the pinned PokeRover PBS move table.","animation data not included in PokeRover PBS snapshot","No animation implementation or animation mapping is present in the audited PokeRover repository/PBS snapshot.","no source animation evidence","","","choose an official DS animation analog or build/adapt a new DS animation during implementation","PokeRover contains PBS move definitions and utility/web data. Repository-wide searches found no Animations.rxdata or BattleAnimation source to certify Vanguard animation reuse.","manifests/VANGUARD_DS_ANIMATION_PASS_02.csv"
"SINGESLAYER","Singe Slayer","Singe Slayer","Pokemon Vanguard (via PokeRover PBS snapshot)","SEXYREXY-DEV/PokeRover","4919c813a9d1f3f1e1bed54189bf541d46fc7e8a","PBS/moves.txt","Fighting","Physical","70","100","15","Deals 70 base-power physical Fighting-type damage, but doubles to 140 base power if the target already has a major status condition. It also has a 50% chance to burn the target.","0 (normal priority)","One adjacent Pokémon","No","CanProtect,CanMirrorMove","50%","50% chance to burn","","","","","","","Fire-imbued claws maul the target, which may leave a burn. Double power if target is statused.","","complete","Source-verified against the pinned PokeRover PBS move table.","animation data not included in PokeRover PBS snapshot","No animation implementation or animation mapping is present in the audited PokeRover repository/PBS snapshot.","no source animation evidence","","","choose an official DS animation analog or build/adapt a new DS animation during implementation","PokeRover contains PBS move definitions and utility/web data. Repository-wide searches found no Animations.rxdata or BattleAnimation source to certify Vanguard animation reuse.","manifests/VANGUARD_DS_ANIMATION_PASS_02.csv"
"HUNTERSWILDS","Hunter's Wilds","Hunter's Wilds","Pokemon Vanguard (via PokeRover PBS snapshot)","SEXYREXY-DEV/PokeRover","4919c813a9d1f3f1e1bed54189bf541d46fc7e8a","PBS/moves.txt","Grass","Status","","100","2","Targets one adjacent Pokémon with 100% accuracy and 2 PP. The public Vanguard data states that the move produces different effects depending on which of the user's attacking stats is higher, but the public PokeRover snapshot does not include the custom runtime function that defines those branches. The exact Attack-higher and Sp. Atk-higher effects therefore remain unverified and are not guessed.","0 (normal priority)","One adjacent target","No","CanProtect; CanMirrorMove; CannotMetronome","No separate chance field","","","","","","","","Depending on the highest attacking stat, this move has different effects.","","source-limited","Source-verified against the pinned PokeRover PBS move table.","animation data not included in PokeRover PBS snapshot","No animation implementation or animation mapping is present in the audited PokeRover repository/PBS snapshot.","no source animation evidence","","","choose an official DS animation analog or build/adapt a new DS animation during implementation","PokeRover contains PBS move definitions and utility/web data. Repository-wide searches found no Animations.rxdata or BattleAnimation source to certify Vanguard animation reuse.","manifests/VANGUARD_DS_ANIMATION_PASS_02.csv"
"TERIUMPALM","Terium Palm","Terium Palm","Pokemon Vanguard (via PokeRover PBS snapshot)","SEXYREXY-DEV/PokeRover","4919c813a9d1f3f1e1bed54189bf541d46fc7e8a","PBS/moves.txt","Psychic","Status","","100","10","A Psychic-type status move that heals the user by an amount based on the target's Special Attack stat, then lowers the target's Special Attack by 1 stage. The pinned source describes the healing amount as equal to the target's Sp. Atk stat value.","0 (normal priority)","One adjacent Pokémon","No","CanProtect,CanMirrorMove","No separate chance field","","Target Sp. Atk -1 stage","","","Heals user by an amount based on the target's current Sp. Atk stat value.","","","A palm absorbs HP by the target's Sp.Atk stat amount, then lowers the target's Sp.Attack stat.","","complete","Source-verified against the pinned PokeRover PBS move table.","animation data not included in PokeRover PBS snapshot","No animation implementation or animation mapping is present in the audited PokeRover repository/PBS snapshot.","no source animation evidence","","","choose an official DS animation analog or build/adapt a new DS animation during implementation","PokeRover contains PBS move definitions and utility/web data. Repository-wide searches found no Animations.rxdata or BattleAnimation source to certify Vanguard animation reuse.","manifests/VANGUARD_DS_ANIMATION_PASS_02.csv"
"TERRESTRIALCLAW","Terrestrial Claw","Terrestrial Claw","Pokemon Vanguard (via PokeRover PBS snapshot)","SEXYREXY-DEV/PokeRover","4919c813a9d1f3f1e1bed54189bf541d46fc7e8a","PBS/moves.txt","Dragon","Physical","70","100","10","Deals 70 base-power physical Dragon-type damage with 100% accuracy and makes contact. The source says it raises different stats depending on the active terrain, but the public PokeRover snapshot does not contain the custom TypeAndPowerDependOnTerrain implementation or the terrain-to-stat mapping. Those exact boosts are therefore not guessed.","0 (normal priority)","One adjacent target","Yes","Contact; CanProtect; CanMirrorMove","No separate chance field","","","","","","","","A claw imbued with energy strikes. Different stats are raised depending on the terrain.","","source-limited","Source-verified against the pinned PokeRover PBS move table.","animation data not included in PokeRover PBS snapshot","No animation implementation or animation mapping is present in the audited PokeRover repository/PBS snapshot.","no source animation evidence","","","choose an official DS animation analog or build/adapt a new DS animation during implementation","PokeRover contains PBS move definitions and utility/web data. Repository-wide searches found no Animations.rxdata or BattleAnimation source to certify Vanguard animation reuse.","manifests/VANGUARD_DS_ANIMATION_PASS_02.csv"
"TRITIUMCANNON","Tritium Cannon","Tritium Cannon","Pokemon Vanguard (via PokeRover PBS snapshot)","SEXYREXY-DEV/PokeRover","4919c813a9d1f3f1e1bed54189bf541d46fc7e8a","PBS/moves.txt","Fire","Special","140","100","5","A blast of unbridled energy is set off, dealing damage. This also damages the user.","0 (normal priority)","One adjacent Pokémon","No","CanProtect,CanMirrorMove,CannotMetronome,Pulse","No separate chance field","","","","","","","","A blast of unbridled energy is set off, dealing damage. This also damages the user.","","complete","Source-verified against the pinned PokeRover PBS move table.","animation data not included in PokeRover PBS snapshot","No animation implementation or animation mapping is present in the audited PokeRover repository/PBS snapshot.","no source animation evidence","","","choose an official DS animation analog or build/adapt a new DS animation during implementation","PokeRover contains PBS move definitions and utility/web data. Repository-wide searches found no Animations.rxdata or BattleAnimation source to certify Vanguard animation reuse.","manifests/VANGUARD_DS_ANIMATION_PASS_02.csv"
"WHITEWRAITHS","White Wraiths","White Wraiths","Pokemon Vanguard (via PokeRover PBS snapshot)","SEXYREXY-DEV/PokeRover","4919c813a9d1f3f1e1bed54189bf541d46fc7e8a","PBS/moves.txt","Ghost","Physical","90","100","5","A two-turn attack. Wraiths are absorbed, increasing Attack. Unleashes in 1 turn under Sun.","0 (normal priority)","One adjacent Pokémon","Yes","Contact,CanProtect,CanMirrorMove","No separate chance field","","","","","","","","A two-turn attack. Wraiths are absorbed, increasing Attack. Unleashes in 1 turn under Sun.","","complete","Source-verified against the pinned PokeRover PBS move table.","animation data not included in PokeRover PBS snapshot","No animation implementation or animation mapping is present in the audited PokeRover repository/PBS snapshot.","no source animation evidence","","","choose an official DS animation analog or build/adapt a new DS animation during implementation","PokeRover contains PBS move definitions and utility/web data. Repository-wide searches found no Animations.rxdata or BattleAnimation source to certify Vanguard animation reuse.","manifests/VANGUARD_DS_ANIMATION_PASS_02.csv"
"SOULSUCKER","Soul Sucker","Soul Sucker","Pokemon Vanguard (via PokeRover PBS snapshot)","SEXYREXY-DEV/PokeRover","4919c813a9d1f3f1e1bed54189bf541d46fc7e8a","PBS/moves.txt","Ghost","Physical","85","100","10","The user drains the target's soul, dealing damage. The user's HP is restored by half the damage taken by the target.","0 (normal priority)","One adjacent Pokémon","Yes","Soul,Contact,CanProtect,CanMirrorMove","No separate chance field","","","","","","","","The user drains the target's soul, dealing damage. The user's HP is restored by half the damage taken by the target.","","complete","Source-verified against the pinned PokeRover PBS move table.","animation data not included in PokeRover PBS snapshot","No animation implementation or animation mapping is present in the audited PokeRover repository/PBS snapshot.","no source animation evidence","","","choose an official DS animation analog or build/adapt a new DS animation during implementation","PokeRover contains PBS move definitions and utility/web data. Repository-wide searches found no Animations.rxdata or BattleAnimation source to certify Vanguard animation reuse.","manifests/VANGUARD_DS_ANIMATION_PASS_02.csv"
"SPECTRALHORDE","Spectral Horde","Spectral Horde","Pokemon Vanguard (via PokeRover PBS snapshot)","SEXYREXY-DEV/PokeRover","4919c813a9d1f3f1e1bed54189bf541d46fc7e8a","PBS/moves.txt","Ghost","Special","85","90","5","Cursed energy is sent forward, dealing damage to opposing Pokemon.","0 (normal priority)","All adjacent foes","No","CanProtect,CanMirrorMove,CannotMetronome","No separate chance field","","","","","","","","Cursed energy is sent forward, dealing damage to opposing Pokemon.","","complete","Source-verified against the pinned PokeRover PBS move table.","animation data not included in PokeRover PBS snapshot","No animation implementation or animation mapping is present in the audited PokeRover repository/PBS snapshot.","no source animation evidence","","","choose an official DS animation analog or build/adapt a new DS animation during implementation","PokeRover contains PBS move definitions and utility/web data. Repository-wide searches found no Animations.rxdata or BattleAnimation source to certify Vanguard animation reuse.","manifests/VANGUARD_DS_ANIMATION_PASS_02.csv"
"SHATTERBLADE","Shatterblade","Shatterblade","Pokemon Vanguard (via PokeRover PBS snapshot)","SEXYREXY-DEV/PokeRover","4919c813a9d1f3f1e1bed54189bf541d46fc7e8a","PBS/moves.txt","Ice","Physical","90","100","10","A blade made of icicles is shattered against the target, dealing damage with a high crit ratio.","0 (normal priority)","One adjacent Pokémon","No","CanProtect,CanMirrorMove,CannotMetronome,HighCriticalHitRate,Slicing","No separate chance field","","","","","","","","A blade made of icicles is shattered against the target, dealing damage with a high crit ratio.","","complete","Source-verified against the pinned PokeRover PBS move table.","animation data not included in PokeRover PBS snapshot","No animation implementation or animation mapping is present in the audited PokeRover repository/PBS snapshot.","no source animation evidence","","","choose an official DS animation analog or build/adapt a new DS animation during implementation","PokeRover contains PBS move definitions and utility/web data. Repository-wide searches found no Animations.rxdata or BattleAnimation source to certify Vanguard animation reuse.","manifests/VANGUARD_DS_ANIMATION_PASS_02.csv"
"PYROCLASTICSWEEP","Pyroclastic Sweep","Pyroclastic Sweep","Pokemon Vanguard (via PokeRover PBS snapshot)","SEXYREXY-DEV/PokeRover","4919c813a9d1f3f1e1bed54189bf541d46fc7e8a","PBS/moves.txt","Fire","Physical","150","100","5","Deals physical Fire-type damage to all adjacent foes. Its maximum base power is 150 and scales directly with the user's remaining HP, like Eruption/Water Spout: approximately 150 × current HP ÷ maximum HP.","0 (normal priority)","All adjacent foes","No","CanProtect,CanMirrorMove","No separate chance field","","","","","","","","Fierce flames are shot forward. The lower the user's HP, the less powerful this attack becomes.","","complete","Source-verified against the pinned PokeRover PBS move table.","animation data not included in PokeRover PBS snapshot","No animation implementation or animation mapping is present in the audited PokeRover repository/PBS snapshot.","no source animation evidence","","","choose an official DS animation analog or build/adapt a new DS animation during implementation","PokeRover contains PBS move definitions and utility/web data. Repository-wide searches found no Animations.rxdata or BattleAnimation source to certify Vanguard animation reuse.","manifests/VANGUARD_DS_ANIMATION_PASS_02.csv"
"TORBIDVINESTORM","Torbid Vinestorm","Torbid Vinestorm","Pokemon Vanguard (via PokeRover PBS snapshot)","SEXYREXY-DEV/PokeRover","4919c813a9d1f3f1e1bed54189bf541d46fc7e8a","PBS/moves.txt","Grass","Special","100","80","10","Life-draining vines entangle opposing Pokemon, restoring the user's HP by half of damage dealt.","0 (normal priority)","All adjacent foes","No","CanProtect,CanMirrorMove","No separate chance field","","","","","","","","Life-draining vines entangle opposing Pokemon, restoring the user's HP by half of damage dealt.","","complete","Source-verified against the pinned PokeRover PBS move table.","animation data not included in PokeRover PBS snapshot","No animation implementation or animation mapping is present in the audited PokeRover repository/PBS snapshot.","no source animation evidence","","","choose an official DS animation analog or build/adapt a new DS animation during implementation","PokeRover contains PBS move definitions and utility/web data. Repository-wide searches found no Animations.rxdata or BattleAnimation source to certify Vanguard animation reuse.","manifests/VANGUARD_DS_ANIMATION_PASS_02.csv"
"ARMAMENTSTRIKE","Armament Strike","Armament Strike","Pokemon Vanguard (via PokeRover PBS snapshot)","SEXYREXY-DEV/PokeRover","4919c813a9d1f3f1e1bed54189bf541d46fc7e8a","PBS/moves.txt","Steel","Physical","100","100","5","Mechanical gadgets destroy the target with a hi-tech barrage. Uses higher Atk and lowers Defs.","0 (normal priority)","One adjacent Pokémon","No","CanProtect,CanMirrorMove,Punching,HighCriticalHitRate","No separate chance field","","","","","","","","Mechanical gadgets destroy the target with a hi-tech barrage. Uses higher Atk and lowers Defs.","","complete","Source-verified against the pinned PokeRover PBS move table.","animation data not included in PokeRover PBS snapshot","No animation implementation or animation mapping is present in the audited PokeRover repository/PBS snapshot.","no source animation evidence","","","choose an official DS animation analog or build/adapt a new DS animation during implementation","PokeRover contains PBS move definitions and utility/web data. Repository-wide searches found no Animations.rxdata or BattleAnimation source to certify Vanguard animation reuse.","manifests/VANGUARD_DS_ANIMATION_PASS_02.csv"
"HANABIDANCE","Hanabi Dance","Hanabi Dance","Pokemon Vanguard (via PokeRover PBS snapshot)","SEXYREXY-DEV/PokeRover","4919c813a9d1f3f1e1bed54189bf541d46fc7e8a","PBS/moves.txt","Fairy","Physical","15","100","20","A 15 base-power physical Fairy-type attack that hits exactly 3 times. Every hit is a guaranteed critical hit, and the move has a 20% burn effect chance according to the source.","0 (normal priority)","One adjacent Pokémon","Yes","Contact,CanProtect,CanMirrorMove,CannotMetronome","20%","20% burn effect chance","","Exactly 3 hits; 15 BP per hit; each hit is critical","","","","","A sword dance strikes three times with true precision, landing critical hits. May burn the target.","","complete","Source-verified against the pinned PokeRover PBS move table.","animation data not included in PokeRover PBS snapshot","No animation implementation or animation mapping is present in the audited PokeRover repository/PBS snapshot.","no source animation evidence","","","choose an official DS animation analog or build/adapt a new DS animation during implementation","PokeRover contains PBS move definitions and utility/web data. Repository-wide searches found no Animations.rxdata or BattleAnimation source to certify Vanguard animation reuse.","manifests/VANGUARD_DS_ANIMATION_PASS_02.csv"
"IADOSGUARD","Iado's Guard","Iado's Guard","Pokemon Vanguard (via PokeRover PBS snapshot)","SEXYREXY-DEV/PokeRover","4919c813a9d1f3f1e1bed54189bf541d46fc7e8a","PBS/moves.txt","Steel","Status","","0","10","Has +4 priority and protects the user from damaging moves for the turn. If an attacker makes contact into the protection, that attacker's Attack is lowered by 1 stage. It follows King's Shield/Protect-style consecutive-use behavior.","+4","User","No","target-user","No separate chance field","","Contact attacker Attack -1 stage","","","","","","Protects itself from damage. It also lowers the Attack of attackers that make contact.","","complete","Source-verified against the pinned PokeRover PBS move table.","animation data not included in PokeRover PBS snapshot","No animation implementation or animation mapping is present in the audited PokeRover repository/PBS snapshot.","no source animation evidence","","","choose an official DS animation analog or build/adapt a new DS animation during implementation","PokeRover contains PBS move definitions and utility/web data. Repository-wide searches found no Animations.rxdata or BattleAnimation source to certify Vanguard animation reuse.","manifests/VANGUARD_DS_ANIMATION_PASS_02.csv"
"VENAMSKISS","Venam's Kiss","Venam's Kiss","Pokemon Rejuvenation (via Rejuvenation Wiki Converter)","ThumsRipa/Rejuvenation-Wiki-Converter","05677bfc23298db5bbe484f731ec60c7fd801c5a","Outputs/DatabaseMoves.txt","Poison","Physical","75","100","15","Deals 75 base-power physical Poison-type damage and has a 10% chance to poison the target. The move is specifically super effective against Steel-type targets and makes contact.","0 (normal priority)","One target other than the user","Yes","{""Contact""}","10%","10% chance to poison","","","","","","","The user kisses with corrosive acid that may leave the target poisoned. It is Super Effective against Steel-types.","","complete","Source-verified against the pinned Rejuvenation Wiki Converter move database; custom behavior is expanded only where supporting public Rejuvenation-derived move logic was available.","animation data not included in wiki-converter move database","No per-move animation mapping, animation asset, Animations.rxdata, or BattleAnimation implementation is present in the audited Rejuvenation Wiki Converter source.","no source animation evidence","","","choose an existing Platinum/hg-engine DS animation analog or build/adapt a new DS animation during implementation","The source includes move mechanics in Outputs/DatabaseMoves.txt and RBFiles/movetext.rb. RBFiles/movetext.rb also contains a '# MOVE DUMMIES FOR ANIMATION COMPILATION' section for type-variant animation placeholders, but it does not map these custom Rejuvenation moves to reusable animations.","manifests/REJUVENATION_DS_ANIMATION_PASS_03.csv"
"GALESTRIKE","Gale Strike","Gale Strike","Pokemon Rejuvenation (via Rejuvenation Wiki Converter)","ThumsRipa/Rejuvenation-Wiki-Converter","05677bfc23298db5bbe484f731ec60c7fd801c5a","Outputs/DatabaseMoves.txt","Fighting","Physical","60","100","10","The user summons power when they are against the odds.","0 (normal priority)","One target other than the user","Yes","{""Contact""}","35%","","","","","","","","The user summons power when they are against the odds.","","complete","Source-verified against the pinned Rejuvenation Wiki Converter move database; custom behavior is expanded only where supporting public Rejuvenation-derived move logic was available.","animation data not included in wiki-converter move database","No per-move animation mapping, animation asset, Animations.rxdata, or BattleAnimation implementation is present in the audited Rejuvenation Wiki Converter source.","no source animation evidence","","","choose an existing Platinum/hg-engine DS animation analog or build/adapt a new DS animation during implementation","The source includes move mechanics in Outputs/DatabaseMoves.txt and RBFiles/movetext.rb. RBFiles/movetext.rb also contains a '# MOVE DUMMIES FOR ANIMATION COMPILATION' section for type-variant animation placeholders, but it does not map these custom Rejuvenation moves to reusable animations.","manifests/REJUVENATION_DS_ANIMATION_PASS_03.csv"
"MULTIPULSE","Multipulse","Multipulse","Pokemon Rejuvenation (via Rejuvenation Wiki Converter)","ThumsRipa/Rejuvenation-Wiki-Converter","05677bfc23298db5bbe484f731ec60c7fd801c5a","Outputs/DatabaseMoves.txt","Normal","Special","65","100","15","Deals damage with no secondary effect. Its type matches the user's held Plate; if the user is not holding a Plate, it remains Normal-type. On Rejuvenation's Blessed Field, its power is increased by 30%.","0 (normal priority)","One Pokémon other than the user","No","target-singlenonuser","No secondary effect","","","","","","","30% stronger on Blessed Field.","","","complete","Source-verified against the pinned Rejuvenation Wiki Converter move database; custom behavior is expanded only where supporting public Rejuvenation-derived move logic was available.","animation data not included in wiki-converter move database","No per-move animation mapping, animation asset, Animations.rxdata, or BattleAnimation implementation is present in the audited Rejuvenation Wiki Converter source.","no source animation evidence","","","choose an existing Platinum/hg-engine DS animation analog or build/adapt a new DS animation during implementation","The source includes move mechanics in Outputs/DatabaseMoves.txt and RBFiles/movetext.rb. RBFiles/movetext.rb also contains a '# MOVE DUMMIES FOR ANIMATION COMPILATION' section for type-variant animation placeholders, but it does not map these custom Rejuvenation moves to reusable animations.","manifests/REJUVENATION_DS_ANIMATION_PASS_03.csv"
"SPECTRALSCREAM","Spectral Scream","Spectral Scream","Pokemon Rejuvenation (via Rejuvenation Wiki Converter)","ThumsRipa/Rejuvenation-Wiki-Converter","05677bfc23298db5bbe484f731ec60c7fd801c5a","Outputs/DatabaseMoves.txt","Ghost","Special","65","100","10","The users makes a spine-chilling scream, with a chance of raising defense.","0 (normal priority)","One target other than the user","No","{""Sound""}","60%","","","","","","","","The users makes a spine-chilling scream, with a chance of raising defense.","","complete","Source-verified against the pinned Rejuvenation Wiki Converter move database; custom behavior is expanded only where supporting public Rejuvenation-derived move logic was available.","animation data not included in wiki-converter move database","No per-move animation mapping, animation asset, Animations.rxdata, or BattleAnimation implementation is present in the audited Rejuvenation Wiki Converter source.","no source animation evidence","","","choose an existing Platinum/hg-engine DS animation analog or build/adapt a new DS animation during implementation","The source includes move mechanics in Outputs/DatabaseMoves.txt and RBFiles/movetext.rb. RBFiles/movetext.rb also contains a '# MOVE DUMMIES FOR ANIMATION COMPILATION' section for type-variant animation placeholders, but it does not map these custom Rejuvenation moves to reusable animations.","manifests/REJUVENATION_DS_ANIMATION_PASS_03.csv"
"AQUABATICS","Aquabatics","Aquabatics","Pokemon Rejuvenation (via Rejuvenation Wiki Converter)","ThumsRipa/Rejuvenation-Wiki-Converter","05677bfc23298db5bbe484f731ec60c7fd801c5a","Outputs/DatabaseMoves.txt","Water","Status","0","0","15","The user loosens up with aquabatics, raising its Sp. Atk and Speed.","0 (normal priority)","User","No","{""Snachable"",""NoMirror""}","No separate chance field","","","","","","","","The user loosens up with aquabatics, raising its Sp. Atk and Speed.","","complete","Source-verified against the pinned Rejuvenation Wiki Converter move database; custom behavior is expanded only where supporting public Rejuvenation-derived move logic was available.","animation data not included in wiki-converter move database","No per-move animation mapping, animation asset, Animations.rxdata, or BattleAnimation implementation is present in the audited Rejuvenation Wiki Converter source.","no source animation evidence","","","choose an existing Platinum/hg-engine DS animation analog or build/adapt a new DS animation during implementation","The source includes move mechanics in Outputs/DatabaseMoves.txt and RBFiles/movetext.rb. RBFiles/movetext.rb also contains a '# MOVE DUMMIES FOR ANIMATION COMPILATION' section for type-variant animation placeholders, but it does not map these custom Rejuvenation moves to reusable animations.","manifests/REJUVENATION_DS_ANIMATION_PASS_03.csv"
"BARBEDWEB","Barbed Web","Barbed Web","Pokemon Rejuvenation (via Rejuvenation Wiki Converter)","ThumsRipa/Rejuvenation-Wiki-Converter","05677bfc23298db5bbe484f731ec60c7fd801c5a","Outputs/DatabaseMoves.txt","Bug","Physical","70","100","10","Deals 70 base-power physical Bug-type damage to all opposing Pokémon. It has a 30% chance to poison each target and has an increased critical-hit ratio.","0 (normal priority)","All opposing Pokémon","No","High critical-hit rate; King's Rock-compatible","30%","30% chance to poison each affected target","","","","","","","The user spreads spiked silk which may inflict Poison.","","complete","Source-verified against the pinned Rejuvenation Wiki Converter move database; custom behavior is expanded only where supporting public Rejuvenation-derived move logic was available.","animation data not included in wiki-converter move database","No per-move animation mapping, animation asset, Animations.rxdata, or BattleAnimation implementation is present in the audited Rejuvenation Wiki Converter source.","no source animation evidence","","","choose an existing Platinum/hg-engine DS animation analog or build/adapt a new DS animation during implementation","The source includes move mechanics in Outputs/DatabaseMoves.txt and RBFiles/movetext.rb. RBFiles/movetext.rb also contains a '# MOVE DUMMIES FOR ANIMATION COMPILATION' section for type-variant animation placeholders, but it does not map these custom Rejuvenation moves to reusable animations.","manifests/REJUVENATION_DS_ANIMATION_PASS_03.csv"
"COLDTRUTH","Cold Truth","Cold Truth","Pokemon Rejuvenation (via Rejuvenation Wiki Converter)","ThumsRipa/Rejuvenation-Wiki-Converter","05677bfc23298db5bbe484f731ec60c7fd801c5a","Outputs/DatabaseMoves.txt","Ice","Special","95","100","10","A strong disturbing chill hits adjacent opponents, inflicting Torment upon them.","0 (normal priority)","All opposing Pokémon","No","target-allopposing","100%","","","","","","","","A strong disturbing chill hits adjacent opponents, inflicting Torment upon them.","","complete","Source-verified against the pinned Rejuvenation Wiki Converter move database; custom behavior is expanded only where supporting public Rejuvenation-derived move logic was available.","animation data not included in wiki-converter move database","No per-move animation mapping, animation asset, Animations.rxdata, or BattleAnimation implementation is present in the audited Rejuvenation Wiki Converter source.","no source animation evidence","","","choose an existing Platinum/hg-engine DS animation analog or build/adapt a new DS animation during implementation","The source includes move mechanics in Outputs/DatabaseMoves.txt and RBFiles/movetext.rb. RBFiles/movetext.rb also contains a '# MOVE DUMMIES FOR ANIMATION COMPILATION' section for type-variant animation placeholders, but it does not map these custom Rejuvenation moves to reusable animations.","manifests/REJUVENATION_DS_ANIMATION_PASS_03.csv"
"FEVERPITCH","Fever Pitch","Fever Pitch","Pokemon Rejuvenation (via Rejuvenation Wiki Converter)","ThumsRipa/Rejuvenation-Wiki-Converter","05677bfc23298db5bbe484f731ec60c7fd801c5a","Outputs/DatabaseMoves.txt","Fire","Special","1","100","10","The user emits a rocking hot sound, getting stronger with more hype.","0 (normal priority)","One target other than the user","No","{""Sound""}; {""Kingrock""}","10%","","","","","","","","The user emits a rocking hot sound, getting stronger with more hype.","","complete","Source-verified against the pinned Rejuvenation Wiki Converter move database; custom behavior is expanded only where supporting public Rejuvenation-derived move logic was available.","animation data not included in wiki-converter move database","No per-move animation mapping, animation asset, Animations.rxdata, or BattleAnimation implementation is present in the audited Rejuvenation Wiki Converter source.","no source animation evidence","","","choose an existing Platinum/hg-engine DS animation analog or build/adapt a new DS animation during implementation","The source includes move mechanics in Outputs/DatabaseMoves.txt and RBFiles/movetext.rb. RBFiles/movetext.rb also contains a '# MOVE DUMMIES FOR ANIMATION COMPILATION' section for type-variant animation placeholders, but it does not map these custom Rejuvenation moves to reusable animations.","manifests/REJUVENATION_DS_ANIMATION_PASS_03.csv"
"THUNDERRAID","Thunder Raid","Thunder Raid","Pokemon Rejuvenation (via Rejuvenation Wiki Converter)","ThumsRipa/Rejuvenation-Wiki-Converter","05677bfc23298db5bbe484f731ec60c7fd801c5a","Outputs/DatabaseMoves.txt","Electric","Physical","20","100","20","Quickly strikes the target up to three times, each hit increasing in power.","0 (normal priority)","One target other than the user","No","{""Kingrock""}","100%","","","","","","","","Quickly strikes the target up to three times, each hit increasing in power.","","complete","Source-verified against the pinned Rejuvenation Wiki Converter move database; custom behavior is expanded only where supporting public Rejuvenation-derived move logic was available.","animation data not included in wiki-converter move database","No per-move animation mapping, animation asset, Animations.rxdata, or BattleAnimation implementation is present in the audited Rejuvenation Wiki Converter source.","no source animation evidence","","","choose an existing Platinum/hg-engine DS animation analog or build/adapt a new DS animation during implementation","The source includes move mechanics in Outputs/DatabaseMoves.txt and RBFiles/movetext.rb. RBFiles/movetext.rb also contains a '# MOVE DUMMIES FOR ANIMATION COMPILATION' section for type-variant animation placeholders, but it does not map these custom Rejuvenation moves to reusable animations.","manifests/REJUVENATION_DS_ANIMATION_PASS_03.csv"
"UPROOT","Uproot","Uproot","Pokemon Rejuvenation (via Rejuvenation Wiki Converter)","ThumsRipa/Rejuvenation-Wiki-Converter","05677bfc23298db5bbe484f731ec60c7fd801c5a","Outputs/DatabaseMoves.txt","Grass","Special","90","100","15","The user attacks the target like uprooting a plant, lowering the target's Sp. Def harshly.","0 (normal priority)","One target other than the user","No","{""Kingrock""}","100%","","","","","","","","The user attacks the target like uprooting a plant, lowering the target's Sp. Def harshly.","","complete","Source-verified against the pinned Rejuvenation Wiki Converter move database; custom behavior is expanded only where supporting public Rejuvenation-derived move logic was available.","animation data not included in wiki-converter move database","No per-move animation mapping, animation asset, Animations.rxdata, or BattleAnimation implementation is present in the audited Rejuvenation Wiki Converter source.","no source animation evidence","","","choose an existing Platinum/hg-engine DS animation analog or build/adapt a new DS animation during implementation","The source includes move mechanics in Outputs/DatabaseMoves.txt and RBFiles/movetext.rb. RBFiles/movetext.rb also contains a '# MOVE DUMMIES FOR ANIMATION COMPILATION' section for type-variant animation placeholders, but it does not map these custom Rejuvenation moves to reusable animations.","manifests/REJUVENATION_DS_ANIMATION_PASS_03.csv"
"BUNRAKUBEATDOWN","Bunraku Beatdown","Bunraku Beatdown","Pokemon Rejuvenation (via Rejuvenation Wiki Converter)","ThumsRipa/Rejuvenation-Wiki-Converter","05677bfc23298db5bbe484f731ec60c7fd801c5a","Outputs/DatabaseMoves.txt","Psychic","Special","75","100","10","The user attacks the opponent, controlling knocked out ally Pokemon with strings for extra damage.","0 (normal priority)","One target other than the user","No","{""Kingrock""}","No separate chance field","","","","","","","","The user attacks the opponent, controlling knocked out ally Pokemon with strings for extra damage.","","complete","Source-verified against the pinned Rejuvenation Wiki Converter move database; custom behavior is expanded only where supporting public Rejuvenation-derived move logic was available.","animation data not included in wiki-converter move database","No per-move animation mapping, animation asset, Animations.rxdata, or BattleAnimation implementation is present in the audited Rejuvenation Wiki Converter source.","no source animation evidence","","","choose an existing Platinum/hg-engine DS animation analog or build/adapt a new DS animation during implementation","The source includes move mechanics in Outputs/DatabaseMoves.txt and RBFiles/movetext.rb. RBFiles/movetext.rb also contains a '# MOVE DUMMIES FOR ANIMATION COMPILATION' section for type-variant animation placeholders, but it does not map these custom Rejuvenation moves to reusable animations.","manifests/REJUVENATION_DS_ANIMATION_PASS_03.csv"
"HEAVENLYWING","Heavenly Wing","Heavenly Wing","Pokemon Rejuvenation (via Rejuvenation Wiki Converter)","ThumsRipa/Rejuvenation-Wiki-Converter","05677bfc23298db5bbe484f731ec60c7fd801c5a","Outputs/DatabaseMoves.txt","Flying","Physical","90","0","15","A shining wing strikes the target, removing stat changes.","0 (normal priority)","One target other than the user","No","{""Kingrock""}","100%","","","","","","","","A shining wing strikes the target, removing stat changes.","","complete","Source-verified against the pinned Rejuvenation Wiki Converter move database; custom behavior is expanded only where supporting public Rejuvenation-derived move logic was available.","animation data not included in wiki-converter move database","No per-move animation mapping, animation asset, Animations.rxdata, or BattleAnimation implementation is present in the audited Rejuvenation Wiki Converter source.","no source animation evidence","","","choose an existing Platinum/hg-engine DS animation analog or build/adapt a new DS animation during implementation","The source includes move mechanics in Outputs/DatabaseMoves.txt and RBFiles/movetext.rb. RBFiles/movetext.rb also contains a '# MOVE DUMMIES FOR ANIMATION COMPILATION' section for type-variant animation placeholders, but it does not map these custom Rejuvenation moves to reusable animations.","manifests/REJUVENATION_DS_ANIMATION_PASS_03.csv"
"MATRIXSHOT","Matrix Shot","Matrix Shot","Pokemon Rejuvenation (via Rejuvenation Wiki Converter)","ThumsRipa/Rejuvenation-Wiki-Converter","05677bfc23298db5bbe484f731ec60c7fd801c5a","Outputs/DatabaseMoves.txt","Rock","Physical","90","100","10","A rock clumped with gems is fired at the target, targetting its special defense.","0 (normal priority)","One target other than the user","No","{""Kingrock""}","No separate chance field","","","","","","","","A rock clumped with gems is fired at the target, targetting its special defense.","","complete","Source-verified against the pinned Rejuvenation Wiki Converter move database; custom behavior is expanded only where supporting public Rejuvenation-derived move logic was available.","animation data not included in wiki-converter move database","No per-move animation mapping, animation asset, Animations.rxdata, or BattleAnimation implementation is present in the audited Rejuvenation Wiki Converter source.","no source animation evidence","","","choose an existing Platinum/hg-engine DS animation analog or build/adapt a new DS animation during implementation","The source includes move mechanics in Outputs/DatabaseMoves.txt and RBFiles/movetext.rb. RBFiles/movetext.rb also contains a '# MOVE DUMMIES FOR ANIMATION COMPILATION' section for type-variant animation placeholders, but it does not map these custom Rejuvenation moves to reusable animations.","manifests/REJUVENATION_DS_ANIMATION_PASS_03.csv"
"DESERTSMARK","Desert's Mark","Desert's Mark","Pokemon Rejuvenation (via Rejuvenation Wiki Converter)","ThumsRipa/Rejuvenation-Wiki-Converter","05677bfc23298db5bbe484f731ec60c7fd801c5a","Outputs/DatabaseMoves.txt","Ground","Status","0","0","20","Applies a sinister mark on the target, damaging over time and changing its type to Ground.","0 (normal priority)","One target other than the user","No","target-singlenonuser","No separate chance field","","","","","","","","Applies a sinister mark on the target, damaging over time and changing its type to Ground.","","complete","Source-verified against the pinned Rejuvenation Wiki Converter move database; custom behavior is expanded only where supporting public Rejuvenation-derived move logic was available.","animation data not included in wiki-converter move database","No per-move animation mapping, animation asset, Animations.rxdata, or BattleAnimation implementation is present in the audited Rejuvenation Wiki Converter source.","no source animation evidence","","","choose an existing Platinum/hg-engine DS animation analog or build/adapt a new DS animation during implementation","The source includes move mechanics in Outputs/DatabaseMoves.txt and RBFiles/movetext.rb. RBFiles/movetext.rb also contains a '# MOVE DUMMIES FOR ANIMATION COMPILATION' section for type-variant animation placeholders, but it does not map these custom Rejuvenation moves to reusable animations.","manifests/REJUVENATION_DS_ANIMATION_PASS_03.csv"
"ULTRAMEGADEATH","Super Ultra Mega Death Move","Super Ultra Mega Death Move","Pokemon Rejuvenation (via Rejuvenation Wiki Converter)","ThumsRipa/Rejuvenation-Wiki-Converter","05677bfc23298db5bbe484f731ec60c7fd801c5a","Outputs/DatabaseMoves.txt","Steel","Physical","90","100","10","Before attacking, the move compares its physical and special damage and uses whichever would deal more. Hammer mode is physical and has a 20% chance to lower the target's Defense by 1 stage. Cannon mode is special and has a 20% chance to lower the target's Special Defense by 1 stage. Hammer mode changes Factory Field into Short-Circuit Field; cannon mode changes Short-Circuit Field into Factory Field.","0 (normal priority)","One Pokémon other than the user","No","move-kingrock;target-singlenonuser","20% in the selected mode","","Physical mode: 20% chance to lower Defense by 1. Special mode: 20% chance to lower Sp. Def by 1.","","","","","Physical mode: Factory → Short-Circuit. Special mode: Short-Circuit → Factory.","","","complete","Source-verified against the pinned Rejuvenation Wiki Converter move database; custom behavior is expanded only where supporting public Rejuvenation-derived move logic was available.","animation data not included in wiki-converter move database","No per-move animation mapping, animation asset, Animations.rxdata, or BattleAnimation implementation is present in the audited Rejuvenation Wiki Converter source.","no source animation evidence","","","choose an existing Platinum/hg-engine DS animation analog or build/adapt a new DS animation during implementation","The source includes move mechanics in Outputs/DatabaseMoves.txt and RBFiles/movetext.rb. RBFiles/movetext.rb also contains a '# MOVE DUMMIES FOR ANIMATION COMPILATION' section for type-variant animation placeholders, but it does not map these custom Rejuvenation moves to reusable animations.","manifests/REJUVENATION_DS_ANIMATION_PASS_03.csv"
"DECIMATION","Decimation","Decimation","Pokemon Rejuvenation (via Rejuvenation Wiki Converter)","ThumsRipa/Rejuvenation-Wiki-Converter","05677bfc23298db5bbe484f731ec60c7fd801c5a","Outputs/DatabaseMoves.txt","Dark","Special","100","100","20","The user absorbs the life energy from the target, leaving them completely lifeless.","1 (+1 priority)","One target other than the user","No","{""Beam""}; {""Kingrock""}","100%","","","","","","","","The user absorbs the life energy from the target, leaving them completely lifeless.","","complete","Source-verified against the pinned Rejuvenation Wiki Converter move database; custom behavior is expanded only where supporting public Rejuvenation-derived move logic was available.","animation data not included in wiki-converter move database","No per-move animation mapping, animation asset, Animations.rxdata, or BattleAnimation implementation is present in the audited Rejuvenation Wiki Converter source.","no source animation evidence","","","choose an existing Platinum/hg-engine DS animation analog or build/adapt a new DS animation during implementation","The source includes move mechanics in Outputs/DatabaseMoves.txt and RBFiles/movetext.rb. RBFiles/movetext.rb also contains a '# MOVE DUMMIES FOR ANIMATION COMPILATION' section for type-variant animation placeholders, but it does not map these custom Rejuvenation moves to reusable animations.","manifests/REJUVENATION_DS_ANIMATION_PASS_03.csv"
"PYROKINESIS","Pyrokinesis","Pyrokinesis","Pokemon Rejuvenation (via Rejuvenation Wiki Converter)","ThumsRipa/Rejuvenation-Wiki-Converter","05677bfc23298db5bbe484f731ec60c7fd801c5a","Outputs/DatabaseMoves.txt","Psychic","Special","80","100","15","Deals 80 base-power special Psychic-type damage and has a 30% chance to burn the target. It can thaw/defrost the user according to the source move flags.","0 (normal priority)","One target other than the user","No","{""Kingrock"",""Defrost""}","30%","30% chance to burn","","","","","","","The user lobs a ball of fire at the target formed from psychic energy. It may also leave the target with a burn.","","complete","Source-verified against the pinned Rejuvenation Wiki Converter move database; custom behavior is expanded only where supporting public Rejuvenation-derived move logic was available.","animation data not included in wiki-converter move database","No per-move animation mapping, animation asset, Animations.rxdata, or BattleAnimation implementation is present in the audited Rejuvenation Wiki Converter source.","no source animation evidence","","","choose an existing Platinum/hg-engine DS animation analog or build/adapt a new DS animation during implementation","The source includes move mechanics in Outputs/DatabaseMoves.txt and RBFiles/movetext.rb. RBFiles/movetext.rb also contains a '# MOVE DUMMIES FOR ANIMATION COMPILATION' section for type-variant animation placeholders, but it does not map these custom Rejuvenation moves to reusable animations.","manifests/REJUVENATION_DS_ANIMATION_PASS_03.csv"
"ALPHASHOT","Alpha Shot","Alpha Shot","Pokemon Rejuvenation (via Rejuvenation Wiki Converter)","ThumsRipa/Rejuvenation-Wiki-Converter","05677bfc23298db5bbe484f731ec60c7fd801c5a","Outputs/DatabaseMoves.txt","Normal","Special","50","100","10","The user fires a golden ball of energy at the target.","0 (normal priority)","One target other than the user","No","{""Kingrock""}","No separate chance field","","","","","","","","The user fires a golden ball of energy at the target.","","complete","Source-verified against the pinned Rejuvenation Wiki Converter move database; custom behavior is expanded only where supporting public Rejuvenation-derived move logic was available.","animation data not included in wiki-converter move database","No per-move animation mapping, animation asset, Animations.rxdata, or BattleAnimation implementation is present in the audited Rejuvenation Wiki Converter source.","no source animation evidence","","","choose an existing Platinum/hg-engine DS animation analog or build/adapt a new DS animation during implementation","The source includes move mechanics in Outputs/DatabaseMoves.txt and RBFiles/movetext.rb. RBFiles/movetext.rb also contains a '# MOVE DUMMIES FOR ANIMATION COMPILATION' section for type-variant animation placeholders, but it does not map these custom Rejuvenation moves to reusable animations.","manifests/REJUVENATION_DS_ANIMATION_PASS_03.csv"
"GILDEDARROW","Gilded Arrow","Gilded Arrow","Pokemon Rejuvenation (via Rejuvenation Wiki Converter)","ThumsRipa/Rejuvenation-Wiki-Converter","05677bfc23298db5bbe484f731ec60c7fd801c5a","Outputs/DatabaseMoves.txt","Normal","Special","80","100","15","The user fires a golden arrow of energy at the target. Critical hits land more easily.","0 (normal priority)","One target other than the user","No","{""HighCrit""}; {""Kingrock""}","No separate chance field","","","","","","","","The user fires a golden arrow of energy at the target. Critical hits land more easily.","","complete","Source-verified against the pinned Rejuvenation Wiki Converter move database; custom behavior is expanded only where supporting public Rejuvenation-derived move logic was available.","animation data not included in wiki-converter move database","No per-move animation mapping, animation asset, Animations.rxdata, or BattleAnimation implementation is present in the audited Rejuvenation Wiki Converter source.","no source animation evidence","","","choose an existing Platinum/hg-engine DS animation analog or build/adapt a new DS animation during implementation","The source includes move mechanics in Outputs/DatabaseMoves.txt and RBFiles/movetext.rb. RBFiles/movetext.rb also contains a '# MOVE DUMMIES FOR ANIMATION COMPILATION' section for type-variant animation placeholders, but it does not map these custom Rejuvenation moves to reusable animations.","manifests/REJUVENATION_DS_ANIMATION_PASS_03.csv"
"GILDEDHELIX","Gilded Helix","Gilded Helix","Pokemon Rejuvenation (via Rejuvenation Wiki Converter)","ThumsRipa/Rejuvenation-Wiki-Converter","05677bfc23298db5bbe484f731ec60c7fd801c5a","Outputs/DatabaseMoves.txt","Normal","Special","50","100","15","Two golden arrows matching the user's type are fired. Critical hits land more easily.","0 (normal priority)","One target other than the user","No","{""HighCrit""}; {""Kingrock""}","No separate chance field","","","","","","","","Two golden arrows matching the user's type are fired. Critical hits land more easily.","","complete","Source-verified against the pinned Rejuvenation Wiki Converter move database; custom behavior is expanded only where supporting public Rejuvenation-derived move logic was available.","animation data not included in wiki-converter move database","No per-move animation mapping, animation asset, Animations.rxdata, or BattleAnimation implementation is present in the audited Rejuvenation Wiki Converter source.","no source animation evidence","","","choose an existing Platinum/hg-engine DS animation analog or build/adapt a new DS animation during implementation","The source includes move mechanics in Outputs/DatabaseMoves.txt and RBFiles/movetext.rb. RBFiles/movetext.rb also contains a '# MOVE DUMMIES FOR ANIMATION COMPILATION' section for type-variant animation placeholders, but it does not map these custom Rejuvenation moves to reusable animations.","manifests/REJUVENATION_DS_ANIMATION_PASS_03.csv"
"POISONSWEEP","Poison Sweep","Poison Sweep","Pokemon Rejuvenation (via Rejuvenation Wiki Converter)","ThumsRipa/Rejuvenation-Wiki-Converter","05677bfc23298db5bbe484f731ec60c7fd801c5a","Outputs/DatabaseMoves.txt","Poison","Physical","50","100","10","Deals 50 base-power physical Poison-type damage and has a 30% chance to lower the target's Speed by 1 stage. It makes contact.","0 (normal priority)","One target other than the user","Yes","{""Contact""}; {""Kingrock""}","30%","","30% chance: target Speed -1 stage","","","","","","The user engulfs their foot with poison and proceeds to knock over their opponent. It may lower speed.","","complete","Source-verified against the pinned Rejuvenation Wiki Converter move database; custom behavior is expanded only where supporting public Rejuvenation-derived move logic was available.","animation data not included in wiki-converter move database","No per-move animation mapping, animation asset, Animations.rxdata, or BattleAnimation implementation is present in the audited Rejuvenation Wiki Converter source.","no source animation evidence","","","choose an existing Platinum/hg-engine DS animation analog or build/adapt a new DS animation during implementation","The source includes move mechanics in Outputs/DatabaseMoves.txt and RBFiles/movetext.rb. RBFiles/movetext.rb also contains a '# MOVE DUMMIES FOR ANIMATION COMPILATION' section for type-variant animation placeholders, but it does not map these custom Rejuvenation moves to reusable animations.","manifests/REJUVENATION_DS_ANIMATION_PASS_03.csv"
"STACKINGSHOT","Stacking Shot","Stacking Shot","Pokemon Rejuvenation (via Rejuvenation Wiki Converter)","ThumsRipa/Rejuvenation-Wiki-Converter","05677bfc23298db5bbe484f731ec60c7fd801c5a","Outputs/DatabaseMoves.txt","Fighting","Physical","40","100","10","The user attacks in quick jabs. It becomes stronger the more it's used.","0 (normal priority)","One target other than the user","Yes","{""Contact"",""Punch""}; {""Kingrock""}","30%","","","","","","","","The user attacks in quick jabs. It becomes stronger the more it's used.","","complete","Source-verified against the pinned Rejuvenation Wiki Converter move database; custom behavior is expanded only where supporting public Rejuvenation-derived move logic was available.","animation data not included in wiki-converter move database","No per-move animation mapping, animation asset, Animations.rxdata, or BattleAnimation implementation is present in the audited Rejuvenation Wiki Converter source.","no source animation evidence","","","choose an existing Platinum/hg-engine DS animation analog or build/adapt a new DS animation during implementation","The source includes move mechanics in Outputs/DatabaseMoves.txt and RBFiles/movetext.rb. RBFiles/movetext.rb also contains a '# MOVE DUMMIES FOR ANIMATION COMPILATION' section for type-variant animation placeholders, but it does not map these custom Rejuvenation moves to reusable animations.","manifests/REJUVENATION_DS_ANIMATION_PASS_03.csv"
"IRRITATION","Irritation","Irritation","Pokemon Rejuvenation (via Rejuvenation Wiki Converter)","ThumsRipa/Rejuvenation-Wiki-Converter","05677bfc23298db5bbe484f731ec60c7fd801c5a","Outputs/DatabaseMoves.txt","Bug","Special","60","100","10","Does massive damage if the opponent is inflicted with a status.","0 (normal priority)","One target other than the user","No","{""Kingrock""}","No separate chance field","","","","","","","","Does massive damage if the opponent is inflicted with a status.","","complete","Source-verified against the pinned Rejuvenation Wiki Converter move database; custom behavior is expanded only where supporting public Rejuvenation-derived move logic was available.","animation data not included in wiki-converter move database","No per-move animation mapping, animation asset, Animations.rxdata, or BattleAnimation implementation is present in the audited Rejuvenation Wiki Converter source.","no source animation evidence","","","choose an existing Platinum/hg-engine DS animation analog or build/adapt a new DS animation during implementation","The source includes move mechanics in Outputs/DatabaseMoves.txt and RBFiles/movetext.rb. RBFiles/movetext.rb also contains a '# MOVE DUMMIES FOR ANIMATION COMPILATION' section for type-variant animation placeholders, but it does not map these custom Rejuvenation moves to reusable animations.","manifests/REJUVENATION_DS_ANIMATION_PASS_03.csv"
"MAGMADRIFT","Magma Drift","Magma Drift","Pokemon Rejuvenation (via Rejuvenation Wiki Converter)","ThumsRipa/Rejuvenation-Wiki-Converter","05677bfc23298db5bbe484f731ec60c7fd801c5a","Outputs/DatabaseMoves.txt","Fire","Special","90","100","15","It swamps the area around the user with a giant wave of molten rock. It can also be used for crossing lava.","0 (normal priority)","All Pokémon except the user","No","{""Kingrock"",""Defrost""}","No separate chance field","","","","","","","","It swamps the area around the user with a giant wave of molten rock. It can also be used for crossing lava.","","complete","Source-verified against the pinned Rejuvenation Wiki Converter move database; custom behavior is expanded only where supporting public Rejuvenation-derived move logic was available.","animation data not included in wiki-converter move database","No per-move animation mapping, animation asset, Animations.rxdata, or BattleAnimation implementation is present in the audited Rejuvenation Wiki Converter source.","no source animation evidence","","","choose an existing Platinum/hg-engine DS animation analog or build/adapt a new DS animation during implementation","The source includes move mechanics in Outputs/DatabaseMoves.txt and RBFiles/movetext.rb. RBFiles/movetext.rb also contains a '# MOVE DUMMIES FOR ANIMATION COMPILATION' section for type-variant animation placeholders, but it does not map these custom Rejuvenation moves to reusable animations.","manifests/REJUVENATION_DS_ANIMATION_PASS_03.csv"
"DELUGE","Deluge","Deluge","Pokemon Rejuvenation (via Rejuvenation Wiki Converter)","ThumsRipa/Rejuvenation-Wiki-Converter","05677bfc23298db5bbe484f731ec60c7fd801c5a","Outputs/DatabaseMoves.txt","Water","Physical","60","100","10","The power of this move is doubled if the user has been hurt by the target in the same turn.","-4 (-4 priority)","One target other than the user","Yes","{""Contact""}; {""Kingrock""}","No separate chance field","","","","","","","","The power of this move is doubled if the user has been hurt by the target in the same turn.","","complete","Source-verified against the pinned Rejuvenation Wiki Converter move database; custom behavior is expanded only where supporting public Rejuvenation-derived move logic was available.","animation data not included in wiki-converter move database","No per-move animation mapping, animation asset, Animations.rxdata, or BattleAnimation implementation is present in the audited Rejuvenation Wiki Converter source.","no source animation evidence","","","choose an existing Platinum/hg-engine DS animation analog or build/adapt a new DS animation during implementation","The source includes move mechanics in Outputs/DatabaseMoves.txt and RBFiles/movetext.rb. RBFiles/movetext.rb also contains a '# MOVE DUMMIES FOR ANIMATION COMPILATION' section for type-variant animation placeholders, but it does not map these custom Rejuvenation moves to reusable animations.","manifests/REJUVENATION_DS_ANIMATION_PASS_03.csv"
"MUDBARRAGE","Mud Barrage","Mud Barrage","Pokemon Rejuvenation (via Rejuvenation Wiki Converter)","ThumsRipa/Rejuvenation-Wiki-Converter","05677bfc23298db5bbe484f731ec60c7fd801c5a","Outputs/DatabaseMoves.txt","Ground","Special","25","95","15","The user pelts the opponent with large amounts of mud, hitting two to five times in a row.","0 (normal priority)","One target other than the user","No","{""Kingrock""}","No separate chance field","","","","","","","","The user pelts the opponent with large amounts of mud, hitting two to five times in a row.","","complete","Source-verified against the pinned Rejuvenation Wiki Converter move database; custom behavior is expanded only where supporting public Rejuvenation-derived move logic was available.","animation data not included in wiki-converter move database","No per-move animation mapping, animation asset, Animations.rxdata, or BattleAnimation implementation is present in the audited Rejuvenation Wiki Converter source.","no source animation evidence","","","choose an existing Platinum/hg-engine DS animation analog or build/adapt a new DS animation during implementation","The source includes move mechanics in Outputs/DatabaseMoves.txt and RBFiles/movetext.rb. RBFiles/movetext.rb also contains a '# MOVE DUMMIES FOR ANIMATION COMPILATION' section for type-variant animation placeholders, but it does not map these custom Rejuvenation moves to reusable animations.","manifests/REJUVENATION_DS_ANIMATION_PASS_03.csv"
"SLASHANDBURN","Slash and Burn","Slash and Burn","Pokemon Rejuvenation (via Rejuvenation Wiki Converter)","ThumsRipa/Rejuvenation-Wiki-Converter","05677bfc23298db5bbe484f731ec60c7fd801c5a","Outputs/DatabaseMoves.txt","Grass","Physical","90","90","10","Deals 90 base-power physical Grass-type damage and has a 10% chance to burn the target. It makes contact and is flagged as a slicing/sharp move.","0 (normal priority)","One target other than the user","Yes","{""Contact"",""Sharp""}; {""Kingrock""}","10%","10% chance to burn","","","","","","","The user slashes the opponent harshly. It may leave the target with a burn.","","complete","Source-verified against the pinned Rejuvenation Wiki Converter move database; custom behavior is expanded only where supporting public Rejuvenation-derived move logic was available.","animation data not included in wiki-converter move database","No per-move animation mapping, animation asset, Animations.rxdata, or BattleAnimation implementation is present in the audited Rejuvenation Wiki Converter source.","no source animation evidence","","","choose an existing Platinum/hg-engine DS animation analog or build/adapt a new DS animation during implementation","The source includes move mechanics in Outputs/DatabaseMoves.txt and RBFiles/movetext.rb. RBFiles/movetext.rb also contains a '# MOVE DUMMIES FOR ANIMATION COMPILATION' section for type-variant animation placeholders, but it does not map these custom Rejuvenation moves to reusable animations.","manifests/REJUVENATION_DS_ANIMATION_PASS_03.csv"
"ARENITEWALL","Arenite Wall","Arenite Wall","Pokemon Rejuvenation (via Rejuvenation Wiki Converter)","ThumsRipa/Rejuvenation-Wiki-Converter","05677bfc23298db5bbe484f731ec60c7fd801c5a","Outputs/DatabaseMoves.txt","Ground","Status","0","0","20","Puts up a wall of sand that reduces the power of super-effective moves.","0 (normal priority)","Both sides of the field","No","{""Snachable"",""NoMirror""}","No separate chance field","","","","","","","","Puts up a wall of sand that reduces the power of super-effective moves.","","complete","Source-verified against the pinned Rejuvenation Wiki Converter move database; custom behavior is expanded only where supporting public Rejuvenation-derived move logic was available.","animation data not included in wiki-converter move database","No per-move animation mapping, animation asset, Animations.rxdata, or BattleAnimation implementation is present in the audited Rejuvenation Wiki Converter source.","no source animation evidence","","","choose an existing Platinum/hg-engine DS animation analog or build/adapt a new DS animation during implementation","The source includes move mechanics in Outputs/DatabaseMoves.txt and RBFiles/movetext.rb. RBFiles/movetext.rb also contains a '# MOVE DUMMIES FOR ANIMATION COMPILATION' section for type-variant animation placeholders, but it does not map these custom Rejuvenation moves to reusable animations.","manifests/REJUVENATION_DS_ANIMATION_PASS_03.csv"
"QUICKSILVERSPEAR","Quicksilver Spear","Quicksilver Spear","Pokemon Rejuvenation (via Rejuvenation Wiki Converter)","ThumsRipa/Rejuvenation-Wiki-Converter","05677bfc23298db5bbe484f731ec60c7fd801c5a","Outputs/DatabaseMoves.txt","Steel","Physical","80","75","5","Deals 80 base-power physical Steel-type damage with 75% accuracy. On a damaging hit that is not absorbed by Substitute, the target becomes pinned by Quicksilver. The target's Speed is lowered by 1 stage, and the Quicksilver effect deals end-of-turn damage equal to 1/16 of the target's maximum HP; the source implementation comments specify 1/8 maximum HP against bosses.","0 (normal priority)","One target other than the user","No","{""Kingrock""}","100% Speed drop on a successful eligible hit","","Lowers the target's Speed by 1 stage","Applies a persistent Quicksilver pin after a damaging hit; the audited implementation does not expose a fixed turn count in the move class.","","","The Quicksilver effect pins the affected target in place in the Rejuvenation implementation.","","The user hurls a spear of quicksilver to pin the target. Drops speed and deals constant damage on Shadows/Rifts.","The current wiki describes the extra damage in terms of Shadow/Rift targets, while the public Rejuvenation-derived 20A implementation documents the residual amount as 1/16 max HP per turn (1/8 against bosses). This discrepancy is preserved in the audit rather than hidden.","complete","Move data verified against the pinned Rejuvenation Wiki Converter database. Runtime behavior expanded from the public Rejuvenation-derived implementation in simonswu23/Pokemon-Rejuvenation-KaizoMod-Scripts (Rejuv/Rejuv_MoveEffects.rb, class PokeBattle_Move_20A, commit 8f12a0d3934e6d7c286b8c9070359e7a595be4d0).","animation data not included in wiki-converter move database","No per-move animation mapping, animation asset, Animations.rxdata, or BattleAnimation implementation is present in the audited Rejuvenation Wiki Converter source.","no source animation evidence","","","choose an existing Platinum/hg-engine DS animation analog or build/adapt a new DS animation during implementation","The source includes move mechanics in Outputs/DatabaseMoves.txt and RBFiles/movetext.rb. RBFiles/movetext.rb also contains a '# MOVE DUMMIES FOR ANIMATION COMPILATION' section for type-variant animation placeholders, but it does not map these custom Rejuvenation moves to reusable animations.","manifests/REJUVENATION_DS_ANIMATION_PASS_03.csv"
"SPARKLEON","Sparkle On","Sparkle On","Pokemon Rejuvenation (via Rejuvenation Wiki Converter)","ThumsRipa/Rejuvenation-Wiki-Converter","05677bfc23298db5bbe484f731ec60c7fd801c5a","Outputs/DatabaseMoves.txt","Fairy","Physical","120","100","15","A reckless, dazzling tackle. It also damages the user.","0 (normal priority)","One target other than the user","Yes","{""Contact"",""Recoil""}; {""Kingrock""}","No separate chance field","","","","","","","","A reckless, dazzling tackle. It also damages the user.","","complete","Source-verified against the pinned Rejuvenation Wiki Converter move database; custom behavior is expanded only where supporting public Rejuvenation-derived move logic was available.","animation data not included in wiki-converter move database","No per-move animation mapping, animation asset, Animations.rxdata, or BattleAnimation implementation is present in the audited Rejuvenation Wiki Converter source.","no source animation evidence","","","choose an existing Platinum/hg-engine DS animation analog or build/adapt a new DS animation during implementation","The source includes move mechanics in Outputs/DatabaseMoves.txt and RBFiles/movetext.rb. RBFiles/movetext.rb also contains a '# MOVE DUMMIES FOR ANIMATION COMPILATION' section for type-variant animation placeholders, but it does not map these custom Rejuvenation moves to reusable animations.","manifests/REJUVENATION_DS_ANIMATION_PASS_03.csv"
"SOLARFLARE","Solar Flare","Solar Flare","Pokemon Rejuvenation (via Rejuvenation Wiki Converter)","ThumsRipa/Rejuvenation-Wiki-Converter","05677bfc23298db5bbe484f731ec60c7fd801c5a","Outputs/DatabaseMoves.txt","Fire","Physical","100","95","10","Deals 100 base-power physical Fire-type damage and has a 50% chance to raise the user's Attack by 1 stage.","0 (normal priority)","One target other than the user","No","{""Kingrock""}","50%","","50% chance: user Attack +1 stage","","","","","","The user tackles the opponent, engulfed in incredible flames. It may raise the user's Attack.","","complete","Source-verified against the pinned Rejuvenation Wiki Converter move database; custom behavior is expanded only where supporting public Rejuvenation-derived move logic was available.","animation data not included in wiki-converter move database","No per-move animation mapping, animation asset, Animations.rxdata, or BattleAnimation implementation is present in the audited Rejuvenation Wiki Converter source.","no source animation evidence","","","choose an existing Platinum/hg-engine DS animation analog or build/adapt a new DS animation during implementation","The source includes move mechanics in Outputs/DatabaseMoves.txt and RBFiles/movetext.rb. RBFiles/movetext.rb also contains a '# MOVE DUMMIES FOR ANIMATION COMPILATION' section for type-variant animation placeholders, but it does not map these custom Rejuvenation moves to reusable animations.","manifests/REJUVENATION_DS_ANIMATION_PASS_03.csv"
"HOARFROSTMOON","Hoarfrost Moon","Hoarfrost Moon","Pokemon Rejuvenation (via Rejuvenation Wiki Converter)","ThumsRipa/Rejuvenation-Wiki-Converter","05677bfc23298db5bbe484f731ec60c7fd801c5a","Outputs/DatabaseMoves.txt","Ice","Special","90","90","10","Deals 90 base-power special Ice-type damage to all opposing Pokémon. It has a 50% chance to raise the user's Special Attack by 1 stage.","0 (normal priority)","All opposing Pokémon","No","{""Kingrock""}","50%","","50% chance: user Sp. Atk +1 stage","","","","","","The user releases an icy, crescent burst at the opponents. It may raise the user's Special Attack.","","complete","Source-verified against the pinned Rejuvenation Wiki Converter move database; custom behavior is expanded only where supporting public Rejuvenation-derived move logic was available.","animation data not included in wiki-converter move database","No per-move animation mapping, animation asset, Animations.rxdata, or BattleAnimation implementation is present in the audited Rejuvenation Wiki Converter source.","no source animation evidence","","","choose an existing Platinum/hg-engine DS animation analog or build/adapt a new DS animation during implementation","The source includes move mechanics in Outputs/DatabaseMoves.txt and RBFiles/movetext.rb. RBFiles/movetext.rb also contains a '# MOVE DUMMIES FOR ANIMATION COMPILATION' section for type-variant animation placeholders, but it does not map these custom Rejuvenation moves to reusable animations.","manifests/REJUVENATION_DS_ANIMATION_PASS_03.csv"
"HEXINGSLASH","Hexing Slash","Hexing Slash","Pokemon Rejuvenation (via Rejuvenation Wiki Converter)","ThumsRipa/Rejuvenation-Wiki-Converter","05677bfc23298db5bbe484f731ec60c7fd801c5a","Outputs/DatabaseMoves.txt","Ghost","Physical","90","100","15","A relentless attack using cursed tendrils. Drains HP and has a chance to poison.","0 (normal priority)","One target other than the user","Yes","{""Contact"",""Healing"",""Sharp""}; {""Kingrock""}","30%","","","","","","","","A relentless attack using cursed tendrils. Drains HP and has a chance to poison.","","complete","Source-verified against the pinned Rejuvenation Wiki Converter move database; custom behavior is expanded only where supporting public Rejuvenation-derived move logic was available.","animation data not included in wiki-converter move database","No per-move animation mapping, animation asset, Animations.rxdata, or BattleAnimation implementation is present in the audited Rejuvenation Wiki Converter source.","no source animation evidence","","","choose an existing Platinum/hg-engine DS animation analog or build/adapt a new DS animation during implementation","The source includes move mechanics in Outputs/DatabaseMoves.txt and RBFiles/movetext.rb. RBFiles/movetext.rb also contains a '# MOVE DUMMIES FOR ANIMATION COMPILATION' section for type-variant animation placeholders, but it does not map these custom Rejuvenation moves to reusable animations.","manifests/REJUVENATION_DS_ANIMATION_PASS_03.csv"
"WAKEUPSHOCK","Wake-Up Shock","Wake-Up Shock","Pokemon Rejuvenation (via Rejuvenation Wiki Converter)","ThumsRipa/Rejuvenation-Wiki-Converter","05677bfc23298db5bbe484f731ec60c7fd801c5a","Outputs/DatabaseMoves.txt","Electric","Physical","80","100","10","This attack inflicts big damage on a sleeping target. It also wakes the target up.","0 (normal priority)","One target other than the user","Yes","{""Contact""}; {""Kingrock""}","No separate chance field","","","","","","","","This attack inflicts big damage on a sleeping target. It also wakes the target up.","","complete","Source-verified against the pinned Rejuvenation Wiki Converter move database; custom behavior is expanded only where supporting public Rejuvenation-derived move logic was available.","animation data not included in wiki-converter move database","No per-move animation mapping, animation asset, Animations.rxdata, or BattleAnimation implementation is present in the audited Rejuvenation Wiki Converter source.","no source animation evidence","","","choose an existing Platinum/hg-engine DS animation analog or build/adapt a new DS animation during implementation","The source includes move mechanics in Outputs/DatabaseMoves.txt and RBFiles/movetext.rb. RBFiles/movetext.rb also contains a '# MOVE DUMMIES FOR ANIMATION COMPILATION' section for type-variant animation placeholders, but it does not map these custom Rejuvenation moves to reusable animations.","manifests/REJUVENATION_DS_ANIMATION_PASS_03.csv"
"VILEASSAULT","Vile Assault","Vile Assault","Pokemon Rejuvenation (via Rejuvenation Wiki Converter)","ThumsRipa/Rejuvenation-Wiki-Converter","05677bfc23298db5bbe484f731ec60c7fd801c5a","Outputs/DatabaseMoves.txt","Poison","Physical","90","100","15","A relentless attack that cuts off a target's escape.","0 (normal priority)","One target other than the user","Yes","{""Contact""}; {""Kingrock""}","No separate chance field","","","","","","","","A relentless attack that cuts off a target's escape.","","complete","Source-verified against the pinned Rejuvenation Wiki Converter move database; custom behavior is expanded only where supporting public Rejuvenation-derived move logic was available.","animation data not included in wiki-converter move database","No per-move animation mapping, animation asset, Animations.rxdata, or BattleAnimation implementation is present in the audited Rejuvenation Wiki Converter source.","no source animation evidence","","","choose an existing Platinum/hg-engine DS animation analog or build/adapt a new DS animation during implementation","The source includes move mechanics in Outputs/DatabaseMoves.txt and RBFiles/movetext.rb. RBFiles/movetext.rb also contains a '# MOVE DUMMIES FOR ANIMATION COMPILATION' section for type-variant animation placeholders, but it does not map these custom Rejuvenation moves to reusable animations.","manifests/REJUVENATION_DS_ANIMATION_PASS_03.csv"
"ETHEREALTEMPEST","Ethereal Tempest","Ethereal Tempest","Pokemon Rejuvenation (via Rejuvenation Wiki Converter)","ThumsRipa/Rejuvenation-Wiki-Converter","05677bfc23298db5bbe484f731ec60c7fd801c5a","Outputs/DatabaseMoves.txt","Flying","Special","90","100","15","Deals 90 base-power special Flying-type damage and has a 20% chance to paralyze the target.","0 (normal priority)","One target other than the user","No","target-singlenonuser","20%","20% chance to paralyze","","","","","","","The target is hit with unearthly wind. It may paralyze the target.","","complete","Source-verified against the pinned Rejuvenation Wiki Converter move database; custom behavior is expanded only where supporting public Rejuvenation-derived move logic was available.","animation data not included in wiki-converter move database","No per-move animation mapping, animation asset, Animations.rxdata, or BattleAnimation implementation is present in the audited Rejuvenation Wiki Converter source.","no source animation evidence","","","choose an existing Platinum/hg-engine DS animation analog or build/adapt a new DS animation during implementation","The source includes move mechanics in Outputs/DatabaseMoves.txt and RBFiles/movetext.rb. RBFiles/movetext.rb also contains a '# MOVE DUMMIES FOR ANIMATION COMPILATION' section for type-variant animation placeholders, but it does not map these custom Rejuvenation moves to reusable animations.","manifests/REJUVENATION_DS_ANIMATION_PASS_03.csv"
"MIRRORBEAM","Mirror Beam","Mirror Beam","Pokemon Rejuvenation (via Rejuvenation Wiki Converter)","ThumsRipa/Rejuvenation-Wiki-Converter","05677bfc23298db5bbe484f731ec60c7fd801c5a","Outputs/DatabaseMoves.txt","Steel","Special","90","100","10","The user shoots a reflective beam that matches its secondary typing.","0 (normal priority)","One target other than the user","No","target-singlenonuser","20%","","","","","","","","The user shoots a reflective beam that matches its secondary typing.","","complete","Source-verified against the pinned Rejuvenation Wiki Converter move database; custom behavior is expanded only where supporting public Rejuvenation-derived move logic was available.","animation data not included in wiki-converter move database","No per-move animation mapping, animation asset, Animations.rxdata, or BattleAnimation implementation is present in the audited Rejuvenation Wiki Converter source.","no source animation evidence","","","choose an existing Platinum/hg-engine DS animation analog or build/adapt a new DS animation during implementation","The source includes move mechanics in Outputs/DatabaseMoves.txt and RBFiles/movetext.rb. RBFiles/movetext.rb also contains a '# MOVE DUMMIES FOR ANIMATION COMPILATION' section for type-variant animation placeholders, but it does not map these custom Rejuvenation moves to reusable animations.","manifests/REJUVENATION_DS_ANIMATION_PASS_03.csv"
"PROBOPOG","Probopass PogChampion","Probopass PogChampion","Pokemon Rejuvenation (via Rejuvenation Wiki Converter)","ThumsRipa/Rejuvenation-Wiki-Converter","05677bfc23298db5bbe484f731ec60c7fd801c5a","Outputs/DatabaseMoves.txt","Normal","Special","20","100","15","Please don't hack it in, it's a bad move on its own, don't be weirdchamp","0 (normal priority)","One target other than the user","No","{""Kingrock""}","No separate chance field","","","","","","","","Please don't hack it in, it's a bad move on its own, don't be weirdchamp","","complete","Source-verified against the pinned Rejuvenation Wiki Converter move database; custom behavior is expanded only where supporting public Rejuvenation-derived move logic was available.","animation data not included in wiki-converter move database","No per-move animation mapping, animation asset, Animations.rxdata, or BattleAnimation implementation is present in the audited Rejuvenation Wiki Converter source.","no source animation evidence","","","choose an existing Platinum/hg-engine DS animation analog or build/adapt a new DS animation during implementation","The source includes move mechanics in Outputs/DatabaseMoves.txt and RBFiles/movetext.rb. RBFiles/movetext.rb also contains a '# MOVE DUMMIES FOR ANIMATION COMPILATION' section for type-variant animation placeholders, but it does not map these custom Rejuvenation moves to reusable animations.","manifests/REJUVENATION_DS_ANIMATION_PASS_03.csv"
"UNLEASHEDPOWER","Unleashed Power","Unleashed Power","Pokemon Rejuvenation (via Rejuvenation Wiki Converter)","ThumsRipa/Rejuvenation-Wiki-Converter","05677bfc23298db5bbe484f731ec60c7fd801c5a","Outputs/DatabaseMoves.txt","Qmarks","Special","150","0","0","Has 150 base power. Its type becomes the user's Hidden Power type. Before damage, it chooses Physical or Special according to which calculation would deal more damage. After it hits, it removes Reflect, Light Screen, Arenite Wall, and Anti-Matter Shield from the target's side.","0 (normal priority)","One Pokémon other than the user","No","data-zmove;data-intercept-move;move-kingrock;move-no-protect;target-singlenonuser;source-native-custom-type","","","","","","","","","","","complete","Source-verified against the pinned Rejuvenation Wiki Converter move database; custom behavior is expanded only where supporting public Rejuvenation-derived move logic was available.","animation data not included in wiki-converter move database","No per-move animation mapping, animation asset, Animations.rxdata, or BattleAnimation implementation is present in the audited Rejuvenation Wiki Converter source.","no source animation evidence","","","choose an existing Platinum/hg-engine DS animation analog or build/adapt a new DS animation during implementation","The source includes move mechanics in Outputs/DatabaseMoves.txt and RBFiles/movetext.rb. RBFiles/movetext.rb also contains a '# MOVE DUMMIES FOR ANIMATION COMPILATION' section for type-variant animation placeholders, but it does not map these custom Rejuvenation moves to reusable animations.","manifests/REJUVENATION_DS_ANIMATION_PASS_03.csv"
"BLINDINGSPEED","Blinding Speed","Blinding Speed","Pokemon Rejuvenation (via Rejuvenation Wiki Converter)","ThumsRipa/Rejuvenation-Wiki-Converter","05677bfc23298db5bbe484f731ec60c7fd801c5a","Outputs/DatabaseMoves.txt","Qmarks","Physical","80","0","0","Has 80 base power and +2 priority. Its type becomes the user's primary type. Before damage, it chooses Physical or Special according to which would deal more. In Double Battles, the user's partner receives an After You-style effect and is moved up to act immediately after the user when possible.","+2","One Pokémon other than the user","Source move database marks this as an Intercept Z-Move; contact behavior is not the defining mechanic.","data-zmove;data-intercept-move;move-kingrock;target-singlenonuser;priority-2;source-native-custom-type","","","","","","","None","","","","complete","Source-verified against the pinned Rejuvenation Wiki Converter move database; custom behavior is expanded only where supporting public Rejuvenation-derived move logic was available.","animation data not included in wiki-converter move database","No per-move animation mapping, animation asset, Animations.rxdata, or BattleAnimation implementation is present in the audited Rejuvenation Wiki Converter source.","no source animation evidence","","","choose an existing Platinum/hg-engine DS animation analog or build/adapt a new DS animation during implementation","The source includes move mechanics in Outputs/DatabaseMoves.txt and RBFiles/movetext.rb. RBFiles/movetext.rb also contains a '# MOVE DUMMIES FOR ANIMATION COMPILATION' section for type-variant animation placeholders, but it does not map these custom Rejuvenation moves to reusable animations.","manifests/REJUVENATION_DS_ANIMATION_PASS_03.csv"
"ELYSIANSHIELD","Elysian Shield","Elysian Shield","Pokemon Rejuvenation (via Rejuvenation Wiki Converter)","ThumsRipa/Rejuvenation-Wiki-Converter","05677bfc23298db5bbe484f731ec60c7fd801c5a","Outputs/DatabaseMoves.txt","Fairy","Status","0","0","0","Applies Aurora Veil to the user's side for 5 turns even without hail or snow, then raises the user's Defense and Special Defense by 1 stage each. This move is associated with the Paragon route.","0 (normal priority)","User / user's side","No","data-zmove;data-intercept-move;target-user","","","Raises the user's Defense by 1 stage and Sp. Def by 1 stage.","","","","","Sets Aurora Veil on the user's side for 5 turns without requiring its normal weather condition.","","","complete","Source-verified against the pinned Rejuvenation Wiki Converter move database; custom behavior is expanded only where supporting public Rejuvenation-derived move logic was available.","animation data not included in wiki-converter move database","No per-move animation mapping, animation asset, Animations.rxdata, or BattleAnimation implementation is present in the audited Rejuvenation Wiki Converter source.","no source animation evidence","","","choose an existing Platinum/hg-engine DS animation analog or build/adapt a new DS animation during implementation","The source includes move mechanics in Outputs/DatabaseMoves.txt and RBFiles/movetext.rb. RBFiles/movetext.rb also contains a '# MOVE DUMMIES FOR ANIMATION COMPILATION' section for type-variant animation placeholders, but it does not map these custom Rejuvenation moves to reusable animations.","manifests/REJUVENATION_DS_ANIMATION_PASS_03.csv"
"CHTHONICMALADY","Chthonic Malady","Chthonic Malady","Pokemon Rejuvenation (via Rejuvenation Wiki Converter)","ThumsRipa/Rejuvenation-Wiki-Converter","05677bfc23298db5bbe484f731ec60c7fd801c5a","Outputs/DatabaseMoves.txt","Shadow","Status","0","0","0","Lowers the target's Attack and Special Attack by 2 stages each, applies Torment for 3 turns, and inflicts Rejuvenation's Petrification status. This move bypasses normal protection according to the source data and is associated with the Renegade route.","0 (normal priority)","One Pokémon other than the user","No","data-zmove;data-intercept-move;move-no-protect;target-singlenonuser;source-native-custom-type","","Inflicts Petrification and applies Torment for 3 turns.","Lowers Attack by 2 stages and Sp. Atk by 2 stages.","","","","","","","","complete","Source-verified against the pinned Rejuvenation Wiki Converter move database; custom behavior is expanded only where supporting public Rejuvenation-derived move logic was available.","animation data not included in wiki-converter move database","No per-move animation mapping, animation asset, Animations.rxdata, or BattleAnimation implementation is present in the audited Rejuvenation Wiki Converter source.","no source animation evidence","","","choose an existing Platinum/hg-engine DS animation analog or build/adapt a new DS animation during implementation","The source includes move mechanics in Outputs/DatabaseMoves.txt and RBFiles/movetext.rb. RBFiles/movetext.rb also contains a '# MOVE DUMMIES FOR ANIMATION COMPILATION' section for type-variant animation placeholders, but it does not map these custom Rejuvenation moves to reusable animations.","manifests/REJUVENATION_DS_ANIMATION_PASS_03.csv"
"DOMAINSHIFT","Domain Shift","Domain Shift","Pokemon Rejuvenation (via Rejuvenation Wiki Converter)","ThumsRipa/Rejuvenation-Wiki-Converter","05677bfc23298db5bbe484f731ec60c7fd801c5a","Outputs/DatabaseMoves.txt","Qmarks","Status","0","0","0","Replaces the current field for 5 turns with a randomly selected field. The possible field pool depends on whether the playthrough is on the Paragon or Renegade route, with a shared pool plus route-specific fields.","0 (normal priority)","Battlefield","No","data-zmove;data-intercept-move;target-user;source-native-custom-type","","","","","","","","Changes the active Rejuvenation field for 5 turns; the random selection pool depends on route.","","","complete","Source-verified against the pinned Rejuvenation Wiki Converter move database; custom behavior is expanded only where supporting public Rejuvenation-derived move logic was available.","animation data not included in wiki-converter move database","No per-move animation mapping, animation asset, Animations.rxdata, or BattleAnimation implementation is present in the audited Rejuvenation Wiki Converter source.","no source animation evidence","","","choose an existing Platinum/hg-engine DS animation analog or build/adapt a new DS animation during implementation","The source includes move mechanics in Outputs/DatabaseMoves.txt and RBFiles/movetext.rb. RBFiles/movetext.rb also contains a '# MOVE DUMMIES FOR ANIMATION COMPILATION' section for type-variant animation placeholders, but it does not map these custom Rejuvenation moves to reusable animations.","manifests/REJUVENATION_DS_ANIMATION_PASS_03.csv"
"CORALBREAK","Coral Break","Coral Break","Pokemon Uranium 1.3.1 (via uranium-mining PBS)","eriedaberrie/uranium-mining","33e18f15c892e431f2d188363daba64bd51406b4","pbs/moves.txt","Water","Special","80","95","15","Deals 80 base-power Water-type special damage with 95% accuracy and 15 PP. Although it is categorized as Special, damage is calculated using the target's Defense rather than Special Defense, like a Psyshock-style attack. It makes contact. No battle secondary effect is documented for Coral Break.","0 (normal priority)","One Pokémon other than the user","Yes","Uranium flags: abe","No battle secondary effect","","","","","","","","The user creates waves in the water to attack the target. This attack does physical damage.","None for battle behavior. The otherwise-unused 15 value in the PBS chance column is preserved as source data but is not presented as a gameplay effect.","complete","Source-verified against Pokémon Uranium 1.3.1 move data from the pinned uranium-mining PBS snapshot; publicly documented Uranium mechanics were used where the PBS description alone was incomplete.","animation data not included in uranium-mining PBS snapshot","The authoritative Uranium 1.3.1 PBS extraction contains move mechanics but no battle-animation database, assets, or per-move animation mapping.","no source-certified DS animation mapping","","","choose an existing Platinum/hg-engine animation analog or build/adapt a new DS animation during implementation","No animation was guessed or inferred from move type/name.","manifests/URANIUM_DS_ANIMATION_PASS_05.csv"
"ATOMICPUNCH","Atomic Punch","Atomic Punch","Pokemon Uranium 1.3.1 (via uranium-mining PBS)","eriedaberrie/uranium-mining","33e18f15c892e431f2d188363daba64bd51406b4","pbs/moves.txt","Nuclear","Physical","80","95","15","Deals damage and has a 15% chance to paralyze the target.","0 (normal priority)","One Pokémon other than the user","Yes","Uranium flags: abe","15% where the listed secondary effect applies","15% chance to paralyze the target","","","","","","","A Punch inbued with radiation, capable of infecting the enemy","None noted.","complete","Source-verified against Pokémon Uranium 1.3.1 move data from the pinned uranium-mining PBS snapshot; publicly documented Uranium mechanics were used where the PBS description alone was incomplete.","animation data not included in uranium-mining PBS snapshot","The authoritative Uranium 1.3.1 PBS extraction contains move mechanics but no battle-animation database, assets, or per-move animation mapping.","no source-certified DS animation mapping","","","choose an existing Platinum/hg-engine animation analog or build/adapt a new DS animation during implementation","No animation was guessed or inferred from move type/name.","manifests/URANIUM_DS_ANIMATION_PASS_05.csv"
"METALWHIP","Metal Whip","Metal Whip","Pokemon Uranium 1.3.1 (via uranium-mining PBS)","eriedaberrie/uranium-mining","33e18f15c892e431f2d188363daba64bd51406b4","pbs/moves.txt","Steel","Physical","50","90","10","Deals damage, then partially traps the target for 4–5 turns, preventing normal switching and dealing binding-style residual damage each turn.","0 (normal priority)","One Pokémon other than the user","Yes","Uranium flags: abef","100% where the listed secondary effect applies","","","Partial-trapping effect lasts 4–5 turns","","","","","A whip made of sharp steel used to hold and hurt the enemy","None noted.","complete","Source-verified against Pokémon Uranium 1.3.1 move data from the pinned uranium-mining PBS snapshot; publicly documented Uranium mechanics were used where the PBS description alone was incomplete.","animation data not included in uranium-mining PBS snapshot","The authoritative Uranium 1.3.1 PBS extraction contains move mechanics but no battle-animation database, assets, or per-move animation mapping.","no source-certified DS animation mapping","","","choose an existing Platinum/hg-engine animation analog or build/adapt a new DS animation during implementation","No animation was guessed or inferred from move type/name.","manifests/URANIUM_DS_ANIMATION_PASS_05.csv"
"SHUFFLE","Shuffle","Shuffle","Pokemon Uranium 1.3.1 (via uranium-mining PBS)","eriedaberrie/uranium-mining","33e18f15c892e431f2d188363daba64bd51406b4","pbs/moves.txt","Normal","Special","60","90","15","The pinned Uranium 1.3.1 row lists Shuffle as a 60-power Normal-type special move with 90% accuracy and 15 PP, and says the bomb-like gift may restore HP. However, that same row assigns function code 0D6—the Roost healing function used by Roost in the very same Uranium move table—and gives a 100% effect-chance field. No Pokémon in the pinned public pokemon.txt learn Shuffle, and the public Uranium move list does not document it. Because the damage-versus-healing behavior cannot be reconciled from the available source, no heal chance or heal amount is invented.","0 (normal priority)","One Pokémon other than the user","No","Uranium flags: be","Source conflict: row stores 100%, but the behavior attached to that value cannot be source-certified","","","","","","","","A gift in the form of a bomb. May restore HP.","Source limitation: exact heal chance/amount is not documented in the audited public move data.","source-conflict","Source-verified against Pokémon Uranium 1.3.1 move data from the pinned uranium-mining PBS snapshot; publicly documented Uranium mechanics were used where the PBS description alone was incomplete.","animation data not included in uranium-mining PBS snapshot","The authoritative Uranium 1.3.1 PBS extraction contains move mechanics but no battle-animation database, assets, or per-move animation mapping.","no source-certified DS animation mapping","","","choose an existing Platinum/hg-engine animation analog or build/adapt a new DS animation during implementation","No animation was guessed or inferred from move type/name.","manifests/URANIUM_DS_ANIMATION_PASS_05.csv"
"NUCLEARWASTE","Nuclear Waste","Nuclear Waste","Pokemon Uranium 1.3.1 (via uranium-mining PBS)","eriedaberrie/uranium-mining","33e18f15c892e431f2d188363daba64bd51406b4","pbs/moves.txt","Nuclear","Status","0","85","10","A Nuclear-type status move with 85% accuracy and 10 PP. If it succeeds, it badly poisons the target, causing toxic poison damage that increases each turn the target remains active.","0 (normal priority)","One Pokémon other than the user","No","Uranium flags: bce","100% where the listed secondary effect applies","Badly poisons the target","","","","","","","Spits toxic, radioactive sludge that badly poisons the foe.","None noted.","complete","Source-verified against Pokémon Uranium 1.3.1 move data from the pinned uranium-mining PBS snapshot; publicly documented Uranium mechanics were used where the PBS description alone was incomplete.","animation data not included in uranium-mining PBS snapshot","The authoritative Uranium 1.3.1 PBS extraction contains move mechanics but no battle-animation database, assets, or per-move animation mapping.","no source-certified DS animation mapping","","","choose an existing Platinum/hg-engine animation analog or build/adapt a new DS animation during implementation","No animation was guessed or inferred from move type/name.","manifests/URANIUM_DS_ANIMATION_PASS_05.csv"
"GAMMARAY","Gamma Ray","Gamma Ray","Pokemon Uranium 1.3.1 (via uranium-mining PBS)","eriedaberrie/uranium-mining","33e18f15c892e431f2d188363daba64bd51406b4","pbs/moves.txt","Nuclear","Special","40","100","30","Deals Nuclear-type damage. Nuclear attacks are super effective against every type except Nuclear and Steel, which resist them.","0 (normal priority)","One Pokémon other than the user","No","Uranium flags: be","No separate chance-based secondary effect","","","","","","","","A blast of nuclear radiation that is super effective on all types.","None noted.","complete","Source-verified against Pokémon Uranium 1.3.1 move data from the pinned uranium-mining PBS snapshot; publicly documented Uranium mechanics were used where the PBS description alone was incomplete.","animation data not included in uranium-mining PBS snapshot","The authoritative Uranium 1.3.1 PBS extraction contains move mechanics but no battle-animation database, assets, or per-move animation mapping.","no source-certified DS animation mapping","","","choose an existing Platinum/hg-engine animation analog or build/adapt a new DS animation during implementation","No animation was guessed or inferred from move type/name.","manifests/URANIUM_DS_ANIMATION_PASS_05.csv"
"RADIOACID","Radioacid","Radioacid","Pokemon Uranium 1.3.1 (via uranium-mining PBS)","eriedaberrie/uranium-mining","33e18f15c892e431f2d188363daba64bd51406b4","pbs/moves.txt","Nuclear","Special","60","100","15","Deals damage and has a 30% chance to burn the target.","0 (normal priority)","One Pokémon other than the user","No","Uranium flags: be","30% where the listed secondary effect applies","30% chance to burn the target","","","","","","","A powerful blast of radioactive waste. May cause a burn.","None noted.","complete","Source-verified against Pokémon Uranium 1.3.1 move data from the pinned uranium-mining PBS snapshot; publicly documented Uranium mechanics were used where the PBS description alone was incomplete.","animation data not included in uranium-mining PBS snapshot","The authoritative Uranium 1.3.1 PBS extraction contains move mechanics but no battle-animation database, assets, or per-move animation mapping.","no source-certified DS animation mapping","","","choose an existing Platinum/hg-engine animation analog or build/adapt a new DS animation during implementation","No animation was guessed or inferred from move type/name.","manifests/URANIUM_DS_ANIMATION_PASS_05.csv"
"SKYFALL","Sky Fall","Sky Fall","Pokemon Uranium 1.3.1 (via uranium-mining PBS)","eriedaberrie/uranium-mining","33e18f15c892e431f2d188363daba64bd51406b4","pbs/moves.txt","Flying","Special","85","100","15","Deals damage and has a 30% chance to paralyze the target.","0 (normal priority)","One Pokémon other than the user","Yes","Uranium flags: abe","30% where the listed secondary effect applies","30% chance to paralyze the target","","","","","","","The user pressurizes the air around the target, crushing it. It may leave the target with paralysis.","None noted.","complete","Source-verified against Pokémon Uranium 1.3.1 move data from the pinned uranium-mining PBS snapshot; publicly documented Uranium mechanics were used where the PBS description alone was incomplete.","animation data not included in uranium-mining PBS snapshot","The authoritative Uranium 1.3.1 PBS extraction contains move mechanics but no battle-animation database, assets, or per-move animation mapping.","no source-certified DS animation mapping","","","choose an existing Platinum/hg-engine animation analog or build/adapt a new DS animation during implementation","A secondary open-source Godot reimplementation confirms mechanics for this move, but its move file does not supply a visual battle-animation mapping.","manifests/URANIUM_DS_ANIMATION_PASS_05.csv"
"FLAMEIMPACT","Flame Impact","Flame Impact","Pokemon Uranium 1.3.1 (via uranium-mining PBS)","eriedaberrie/uranium-mining","33e18f15c892e431f2d188363daba64bd51406b4","pbs/moves.txt","Fire","Physical","65","100","15","Deals damage with +2 priority.","2 (+2 priority)","One Pokémon other than the user","Yes","Uranium flags: abefg","No separate chance-based secondary effect","","","","","","","","The user tackles the target at high temps gained by air friction. This attack always goes first.","None noted.","complete","Source-verified against Pokémon Uranium 1.3.1 move data from the pinned uranium-mining PBS snapshot; publicly documented Uranium mechanics were used where the PBS description alone was incomplete.","animation data not included in uranium-mining PBS snapshot","The authoritative Uranium 1.3.1 PBS extraction contains move mechanics but no battle-animation database, assets, or per-move animation mapping.","no source-certified DS animation mapping","","","choose an existing Platinum/hg-engine animation analog or build/adapt a new DS animation during implementation","A secondary open-source Godot reimplementation confirms mechanics for this move, but its move file does not supply a visual battle-animation mapping.","manifests/URANIUM_DS_ANIMATION_PASS_05.csv"
"SUBDUCTION","Subduction","Subduction","Pokemon Uranium 1.3.1 (via uranium-mining PBS)","eriedaberrie/uranium-mining","33e18f15c892e431f2d188363daba64bd51406b4","pbs/moves.txt","Ground","Physical","140","90","5","Deals heavy Ground-type damage with no additional battle effect listed in the audited source.","0 (normal priority)","All nearby Pokémon except the user","No","Uranium flags: befkl","No secondary effect documented.","Confuses the user after the attack","Lowers the target's Speed by 2 stages","","","","","","""The user creates a massive earthquake that causes the land underneath the foe to rise up and crash down on them.""","No secondary effect documented.","complete","Source-verified against Pokémon Uranium 1.3.1 move data from the pinned uranium-mining PBS snapshot; publicly documented Uranium mechanics were used where the PBS description alone was incomplete.","animation data not included in uranium-mining PBS snapshot","The authoritative Uranium 1.3.1 PBS extraction contains move mechanics but no battle-animation database, assets, or per-move animation mapping.","no source-certified DS animation mapping","","","choose an existing Platinum/hg-engine animation analog or build/adapt a new DS animation during implementation","No animation was guessed or inferred from move type/name.","manifests/URANIUM_DS_ANIMATION_PASS_05.csv"
"INSTANTCRUSH","Instant Crush","Instant Crush","Pokemon Uranium 1.3.1 (via uranium-mining PBS)","eriedaberrie/uranium-mining","33e18f15c892e431f2d188363daba64bd51406b4","pbs/moves.txt","Psychic","Special","60","100","15","Deals 60 base-power Psychic-type special damage with 100% accuracy and 15 PP. It has +1 priority, so it normally acts before standard-priority moves. No additional secondary effect is documented.","1 (+1 priority)","One Pokémon other than the user","No","Uranium flags: bef","No separate chance-based secondary effect","None","None","","","","","","The user compress the foe with it's psychic powers. This attack always goes first.","None noted.","complete","Source-verified against Pokémon Uranium 1.3.1 move data from the pinned uranium-mining PBS snapshot; publicly documented Uranium mechanics were used where the PBS description alone was incomplete.","animation data not included in uranium-mining PBS snapshot","The authoritative Uranium 1.3.1 PBS extraction contains move mechanics but no battle-animation database, assets, or per-move animation mapping.","no source-certified DS animation mapping","","","choose an existing Platinum/hg-engine animation analog or build/adapt a new DS animation during implementation","No animation was guessed or inferred from move type/name.","manifests/URANIUM_DS_ANIMATION_PASS_05.csv"
"GETLUCKY","Get Lucky","Get Lucky","Pokemon Uranium 1.3.1 (via uranium-mining PBS)","eriedaberrie/uranium-mining","33e18f15c892e431f2d188363daba64bd51406b4","pbs/moves.txt","Psychic","Special","70","100","5","Deals damage and then raises the user's critical-hit ratio.","0 (normal priority)","One Pokémon other than the user","No","Uranium flags: bef","100% where the listed secondary effect applies","","Raises the user's critical-hit rate by 2 stages","","","","","","The user locates the foe weak spot and sends strong psychic waves to hit it. Raises critical chances.","None noted.","complete","Source-verified against Pokémon Uranium 1.3.1 move data from the pinned uranium-mining PBS snapshot; publicly documented Uranium mechanics were used where the PBS description alone was incomplete.","animation data not included in uranium-mining PBS snapshot","The authoritative Uranium 1.3.1 PBS extraction contains move mechanics but no battle-animation database, assets, or per-move animation mapping.","no source-certified DS animation mapping","","","choose an existing Platinum/hg-engine animation analog or build/adapt a new DS animation during implementation","No animation was guessed or inferred from move type/name.","manifests/URANIUM_DS_ANIMATION_PASS_05.csv"
"LASERPULSE","Laser Pulse","Laser Pulse","Pokemon Uranium 1.3.1 (via uranium-mining PBS)","eriedaberrie/uranium-mining","33e18f15c892e431f2d188363daba64bd51406b4","pbs/moves.txt","Normal","Special","90","100","20","Deals damage and randomly becomes Fire-, Electric-, or Ice-type when used. Uranium also treats it as a pulse move for Mega Launcher.","0 (normal priority)","One Pokémon other than the user","No","Uranium flags: bef","20% where the listed secondary effect applies","","","","","","","","The user attack with a laser that cycles between Fire, Electric and Ice types","None noted.","complete","Source-verified against Pokémon Uranium 1.3.1 move data from the pinned uranium-mining PBS snapshot; publicly documented Uranium mechanics were used where the PBS description alone was incomplete.","animation data not included in uranium-mining PBS snapshot","The authoritative Uranium 1.3.1 PBS extraction contains move mechanics but no battle-animation database, assets, or per-move animation mapping.","no source-certified DS animation mapping","","","choose an existing Platinum/hg-engine animation analog or build/adapt a new DS animation during implementation","No animation was guessed or inferred from move type/name.","manifests/URANIUM_DS_ANIMATION_PASS_05.csv"
"GEMSTONEGLIMMER","Gemstone Glimmer","Gemstone Glimmer","Pokemon Uranium 1.3.1 (via uranium-mining PBS)","eriedaberrie/uranium-mining","33e18f15c892e431f2d188363daba64bd51406b4","pbs/moves.txt","Rock","Special","75","95","15","Deals damage to all opposing Pokémon and has a 25% chance to lower each affected target's Accuracy by 1 stage.","0 (normal priority)","All opposing Pokémon","No","Uranium flags: bf","25% where the listed secondary effect applies","","25% chance to lower the target's Accuracy by 1 stage","","","","","","Unleashes a blinding light from its body. May lower the foe's accuracy.","None noted.","complete","Source-verified against Pokémon Uranium 1.3.1 move data from the pinned uranium-mining PBS snapshot; publicly documented Uranium mechanics were used where the PBS description alone was incomplete.","animation data not included in uranium-mining PBS snapshot","The authoritative Uranium 1.3.1 PBS extraction contains move mechanics but no battle-animation database, assets, or per-move animation mapping.","no source-certified DS animation mapping","","","choose an existing Platinum/hg-engine animation analog or build/adapt a new DS animation during implementation","No animation was guessed or inferred from move type/name.","manifests/URANIUM_DS_ANIMATION_PASS_05.csv"
"HALFLIFE","Half-life","Half-life","Pokemon Uranium 1.3.1 (via uranium-mining PBS)","eriedaberrie/uranium-mining","33e18f15c892e431f2d188363daba64bd51406b4","pbs/moves.txt","Nuclear","Special","1","90","10","Cuts the target's current HP in half instead of using a normal damage calculation.","0 (normal priority)","One Pokémon other than the user","No","Uranium flags: bf","No separate chance-based secondary effect","","","","","","","","It cuts the target's HP to half.","None noted.","complete","Source-verified against Pokémon Uranium 1.3.1 move data from the pinned uranium-mining PBS snapshot; publicly documented Uranium mechanics were used where the PBS description alone was incomplete.","animation data not included in uranium-mining PBS snapshot","The authoritative Uranium 1.3.1 PBS extraction contains move mechanics but no battle-animation database, assets, or per-move animation mapping.","no source-certified DS animation mapping","","","choose an existing Platinum/hg-engine animation analog or build/adapt a new DS animation during implementation","No animation was guessed or inferred from move type/name.","manifests/URANIUM_DS_ANIMATION_PASS_05.csv"
"OCEANSWRATH","Ocean's Wrath","Ocean's Wrath","Pokemon Uranium 1.3.1 (via uranium-mining PBS)","eriedaberrie/uranium-mining","33e18f15c892e431f2d188363daba64bd51406b4","pbs/moves.txt","Water","Special","90","100","15","Deals damage and partially traps the target for multiple turns, preventing normal switching and dealing residual damage while trapped.","0 (normal priority)","One Pokémon other than the user","No","Uranium flags: bef","No separate chance-based secondary effect","","","Partial-trapping effect lasts 4–5 turns","","","Target is partially trapped during the binding effect.","","Traps foes in a giant whirlpool for four to five turns.","None noted.","complete","Source-verified against Pokémon Uranium 1.3.1 move data from the pinned uranium-mining PBS snapshot; publicly documented Uranium mechanics were used where the PBS description alone was incomplete.","animation data not included in uranium-mining PBS snapshot","The authoritative Uranium 1.3.1 PBS extraction contains move mechanics but no battle-animation database, assets, or per-move animation mapping.","no source-certified DS animation mapping","","","choose an existing Platinum/hg-engine animation analog or build/adapt a new DS animation during implementation","No animation was guessed or inferred from move type/name.","manifests/URANIUM_DS_ANIMATION_PASS_05.csv"
"FISSIONBURST","Fission Burst","Fission Burst","Pokemon Uranium 1.3.1 (via uranium-mining PBS)","eriedaberrie/uranium-mining","33e18f15c892e431f2d188363daba64bd51406b4","pbs/moves.txt","Nuclear","Physical","150","100","5","Deals damage to every nearby Pokémon except the user, then the user faints.","0 (normal priority)","All nearby Pokémon except the user","No","Uranium flags: bef","No separate chance-based secondary effect","","","","The user faints after using the move","","","","The user explodes to inflict damage on those around it. The user faints upon using this move.","None noted.","complete","Source-verified against Pokémon Uranium 1.3.1 move data from the pinned uranium-mining PBS snapshot; publicly documented Uranium mechanics were used where the PBS description alone was incomplete.","animation data not included in uranium-mining PBS snapshot","The authoritative Uranium 1.3.1 PBS extraction contains move mechanics but no battle-animation database, assets, or per-move animation mapping.","no source-certified DS animation mapping","","","choose an existing Platinum/hg-engine animation analog or build/adapt a new DS animation during implementation","No animation was guessed or inferred from move type/name.","manifests/URANIUM_DS_ANIMATION_PASS_05.csv"
"CAUSTICBREATH","Caustic Breath","Caustic Breath","Pokemon Uranium 1.3.1 (via uranium-mining PBS)","eriedaberrie/uranium-mining","33e18f15c892e431f2d188363daba64bd51406b4","pbs/moves.txt","Dragon","Special","60","100","10","Deals damage to all opposing Pokémon and always lowers each target's Defense and Special Defense by 1 stage.","0 (normal priority)","One Pokémon other than the user","No","Uranium flags: bef","100% where the listed secondary effect applies","","Lowers Defense and Special Defense by 1 stage","","","","","","The user damages opposing Pokémon and lower its defense and special defense.","None noted.","complete","Source-verified against Pokémon Uranium 1.3.1 move data from the pinned uranium-mining PBS snapshot; publicly documented Uranium mechanics were used where the PBS description alone was incomplete.","animation data not included in uranium-mining PBS snapshot","The authoritative Uranium 1.3.1 PBS extraction contains move mechanics but no battle-animation database, assets, or per-move animation mapping.","no source-certified DS animation mapping","","","choose an existing Platinum/hg-engine animation analog or build/adapt a new DS animation during implementation","No animation was guessed or inferred from move type/name.","manifests/URANIUM_DS_ANIMATION_PASS_05.csv"
"NUCLEARSLASH","Nuclear Slash","Nuclear Slash","Pokemon Uranium 1.3.1 (via uranium-mining PBS)","eriedaberrie/uranium-mining","33e18f15c892e431f2d188363daba64bd51406b4","pbs/moves.txt","Nuclear","Physical","55","90","20","Deals damage and has an increased critical-hit ratio.","0 (normal priority)","One Pokémon other than the user","Yes","Uranium flags: abefh","No separate chance-based secondary effect","","","","","","","","The target is attacked with a slash of claws or blades. Critical hits land more easily.","None noted.","complete","Source-verified against Pokémon Uranium 1.3.1 move data from the pinned uranium-mining PBS snapshot; publicly documented Uranium mechanics were used where the PBS description alone was incomplete.","animation data not included in uranium-mining PBS snapshot","The authoritative Uranium 1.3.1 PBS extraction contains move mechanics but no battle-animation database, assets, or per-move animation mapping.","no source-certified DS animation mapping","","","choose an existing Platinum/hg-engine animation analog or build/adapt a new DS animation during implementation","No animation was guessed or inferred from move type/name.","manifests/URANIUM_DS_ANIMATION_PASS_05.csv"
"THUNDERSTORM","Thunderstorm","Thunderstorm","Pokemon Uranium 1.3.1 (via uranium-mining PBS)","eriedaberrie/uranium-mining","33e18f15c892e431f2d188363daba64bd51406b4","pbs/moves.txt","Electric","Status","0","0","10","Creates Thunderstorm weather for 5 turns. Every other turn, it damages battlers that are not Ground- or Electric-type.","0 (normal priority)","Entire battlefield","No","Uranium flags: none recorded","No separate chance-based secondary effect","","","Weather lasts 5 turns","","","","Sets Thunderstorm weather; periodic Electric-effectiveness-based damage and an Electric-move power boost","Summons a five-turn thunderstorm to hurt all combatants except the Ground and Electric types every other turn.","None noted.","complete","Source-verified against Pokémon Uranium 1.3.1 move data from the pinned uranium-mining PBS snapshot; publicly documented Uranium mechanics were used where the PBS description alone was incomplete.","animation data not included in uranium-mining PBS snapshot","The authoritative Uranium 1.3.1 PBS extraction contains move mechanics but no battle-animation database, assets, or per-move animation mapping.","no source-certified DS animation mapping","","","choose an existing Platinum/hg-engine animation analog or build/adapt a new DS animation during implementation","No animation was guessed or inferred from move type/name.","manifests/URANIUM_DS_ANIMATION_PASS_05.csv"
"SUDDENSTRIKE","Sudden Strike","Sudden Strike","Pokemon Uranium 1.3.1 (via uranium-mining PBS)","eriedaberrie/uranium-mining","33e18f15c892e431f2d188363daba64bd51406b4","pbs/moves.txt","Dark","Physical","40","100","30","Deals 40 base-power Dark-type physical damage with 100% accuracy and 30 PP. It has +1 priority and makes contact. No additional secondary effect is documented.","1 (+1 priority)","One Pokémon other than the user","Yes","Uranium flags: abef","No separate chance-based secondary effect","","","","","","","","The user strikes the target in a sudden burst of speed.","None noted.","complete","Source-verified against Pokémon Uranium 1.3.1 move data from the pinned uranium-mining PBS snapshot; publicly documented Uranium mechanics were used where the PBS description alone was incomplete.","animation data not included in uranium-mining PBS snapshot","The authoritative Uranium 1.3.1 PBS extraction contains move mechanics but no battle-animation database, assets, or per-move animation mapping.","no source-certified DS animation mapping","","","choose an existing Platinum/hg-engine animation analog or build/adapt a new DS animation during implementation","No animation was guessed or inferred from move type/name.","manifests/URANIUM_DS_ANIMATION_PASS_05.csv"
"EXPUNGE","Expunge","Expunge","Pokemon Uranium 1.3.1 (via uranium-mining PBS)","eriedaberrie/uranium-mining","33e18f15c892e431f2d188363daba64bd51406b4","pbs/moves.txt","Nuclear","Special","110","70","5","Deals damage and deals extra damage to Nuclear-type targets.","0 (normal priority)","One Pokémon other than the user","No","Uranium flags: be","No separate chance-based secondary effect","","","","","","","Accuracy becomes 100% during Nuclear Fallout.","Purges the foe of impurities, dealing extra damage to Nuclear types.","None noted.","complete","Source-verified against Pokémon Uranium 1.3.1 move data from the pinned uranium-mining PBS snapshot; publicly documented Uranium mechanics were used where the PBS description alone was incomplete.","animation data not included in uranium-mining PBS snapshot","The authoritative Uranium 1.3.1 PBS extraction contains move mechanics but no battle-animation database, assets, or per-move animation mapping.","no source-certified DS animation mapping","","","choose an existing Platinum/hg-engine animation analog or build/adapt a new DS animation during implementation","No animation was guessed or inferred from move type/name.","manifests/URANIUM_DS_ANIMATION_PASS_05.csv"
"FALLOUT","Fallout","Fallout","Pokemon Uranium 1.3.1 (via uranium-mining PBS)","eriedaberrie/uranium-mining","33e18f15c892e431f2d188363daba64bd51406b4","pbs/moves.txt","Nuclear","Status","0","0","10","Creates Nuclear Fallout for 5 turns. At the end of each turn, it damages battlers that are not Nuclear- or Steel-type.","0 (normal priority)","Entire battlefield","No","Uranium flags: none recorded","No separate chance-based secondary effect","","","Weather lasts 5 turns","","","","Sets Nuclear Fallout; damages non-Nuclear, non-Steel Pokémon each turn","Summons a five-turn nuclear fallout to hurt all combatants except the Nuclear and Steel types every turn.","None noted.","complete","Source-verified against Pokémon Uranium 1.3.1 move data from the pinned uranium-mining PBS snapshot; publicly documented Uranium mechanics were used where the PBS description alone was incomplete.","animation data not included in uranium-mining PBS snapshot","The authoritative Uranium 1.3.1 PBS extraction contains move mechanics but no battle-animation database, assets, or per-move animation mapping.","no source-certified DS animation mapping","","","choose an existing Platinum/hg-engine animation analog or build/adapt a new DS animation during implementation","No animation was guessed or inferred from move type/name.","manifests/URANIUM_DS_ANIMATION_PASS_05.csv"
"PROTONBEAM","Proton Beam","Proton Beam","Pokemon Uranium 1.3.1 (via uranium-mining PBS)","eriedaberrie/uranium-mining","33e18f15c892e431f2d188363daba64bd51406b4","pbs/moves.txt","Nuclear","Special","100","90","5","Deals damage, then lowers the user's Special Attack by 2 stages.","0 (normal priority)","One Pokémon other than the user","No","Uranium flags: bef","No separate chance-based secondary effect","","Lowers the user's Special Attack by 2 stages after attacking","","","","","","The user attacks the target at full power. The attack's recoil sharply reduces the user's Sp. Atk stat.","None noted.","complete","Source-verified against Pokémon Uranium 1.3.1 move data from the pinned uranium-mining PBS snapshot; publicly documented Uranium mechanics were used where the PBS description alone was incomplete.","animation data not included in uranium-mining PBS snapshot","The authoritative Uranium 1.3.1 PBS extraction contains move mechanics but no battle-animation database, assets, or per-move animation mapping.","no source-certified DS animation mapping","","","choose an existing Platinum/hg-engine animation analog or build/adapt a new DS animation during implementation","No animation was guessed or inferred from move type/name.","manifests/URANIUM_DS_ANIMATION_PASS_05.csv"
"INFERNALBLADE","Infernal Blade","Infernal Blade","Pokemon Uranium 1.3.1 (via uranium-mining PBS)","eriedaberrie/uranium-mining","33e18f15c892e431f2d188363daba64bd51406b4","pbs/moves.txt","Fire","Physical","90","95","10","Deals damage, is super effective against Fairy-type targets, and has a 10% chance to burn the target.","0 (normal priority)","One Pokémon other than the user","Yes","Uranium flags: abeg","10% where the listed secondary effect applies","10% chance to burn the target","","","","","","","The user slashes the foe with cursed fire, hits Fairy-type for super effective damage and may also cause burn.","None noted.","complete","Source-verified against Pokémon Uranium 1.3.1 move data from the pinned uranium-mining PBS snapshot; publicly documented Uranium mechanics were used where the PBS description alone was incomplete.","animation data not included in uranium-mining PBS snapshot","The authoritative Uranium 1.3.1 PBS extraction contains move mechanics but no battle-animation database, assets, or per-move animation mapping.","no source-certified DS animation mapping","","","choose an existing Platinum/hg-engine animation analog or build/adapt a new DS animation during implementation","No animation was guessed or inferred from move type/name.","manifests/URANIUM_DS_ANIMATION_PASS_05.csv"
"QUANTUMLEAP","Quantum Leap","Quantum Leap","Pokemon Uranium 1.3.1 (via uranium-mining PBS)","eriedaberrie/uranium-mining","33e18f15c892e431f2d188363daba64bd51406b4","pbs/moves.txt","Nuclear","Physical","100","100","5","A two-turn attack. The user vanishes on the first turn and strikes on the second turn.","0 (normal priority)","One Pokémon other than the user","Yes","Uranium flags: aef","No separate chance-based secondary effect","","","Two-turn move; attacks on turn 2","","","","","The user vanishes in the first turn and attacks the foe with full power in the next one.","None noted.","complete","Source-verified against Pokémon Uranium 1.3.1 move data from the pinned uranium-mining PBS snapshot; publicly documented Uranium mechanics were used where the PBS description alone was incomplete.","animation data not included in uranium-mining PBS snapshot","The authoritative Uranium 1.3.1 PBS extraction contains move mechanics but no battle-animation database, assets, or per-move animation mapping.","no source-certified DS animation mapping","","","choose an existing Platinum/hg-engine animation analog or build/adapt a new DS animation during implementation","No animation was guessed or inferred from move type/name.","manifests/URANIUM_DS_ANIMATION_PASS_05.csv"
"METALCRUNCHER","Metal Cruncher","Metal Cruncher","Pokemon Uranium 1.3.1 (via uranium-mining PBS)","eriedaberrie/uranium-mining","33e18f15c892e431f2d188363daba64bd51406b4","pbs/moves.txt","Steel","Physical","120","85","5","Deals damage and has a 70% chance to lower the target's Defense by 1 stage.","0 (normal priority)","One Pokémon other than the user","Yes","Uranium flags: abe","70% where the listed secondary effect applies","","70% chance to lower the target's Defense by 1 stage","","","","","","The user crunches up the target with metal fangs. It has a high chance of lowering the target's Defense.","None noted.","complete","Source-verified against Pokémon Uranium 1.3.1 move data from the pinned uranium-mining PBS snapshot; publicly documented Uranium mechanics were used where the PBS description alone was incomplete.","animation data not included in uranium-mining PBS snapshot","The authoritative Uranium 1.3.1 PBS extraction contains move mechanics but no battle-animation database, assets, or per-move animation mapping.","no source-certified DS animation mapping","","","choose an existing Platinum/hg-engine animation analog or build/adapt a new DS animation during implementation","No animation was guessed or inferred from move type/name.","manifests/URANIUM_DS_ANIMATION_PASS_05.csv"
"DRAINLIFE","Drain Life","Drain Life","Pokemon Uranium 1.3.1 (via uranium-mining PBS)","eriedaberrie/uranium-mining","33e18f15c892e431f2d188363daba64bd51406b4","pbs/moves.txt","Dark","Physical","75","100","10","Deals damage and restores the user's HP by 50% of the damage dealt.","0 (normal priority)","One Pokémon other than the user","Yes","Uranium flags: abe","No separate chance-based secondary effect","","","","","Heals the user for 50% of damage dealt","","","The user drains the foe's energy with its fangs. The user's HP is restored by half the damage inflicted.","None noted.","complete","Source-verified against Pokémon Uranium 1.3.1 move data from the pinned uranium-mining PBS snapshot; publicly documented Uranium mechanics were used where the PBS description alone was incomplete.","animation data not included in uranium-mining PBS snapshot","The authoritative Uranium 1.3.1 PBS extraction contains move mechanics but no battle-animation database, assets, or per-move animation mapping.","no source-certified DS animation mapping","","","choose an existing Platinum/hg-engine animation analog or build/adapt a new DS animation during implementation","No animation was guessed or inferred from move type/name.","manifests/URANIUM_DS_ANIMATION_PASS_05.csv"
"STICKYTERRAIN","Sticky Terrain","Sticky Terrain","Pokemon Uranium 1.3.1 (via uranium-mining PBS)","eriedaberrie/uranium-mining","33e18f15c892e431f2d188363daba64bd51406b4","pbs/moves.txt","Poison","Status","0","0","10","Creates Sticky Terrain for 5 turns. While it is active, priority moves do not work.","0 (normal priority)","Entire battlefield","No","Uranium flags: m","No separate chance-based secondary effect","","","Terrain lasts 5 turns","","","","Sets Sticky Terrain; priority moves fail while active","The user makes the ground all slimy and gooey for five turns. Priority attacks won't work.","None noted.","complete","Source-verified against Pokémon Uranium 1.3.1 move data from the pinned uranium-mining PBS snapshot; publicly documented Uranium mechanics were used where the PBS description alone was incomplete.","animation data not included in uranium-mining PBS snapshot","The authoritative Uranium 1.3.1 PBS extraction contains move mechanics but no battle-animation database, assets, or per-move animation mapping.","no source-certified DS animation mapping","","","choose an existing Platinum/hg-engine animation analog or build/adapt a new DS animation during implementation","No animation was guessed or inferred from move type/name.","manifests/URANIUM_DS_ANIMATION_PASS_05.csv"
"NUCLEARWIND","Nuclear Wind","Nuclear Wind","Pokemon Uranium 1.3.1 (via uranium-mining PBS)","eriedaberrie/uranium-mining","33e18f15c892e431f2d188363daba64bd51406b4","pbs/moves.txt","Nuclear","Special","65","95","10","Deals 65 base-power Nuclear-type special damage with 95% accuracy and 10 PP to the opposing side. The custom move is associated with a chance to start Nuclear Fallout weather. A later Uranium-derived implementation records that weather chance as 5% (1 in 20), while the pinned 1.3.1 PBS row contains the numeric value 3 in its effect-chance field. Because those sources disagree, the approval sheet records the conflict instead of pretending the percentage is settled.","0 (normal priority)","all opposing Pokémon / spread target (source target code 04)","No","Uranium flags: bef","Source-version conflict: later Uranium-derived implementation = 5%; pinned PBS chance field = 3","","","","","","","Can start Nuclear Fallout weather","The user emits radiation from its body and uses its powerful wings to launch fallout at its foes.","","complete","Verified against the pinned uranium-mining PBS and published Pokémon Uranium move references.","animation data not included in uranium-mining PBS snapshot","The authoritative Uranium 1.3.1 PBS extraction contains move mechanics but no battle-animation database, assets, or per-move animation mapping.","no source-certified DS animation mapping","","","choose an existing Platinum/hg-engine animation analog or build/adapt a new DS animation during implementation","No animation was guessed or inferred from move type/name.","manifests/URANIUM_DS_ANIMATION_PASS_05.csv"
"ACHILLESHEEL","Achilles Heel","Achilles Heel","Pokemon Insurgence (via Insurgence-Showdown)","Poilerwags/Insurgence-Showdown","72d72a7af4642d3c8391ab1118f0afbb2647020b","data/moves.ts","Normal","Physical","45","100","15","Deals damage and super-effective against any non-immune the target.","0","One adjacent Pokémon","Yes","contact, protect, mirror","","","","","","","","","","","complete","Source-verified against the pinned Insurgence-Showdown move definition and its custom callbacks.","battle-simulator mechanics only; no Nintendo DS animation supplied","The audited Insurgence-Showdown repository is a battle-simulator mechanics source and contains no move-animation assets or per-move animation mappings.","no source animation evidence","","","choose an existing Platinum/hg-engine DS animation analog or build/adapt a new DS animation during implementation","Repository-wide searches for animation, move animation, battle animation, and anim returned no source evidence for these custom moves. No animation was guessed.","manifests/INSURGENCE_DS_ANIMATION_PASS_06.csv"
"ANCIENTROAR","Ancient Roar","Ancient Roar","Pokemon Insurgence (via Insurgence-Showdown)","Poilerwags/Insurgence-Showdown","72d72a7af4642d3c8391ab1118f0afbb2647020b","data/moves.ts","Rock","Special","80","100","15","Deals damage. Sound move; bypasses Substitute.","0","One adjacent Pokémon","No","protect, mirror, sound, bypasssub","","","","","","","","","","","complete","Source-verified against the pinned Insurgence-Showdown move definition and its custom callbacks.","battle-simulator mechanics only; no Nintendo DS animation supplied","The audited Insurgence-Showdown repository is a battle-simulator mechanics source and contains no move-animation assets or per-move animation mappings.","no source animation evidence","","","choose an existing Platinum/hg-engine DS animation analog or build/adapt a new DS animation during implementation","Repository-wide searches for animation, move animation, battle animation, and anim returned no source evidence for these custom moves. No animation was guessed.","manifests/INSURGENCE_DS_ANIMATION_PASS_06.csv"
"CORRODE","Corrode","Corrode","Pokemon Insurgence (via Insurgence-Showdown)","Poilerwags/Insurgence-Showdown","72d72a7af4642d3c8391ab1118f0afbb2647020b","data/moves.ts","Poison","Special","70","100","10","Deals damage and Poison ignores its normal immunity and treats Steel as super-effective.","0","All adjacent Pokémon","No","protect, mirror","","","","","","","","","","","complete","Source-verified against the pinned Insurgence-Showdown move definition and its custom callbacks.","battle-simulator mechanics only; no Nintendo DS animation supplied","The audited Insurgence-Showdown repository is a battle-simulator mechanics source and contains no move-animation assets or per-move animation mappings.","no source animation evidence","","","choose an existing Platinum/hg-engine DS animation analog or build/adapt a new DS animation during implementation","Repository-wide searches for animation, move animation, battle animation, and anim returned no source evidence for these custom moves. No animation was guessed.","manifests/INSURGENCE_DS_ANIMATION_PASS_06.csv"
"CRYSTALRUSH","Crystal Rush","Crystal Rush","Pokemon Insurgence (via Insurgence-Showdown)","Poilerwags/Insurgence-Showdown","72d72a7af4642d3c8391ab1118f0afbb2647020b","data/moves.ts","Crystal","Physical","45","100","30","Deals 45 base-power Crystal-type physical damage with 100% accuracy and 30 PP. It makes contact and has +1 priority. No additional secondary effect is documented.","1","One adjacent Pokémon","Yes","contact, protect, mirror","","","","","","","","","","","complete","Source-verified against the pinned Insurgence-Showdown move definition and its custom callbacks.","battle-simulator mechanics only; no Nintendo DS animation supplied","The audited Insurgence-Showdown repository is a battle-simulator mechanics source and contains no move-animation assets or per-move animation mappings.","no source animation evidence","","","choose an existing Platinum/hg-engine DS animation analog or build/adapt a new DS animation during implementation","Repository-wide searches for animation, move animation, battle animation, and anim returned no source evidence for these custom moves. No animation was guessed.","manifests/INSURGENCE_DS_ANIMATION_PASS_06.csv"
"DARKMATTER","Dark Matter","Dark Matter","Pokemon Insurgence (via Insurgence-Showdown)","Poilerwags/Insurgence-Showdown","72d72a7af4642d3c8391ab1118f0afbb2647020b","data/moves.ts","Dark","Special","150","90","5","Deals damage and user must recharge next turn.","0","One adjacent Pokémon","No","recharge, protect, mirror","","","","","","","","","","","complete","Source-verified against the pinned Insurgence-Showdown move definition and its custom callbacks.","battle-simulator mechanics only; no Nintendo DS animation supplied","The audited Insurgence-Showdown repository is a battle-simulator mechanics source and contains no move-animation assets or per-move animation mappings.","no source animation evidence","","","choose an existing Platinum/hg-engine DS animation analog or build/adapt a new DS animation during implementation","Repository-wide searches for animation, move animation, battle animation, and anim returned no source evidence for these custom moves. No animation was guessed.","manifests/INSURGENCE_DS_ANIMATION_PASS_06.csv"
"DRACOJET","Draco Jet","Draco Jet","Pokemon Insurgence (via Insurgence-Showdown)","Poilerwags/Insurgence-Showdown","72d72a7af4642d3c8391ab1118f0afbb2647020b","data/moves.ts","Dragon","Physical","40","100","20","Deals 40 base-power Dragon-type physical damage with 100% accuracy and 20 PP. It makes contact and has +1 priority. No additional secondary effect is documented.","1","One adjacent Pokémon","Yes","contact, protect, mirror","","","","","","","","","","","complete","Source-verified against the pinned Insurgence-Showdown move definition and its custom callbacks.","battle-simulator mechanics only; no Nintendo DS animation supplied","The audited Insurgence-Showdown repository is a battle-simulator mechanics source and contains no move-animation assets or per-move animation mappings.","no source animation evidence","","","choose an existing Platinum/hg-engine DS animation analog or build/adapt a new DS animation during implementation","Repository-wide searches for animation, move animation, battle animation, and anim returned no source evidence for these custom moves. No animation was guessed.","manifests/INSURGENCE_DS_ANIMATION_PASS_06.csv"
"DRAGONIFY","Dragonify","Dragonify","Pokemon Insurgence (via Insurgence-Showdown)","Poilerwags/Insurgence-Showdown","72d72a7af4642d3c8391ab1118f0afbb2647020b","data/moves.ts","Dragon","Status","0","100","20","Changes the target's type to Dragon.","0","One adjacent Pokémon","No","protect, reflectable, mirror, allyanim","","","","","","","","","","","complete","Source-verified against the pinned Insurgence-Showdown move definition and its custom callbacks.","battle-simulator mechanics only; no Nintendo DS animation supplied","The audited Insurgence-Showdown repository is a battle-simulator mechanics source and contains no move-animation assets or per-move animation mappings.","no source animation evidence","","","choose an existing Platinum/hg-engine DS animation analog or build/adapt a new DS animation during implementation","Repository-wide searches for animation, move animation, battle animation, and anim returned no source evidence for these custom moves. No animation was guessed.","manifests/INSURGENCE_DS_ANIMATION_PASS_06.csv"
"DRAKONVOICE","Drakon Voice","Drakon Voice","Pokemon Insurgence (via Insurgence-Showdown)","Poilerwags/Insurgence-Showdown","72d72a7af4642d3c8391ab1118f0afbb2647020b","data/moves.ts","Dragon","Special","105","85","10","Spread damage to all adjacent foes. Sound move; bypasses Substitute.","0","All adjacent foes","No","protect, mirror, sound, bypasssub","","","","","","","","","","","complete","Source-verified against the pinned Insurgence-Showdown move definition and its custom callbacks.","battle-simulator mechanics only; no Nintendo DS animation supplied","The audited Insurgence-Showdown repository is a battle-simulator mechanics source and contains no move-animation assets or per-move animation mappings.","no source animation evidence","","","choose an existing Platinum/hg-engine DS animation analog or build/adapt a new DS animation during implementation","Repository-wide searches for animation, move animation, battle animation, and anim returned no source evidence for these custom moves. No animation was guessed.","manifests/INSURGENCE_DS_ANIMATION_PASS_06.csv"
"JETSTREAM","Jet Stream","Jet Stream","Pokemon Insurgence (via Insurgence-Showdown)","Poilerwags/Insurgence-Showdown","72d72a7af4642d3c8391ab1118f0afbb2647020b","data/moves.ts","Dragon","Status","0","0","30","Creates a 2-turn ally-side condition that raises move priority by 1.","0","User's side","No","snatch, wind","","","","","","","","","","","complete","Source-verified against the pinned Insurgence-Showdown move definition and its custom callbacks.","battle-simulator mechanics only; no Nintendo DS animation supplied","The audited Insurgence-Showdown repository is a battle-simulator mechanics source and contains no move-animation assets or per-move animation mappings.","no source animation evidence","","","choose an existing Platinum/hg-engine DS animation analog or build/adapt a new DS animation during implementation","Repository-wide searches for animation, move animation, battle animation, and anim returned no source evidence for these custom moves. No animation was guessed.","manifests/INSURGENCE_DS_ANIMATION_PASS_06.csv"
"LIVEWIRE","Livewire","Livewire","Pokemon Insurgence (via Insurgence-Showdown)","Poilerwags/Insurgence-Showdown","72d72a7af4642d3c8391ab1118f0afbb2647020b","data/moves.ts","Electric","Status","0","0","20","Sets a stackable foe-side switch-in hazard that can paralyze grounded entrants; stronger in rain; up to 5 layers. Grounded Electric/Ground entrants remove it; Heavy-Duty Boots avoid it.","0","Opposing side","No","reflectable, nonsky","","","","","","","","","","","complete","Source-verified against the pinned Insurgence-Showdown move definition and its custom callbacks.","battle-simulator mechanics only; no Nintendo DS animation supplied","The audited Insurgence-Showdown repository is a battle-simulator mechanics source and contains no move-animation assets or per-move animation mappings.","no source animation evidence","","","choose an existing Platinum/hg-engine DS animation analog or build/adapt a new DS animation during implementation","Repository-wide searches for animation, move animation, battle animation, and anim returned no source evidence for these custom moves. No animation was guessed.","manifests/INSURGENCE_DS_ANIMATION_PASS_06.csv"
"LUNARCANNON","Lunar Cannon","Lunar Cannon","Pokemon Insurgence (via Insurgence-Showdown)","Poilerwags/Insurgence-Showdown","72d72a7af4642d3c8391ab1118f0afbb2647020b","data/moves.ts","Dark","Special","105","100","10","Two-turn attack; charges first and strikes second. Executes immediately during New Moon weather.","0","One adjacent Pokémon","No","charge, protect, mirror","","","","","","","","","","","complete","Source-verified against the pinned Insurgence-Showdown move definition and its custom callbacks.","battle-simulator mechanics only; no Nintendo DS animation supplied","The audited Insurgence-Showdown repository is a battle-simulator mechanics source and contains no move-animation assets or per-move animation mappings.","no source animation evidence","","","choose an existing Platinum/hg-engine DS animation analog or build/adapt a new DS animation during implementation","Repository-wide searches for animation, move animation, battle animation, and anim returned no source evidence for these custom moves. No animation was guessed.","manifests/INSURGENCE_DS_ANIMATION_PASS_06.csv"
"MEDUSARAY","Medusa Ray","Medusa Ray","Pokemon Insurgence (via Insurgence-Showdown)","Poilerwags/Insurgence-Showdown","72d72a7af4642d3c8391ab1118f0afbb2647020b","data/moves.ts","Rock","Status","0","100","20","A Rock-type status move with 100% accuracy and 20 PP. If it succeeds, the target's typing is replaced with pure Rock. It is reflectable by Magic Coat/Magic Bounce-style effects in the source.","0","One adjacent Pokémon","No","protect, reflectable, mirror, allyanim","","","","","","","","","","","complete","Source-verified against the pinned Insurgence-Showdown move definition and its custom callbacks.","battle-simulator mechanics only; no Nintendo DS animation supplied","The audited Insurgence-Showdown repository is a battle-simulator mechanics source and contains no move-animation assets or per-move animation mappings.","no source animation evidence","","","choose an existing Platinum/hg-engine DS animation analog or build/adapt a new DS animation during implementation","Repository-wide searches for animation, move animation, battle animation, and anim returned no source evidence for these custom moves. No animation was guessed.","manifests/INSURGENCE_DS_ANIMATION_PASS_06.csv"
"MORPH","Morph","Morph","Pokemon Insurgence (via Insurgence-Showdown)","Poilerwags/Insurgence-Showdown","72d72a7af4642d3c8391ab1118f0afbb2647020b","data/moves.ts","Normal","Status","0","0","10","A Normal-type status move with 10 PP that transforms the user into the selected target, copying the target's battle form and Transform-style battle properties according to the source implementation. It does not deal damage.","0","One adjacent Pokémon","No","allyanim","","","","","","","","","","","complete","Source-verified against the pinned Insurgence-Showdown move definition and its custom callbacks.","battle-simulator mechanics only; no Nintendo DS animation supplied","The audited Insurgence-Showdown repository is a battle-simulator mechanics source and contains no move-animation assets or per-move animation mappings.","no source animation evidence","","","choose an existing Platinum/hg-engine DS animation analog or build/adapt a new DS animation during implementation","Repository-wide searches for animation, move animation, battle animation, and anim returned no source evidence for these custom moves. No animation was guessed.","manifests/INSURGENCE_DS_ANIMATION_PASS_06.csv"
"NANOREPAIR","Nanorepair","Nanorepair","Pokemon Insurgence (via Insurgence-Showdown)","Poilerwags/Insurgence-Showdown","72d72a7af4642d3c8391ab1118f0afbb2647020b","data/moves.ts","Steel","Status","0","0","5","Heals 1/2 max HP and raises Defense by 1 stage.","0","User","No","snatch, heal","","","raises the target's Defense by 1 stage","","","","","","","","complete","Source-verified against the pinned Insurgence-Showdown move definition and its custom callbacks.","battle-simulator mechanics only; no Nintendo DS animation supplied","The audited Insurgence-Showdown repository is a battle-simulator mechanics source and contains no move-animation assets or per-move animation mappings.","no source animation evidence","","","choose an existing Platinum/hg-engine DS animation analog or build/adapt a new DS animation during implementation","Repository-wide searches for animation, move animation, battle animation, and anim returned no source evidence for these custom moves. No animation was guessed.","manifests/INSURGENCE_DS_ANIMATION_PASS_06.csv"
"NEWMOON","New Moon","New Moon","Pokemon Insurgence (via Insurgence-Showdown)","Poilerwags/Insurgence-Showdown","72d72a7af4642d3c8391ab1118f0afbb2647020b","data/moves.ts","Dark","Status","0","0","5","A Dark-type status move with 5 PP that sets Insurgence's New Moon weather across the battlefield. It does not deal direct damage. Other custom moves and mechanics can check for New Moon while it is active.","0","Entire battlefield","No","weather;target-all","","","","","","","","","","","complete","Source-verified against the pinned Insurgence-Showdown move definition and its custom callbacks.","battle-simulator mechanics only; no Nintendo DS animation supplied","The audited Insurgence-Showdown repository is a battle-simulator mechanics source and contains no move-animation assets or per-move animation mappings.","no source animation evidence","","","choose an existing Platinum/hg-engine DS animation analog or build/adapt a new DS animation during implementation","Repository-wide searches for animation, move animation, battle animation, and anim returned no source evidence for these custom moves. No animation was guessed.","manifests/INSURGENCE_DS_ANIMATION_PASS_06.csv"
"PERMAFROST","Permafrost","Permafrost","Pokemon Insurgence (via Insurgence-Showdown)","Poilerwags/Insurgence-Showdown","72d72a7af4642d3c8391ab1118f0afbb2647020b","data/moves.ts","Ice","Status","0","0","15","Sets a stackable foe-side switch-in hazard that can freeze grounded entrants; stronger in hail; up to 5 layers. Grounded Ice/Fire entrants remove it; Heavy-Duty Boots avoid it.","0","Opposing side","No","reflectable, nonsky","","","","","","","","","","","complete","Source-verified against the pinned Insurgence-Showdown move definition and its custom callbacks.","battle-simulator mechanics only; no Nintendo DS animation supplied","The audited Insurgence-Showdown repository is a battle-simulator mechanics source and contains no move-animation assets or per-move animation mappings.","no source animation evidence","","","choose an existing Platinum/hg-engine DS animation analog or build/adapt a new DS animation during implementation","Repository-wide searches for animation, move animation, battle animation, and anim returned no source evidence for these custom moves. No animation was guessed.","manifests/INSURGENCE_DS_ANIMATION_PASS_06.csv"
"RETROGRADE","Retrograde","Retrograde","Pokemon Insurgence (via Insurgence-Showdown)","Poilerwags/Insurgence-Showdown","72d72a7af4642d3c8391ab1118f0afbb2647020b","data/moves.ts","Normal","Status","0","100","30","Reverts a Mega-Evolved the target to its base species/form.","0","One adjacent Pokémon","No","allyanim","","","","","","","","","","","complete","Source-verified against the pinned Insurgence-Showdown move definition and its custom callbacks.","battle-simulator mechanics only; no Nintendo DS animation supplied","The audited Insurgence-Showdown repository is a battle-simulator mechanics source and contains no move-animation assets or per-move animation mappings.","no source animation evidence","","","choose an existing Platinum/hg-engine DS animation analog or build/adapt a new DS animation during implementation","Repository-wide searches for animation, move animation, battle animation, and anim returned no source evidence for these custom moves. No animation was guessed.","manifests/INSURGENCE_DS_ANIMATION_PASS_06.csv"
"SPIRITAWAY","Spirit Away","Spirit Away","Pokemon Insurgence (via Insurgence-Showdown)","Poilerwags/Insurgence-Showdown","72d72a7af4642d3c8391ab1118f0afbb2647020b","data/moves.ts","Fairy","Physical","100","100","5","Hoopa-Delta-Unleashed-only two-turn carry/sky-drop-style attack. Target is carried off the field during the charge sequence.","0","One adjacent Pokémon","Yes","contact, charge, protect, mirror, distance","","","","","","","","","","","complete","Source-verified against the pinned Insurgence-Showdown move definition and its custom callbacks.","battle-simulator mechanics only; no Nintendo DS animation supplied","The audited Insurgence-Showdown repository is a battle-simulator mechanics source and contains no move-animation assets or per-move animation mappings.","no source animation evidence","","","choose an existing Platinum/hg-engine DS animation analog or build/adapt a new DS animation during implementation","Repository-wide searches for animation, move animation, battle animation, and anim returned no source evidence for these custom moves. No animation was guessed.","manifests/INSURGENCE_DS_ANIMATION_PASS_06.csv"
"STEALTHCOAL","Stealth Coal","Stealth Coal","Pokemon Insurgence (via Insurgence-Showdown)","Poilerwags/Insurgence-Showdown","72d72a7af4642d3c8391ab1118f0afbb2647020b","data/moves.ts","Fire","Status","0","0","20","Sets a Fire-type Stealth Rock-style switch-in hazard. Damage scales with Fire effectiveness; Heavy-Duty Boots avoid it.","0","Opposing side","No","reflectable","","","","","","","","","","","complete","Source-verified against the pinned Insurgence-Showdown move definition and its custom callbacks.","battle-simulator mechanics only; no Nintendo DS animation supplied","The audited Insurgence-Showdown repository is a battle-simulator mechanics source and contains no move-animation assets or per-move animation mappings.","no source animation evidence","","","choose an existing Platinum/hg-engine DS animation analog or build/adapt a new DS animation during implementation","Repository-wide searches for animation, move animation, battle animation, and anim returned no source evidence for these custom moves. No animation was guessed.","manifests/INSURGENCE_DS_ANIMATION_PASS_06.csv"
"WILDFIRE","Wildfire","Wildfire","Pokemon Insurgence (via Insurgence-Showdown)","Poilerwags/Insurgence-Showdown","72d72a7af4642d3c8391ab1118f0afbb2647020b","data/moves.ts","Fire","Status","0","70","10","Burns opposing targets. If a hit target is Grass-type, burn can spread to susceptible Pokémon on that side.","0","All adjacent foes","No","protect, reflectable, mirror","","burn","","","","","","","","","complete","Source-verified against the pinned Insurgence-Showdown move definition and its custom callbacks.","battle-simulator mechanics only; no Nintendo DS animation supplied","The audited Insurgence-Showdown repository is a battle-simulator mechanics source and contains no move-animation assets or per-move animation mappings.","no source animation evidence","","","choose an existing Platinum/hg-engine DS animation analog or build/adapt a new DS animation during implementation","Repository-wide searches for animation, move animation, battle animation, and anim returned no source evidence for these custom moves. No animation was guessed.","manifests/INSURGENCE_DS_ANIMATION_PASS_06.csv"
"WORMHOLE","Wormhole","Wormhole","Pokemon Insurgence (via Insurgence-Showdown)","Poilerwags/Insurgence-Showdown","72d72a7af4642d3c8391ab1118f0afbb2647020b","data/moves.ts","Psychic","Special","40","100","30","Deals 40 base-power Psychic-type special damage with 100% accuracy and 30 PP. It has +1 priority. No additional secondary effect is documented.","1","One adjacent Pokémon","No","protect, mirror","","","","","","","","","","","complete","Source-verified against the pinned Insurgence-Showdown move definition and its custom callbacks.","battle-simulator mechanics only; no Nintendo DS animation supplied","The audited Insurgence-Showdown repository is a battle-simulator mechanics source and contains no move-animation assets or per-move animation mappings.","no source animation evidence","","","choose an existing Platinum/hg-engine DS animation analog or build/adapt a new DS animation during implementation","Repository-wide searches for animation, move animation, battle animation, and anim returned no source evidence for these custom moves. No animation was guessed.","manifests/INSURGENCE_DS_ANIMATION_PASS_06.csv"
"ZOMBIESTRIKE","Zombie Strike","Zombie Strike","Pokemon Insurgence (via Insurgence-Showdown)","Poilerwags/Insurgence-Showdown","72d72a7af4642d3c8391ab1118f0afbb2647020b","data/moves.ts","Ghost","Physical","90","90","15","Deals damage with no additional secondary effect.","0 (normal priority)","One adjacent target","Yes","Contact; Protect-blocked","No secondary effect","None","None","","","","","","","","complete","Source-verified against the pinned Insurgence-Showdown move definition and its custom callbacks.","battle-simulator mechanics only; no Nintendo DS animation supplied","The audited Insurgence-Showdown repository is a battle-simulator mechanics source and contains no move-animation assets or per-move animation mappings.","no source animation evidence","","","choose an existing Platinum/hg-engine DS animation analog or build/adapt a new DS animation during implementation","Repository-wide searches for animation, move animation, battle animation, and anim returned no source evidence for these custom moves. No animation was guessed.","manifests/INSURGENCE_DS_ANIMATION_PASS_06.csv"
"SLEAZYSPORES","Sleazy Spores","Sleazy Spores","Pokemon Clover (via Clovermon Showdown)","Squeetz/clovermon-showdown","008196c839c1efe859e2d59c092c88370b7752d6","data/moves.ts","Grass","Status","0","0","10","Sets Sleazy Spores on the opposing side. Each switch-in that is affected by powder has its Speed lowered by 1 stage. Heavy-Duty Boots prevent the effect. If a Grass-type Pokémon switches in, Sleazy Spores are removed from that side.","0 (normal priority)","the opposing side","No","reflectable, powder","","","","","","","","","","","complete","Source-verified against the pinned Clovermon Showdown move definition and its custom callbacks.","battle-simulator mechanics only; no Nintendo DS animation supplied","The audited Clovermon Showdown repository is a battle-simulator mechanics source and contains no move-animation assets or per-move animation mappings.","no source animation evidence","","","choose an existing Platinum/hg-engine DS animation analog or build/adapt a new DS animation during implementation","Repository-wide searches for animation, move animation, battle animation, and anim returned no source evidence for these custom moves. No animation was guessed.","manifests/CLOVER_DS_ANIMATION_PASS_07.csv"
"SLIMEGULP","Slime Gulp","Slime Gulp","Pokemon Clover (via Clovermon Showdown)","Squeetz/clovermon-showdown","008196c839c1efe859e2d59c092c88370b7752d6","data/moves.ts","Poison","Physical","70","100","10","Deals damage and suppresses the target's Ability with a Gastro Acid-style effect unless that Ability is permanent. The Ability suppression is also applied if the hit is absorbed by a Substitute.","0 (normal priority)","one adjacent target","No","protect, mirror","","","","","","","","","","","complete","Source-verified against the pinned Clovermon Showdown move definition and its custom callbacks.","battle-simulator mechanics only; no Nintendo DS animation supplied","The audited Clovermon Showdown repository is a battle-simulator mechanics source and contains no move-animation assets or per-move animation mappings.","no source animation evidence","","","choose an existing Platinum/hg-engine DS animation analog or build/adapt a new DS animation during implementation","Repository-wide searches for animation, move animation, battle animation, and anim returned no source evidence for these custom moves. No animation was guessed.","manifests/CLOVER_DS_ANIMATION_PASS_07.csv"
"FRUITPUNCH","Fruit Punch","Fruit Punch","Pokemon Clover (via Clovermon Showdown)","Squeetz/clovermon-showdown","008196c839c1efe859e2d59c092c88370b7752d6","data/moves.ts","Fairy","Physical","75","100","15","Deals damage; 20% chance to lowers the target's Defense by 1 stage.","0 (normal priority)","one adjacent target","Yes","contact, protect, mirror, punch","20%","","","","","","","","","","complete","Source-verified against the pinned Clovermon Showdown move definition and its custom callbacks.","battle-simulator mechanics only; no Nintendo DS animation supplied","The audited Clovermon Showdown repository is a battle-simulator mechanics source and contains no move-animation assets or per-move animation mappings.","no source animation evidence","","","choose an existing Platinum/hg-engine DS animation analog or build/adapt a new DS animation during implementation","Repository-wide searches for animation, move animation, battle animation, and anim returned no source evidence for these custom moves. No animation was guessed.","manifests/CLOVER_DS_ANIMATION_PASS_07.csv"
"DRAGONFIST","Dragon Fist","Dragon Fist","Pokemon Clover (via Clovermon Showdown)","Squeetz/clovermon-showdown","008196c839c1efe859e2d59c092c88370b7752d6","data/moves.ts","Dragon","Physical","75","100","15","Deals damage; 10% chance to inflict paralysis.","0 (normal priority)","one adjacent target","Yes","contact, protect, mirror, punch","10%","","","","","","","","","","complete","Source-verified against the pinned Clovermon Showdown move definition and its custom callbacks.","battle-simulator mechanics only; no Nintendo DS animation supplied","The audited Clovermon Showdown repository is a battle-simulator mechanics source and contains no move-animation assets or per-move animation mappings.","no source animation evidence","","","choose an existing Platinum/hg-engine DS animation analog or build/adapt a new DS animation during implementation","Repository-wide searches for animation, move animation, battle animation, and anim returned no source evidence for these custom moves. No animation was guessed.","manifests/CLOVER_DS_ANIMATION_PASS_07.csv"
"LICKCLEAN","Lick Clean","Lick Clean","Pokemon Clover (via Clovermon Showdown)","Squeetz/clovermon-showdown","008196c839c1efe859e2d59c092c88370b7752d6","data/moves.ts","Water","Physical","40","100","20","Deals damage, removes all positive stat boosts from the target, and heals the user. The healing amount scales with the number of positive boost stages removed.","0 (normal priority)","one adjacent target","Yes","contact, protect, mirror","","","","","","","","","","","complete","Source-verified against the pinned Clovermon Showdown move definition and its custom callbacks.","battle-simulator mechanics only; no Nintendo DS animation supplied","The audited Clovermon Showdown repository is a battle-simulator mechanics source and contains no move-animation assets or per-move animation mappings.","no source animation evidence","","","choose an existing Platinum/hg-engine DS animation analog or build/adapt a new DS animation during implementation","Repository-wide searches for animation, move animation, battle animation, and anim returned no source evidence for these custom moves. No animation was guessed.","manifests/CLOVER_DS_ANIMATION_PASS_07.csv"
"SPEEDWEED","Speed Weed","Speed Weed","Pokemon Clover (via Clovermon Showdown)","Squeetz/clovermon-showdown","008196c839c1efe859e2d59c092c88370b7752d6","data/moves.ts","Grass","Physical","40","100","30","Deals 40 base-power Grass-type physical damage with 100% accuracy and 30 PP. It makes contact and has +1 priority. No additional secondary effect is defined in the pinned Clover source.","+1 (priority)","one adjacent target","Yes","contact, protect, mirror","","","","","","","","","","","complete","Source-verified against the pinned Clovermon Showdown move definition and its custom callbacks.","battle-simulator mechanics only; no Nintendo DS animation supplied","The audited Clovermon Showdown repository is a battle-simulator mechanics source and contains no move-animation assets or per-move animation mappings.","no source animation evidence","","","choose an existing Platinum/hg-engine DS animation analog or build/adapt a new DS animation during implementation","Repository-wide searches for animation, move animation, battle animation, and anim returned no source evidence for these custom moves. No animation was guessed.","manifests/CLOVER_DS_ANIMATION_PASS_07.csv"
"OVERBITE","Overbite","Overbite","Pokemon Clover (via Clovermon Showdown)","Squeetz/clovermon-showdown","008196c839c1efe859e2d59c092c88370b7752d6","data/moves.ts","Dark","Physical","150","100","5","Deals damage, then the user loses 50% of its maximum HP.","0 (normal priority)","one adjacent target","Yes","contact, protect, mirror","","","","","","","","","","","complete","Source-verified against the pinned Clovermon Showdown move definition and its custom callbacks.","battle-simulator mechanics only; no Nintendo DS animation supplied","The audited Clovermon Showdown repository is a battle-simulator mechanics source and contains no move-animation assets or per-move animation mappings.","no source animation evidence","","","choose an existing Platinum/hg-engine DS animation analog or build/adapt a new DS animation during implementation","Repository-wide searches for animation, move animation, battle animation, and anim returned no source evidence for these custom moves. No animation was guessed.","manifests/CLOVER_DS_ANIMATION_PASS_07.csv"
"1000FOLDS","1000 Folds","1000 Folds","Pokemon Clover (via Clovermon Showdown)","Squeetz/clovermon-showdown","008196c839c1efe859e2d59c092c88370b7752d6","data/moves.ts","Steel","Physical","80","100","10","Deals damage, breaks Protect-style protection, and bypasses Substitute. Against Steel-type targets, Steel's normal resistance is ignored. If the target is not immune to Steel, Reflect, Light Screen, and Aurora Veil on that target's side are removed before the hit.","0 (normal priority)","one adjacent target","Yes","contact, protect, mirror","","","","","","","","","","","complete","Source-verified against the pinned Clovermon Showdown move definition and its custom callbacks.","battle-simulator mechanics only; no Nintendo DS animation supplied","The audited Clovermon Showdown repository is a battle-simulator mechanics source and contains no move-animation assets or per-move animation mappings.","no source animation evidence","","","choose an existing Platinum/hg-engine DS animation analog or build/adapt a new DS animation during implementation","Repository-wide searches for animation, move animation, battle animation, and anim returned no source evidence for these custom moves. No animation was guessed.","manifests/CLOVER_DS_ANIMATION_PASS_07.csv"
"WARHEAD","Warhead","Warhead","Pokemon Clover (via Clovermon Showdown)","Squeetz/clovermon-showdown","008196c839c1efe859e2d59c092c88370b7752d6","data/moves.ts","Steel","Special","110","80","5","Deals damage with no additional secondary effect.","0 (normal priority)","One adjacent target","No","Protect-blocked; Mirror Move-compatible","No secondary effect","None","None","","","","","","","","complete","Source-verified against the pinned Clovermon Showdown move definition and its custom callbacks.","battle-simulator mechanics only; no Nintendo DS animation supplied","The audited Clovermon Showdown repository is a battle-simulator mechanics source and contains no move-animation assets or per-move animation mappings.","no source animation evidence","","","choose an existing Platinum/hg-engine DS animation analog or build/adapt a new DS animation during implementation","Repository-wide searches for animation, move animation, battle animation, and anim returned no source evidence for these custom moves. No animation was guessed.","manifests/CLOVER_DS_ANIMATION_PASS_07.csv"
"WEIRDFLEX","Weird Flex","Weird Flex","Pokemon Clover (via Clovermon Showdown)","Squeetz/clovermon-showdown","008196c839c1efe859e2d59c092c88370b7752d6","data/moves.ts","Fighting","Status","0","0","15","Has +4 priority. Raises the user's Attack and Defense by 1 stage each, lowers its Speed by 2 stages, redirects opposing single-target moves toward the user for the turn, and prevents the user from being knocked out by move damage that turn, leaving it at 1 HP instead. It uses Protect-style consecutive-use failure scaling.","+4 (priority)","the user","No","snatch","","","","","","","","","","","complete","Source-verified against the pinned Clovermon Showdown move definition and its custom callbacks.","battle-simulator mechanics only; no Nintendo DS animation supplied","The audited Clovermon Showdown repository is a battle-simulator mechanics source and contains no move-animation assets or per-move animation mappings.","no source animation evidence","","","choose an existing Platinum/hg-engine DS animation analog or build/adapt a new DS animation during implementation","Repository-wide searches for animation, move animation, battle animation, and anim returned no source evidence for these custom moves. No animation was guessed.","manifests/CLOVER_DS_ANIMATION_PASS_07.csv"
"HULKUP","Hulk Up","Hulk Up","Pokemon Clover (via Clovermon Showdown)","Squeetz/clovermon-showdown","008196c839c1efe859e2d59c092c88370b7752d6","data/moves.ts","Fighting","Status","0","0","10","Raises the user's Attack and Defense by 1 stage each. If the user is at half HP or less, it raises both stats by 2 stages instead.","0 (normal priority)","the user","No","snatch","","","","","","","","","","","complete","Source-verified against the pinned Clovermon Showdown move definition and its custom callbacks.","battle-simulator mechanics only; no Nintendo DS animation supplied","The audited Clovermon Showdown repository is a battle-simulator mechanics source and contains no move-animation assets or per-move animation mappings.","no source animation evidence","","","choose an existing Platinum/hg-engine DS animation analog or build/adapt a new DS animation during implementation","Repository-wide searches for animation, move animation, battle animation, and anim returned no source evidence for these custom moves. No animation was guessed.","manifests/CLOVER_DS_ANIMATION_PASS_07.csv"
"FOCUSMUNCH","Focus Munch","Focus Munch","Pokemon Clover (via Clovermon Showdown)","Squeetz/clovermon-showdown","008196c839c1efe859e2d59c092c88370b7752d6","data/moves.ts","Fighting","Status","0","0","10","Has -3 priority. If the user is hit by a damaging move before it acts, the move fails. If it succeeds, it restores 50% of the user's maximum HP and raises the user's accuracy by 1 stage.","-3 (priority)","the user","No","No special move flags recorded in the source block","","","","","","","","","","","complete","Source-verified against the pinned Clovermon Showdown move definition and its custom callbacks.","battle-simulator mechanics only; no Nintendo DS animation supplied","The audited Clovermon Showdown repository is a battle-simulator mechanics source and contains no move-animation assets or per-move animation mappings.","no source animation evidence","","","choose an existing Platinum/hg-engine DS animation analog or build/adapt a new DS animation during implementation","Repository-wide searches for animation, move animation, battle animation, and anim returned no source evidence for these custom moves. No animation was guessed.","manifests/CLOVER_DS_ANIMATION_PASS_07.csv"
"MOP","Mop","Mop","Pokemon Clover (via Clovermon Showdown)","Squeetz/clovermon-showdown","008196c839c1efe859e2d59c092c88370b7752d6","data/moves.ts","Fairy","Status","0","100","10","Removes entry hazards from the user's side, including Spikes, Toxic Spikes, Stealth Rock, Sticky Web, Sleazy Spores, and Steelsurge. If it removes at least one hazard, it also raises the user's accuracy by 1 stage.","0 (normal priority)","the user","No","No special move flags recorded in the source block","","","","","","","","","","","complete","Source-verified against the pinned Clovermon Showdown move definition and its custom callbacks.","battle-simulator mechanics only; no Nintendo DS animation supplied","The audited Clovermon Showdown repository is a battle-simulator mechanics source and contains no move-animation assets or per-move animation mappings.","no source animation evidence","","","choose an existing Platinum/hg-engine DS animation analog or build/adapt a new DS animation during implementation","Repository-wide searches for animation, move animation, battle animation, and anim returned no source evidence for these custom moves. No animation was guessed.","manifests/CLOVER_DS_ANIMATION_PASS_07.csv"
"QUICKSAND","Quick Sand","Quick Sand","Pokemon Clover (via Clovermon Showdown)","Squeetz/clovermon-showdown","008196c839c1efe859e2d59c092c88370b7752d6","data/moves.ts","Ground","Physical","40","100","20","Deals 40 base-power Ground-type physical damage with 100% accuracy and 20 PP. It has +1 priority. No additional secondary effect is defined in the pinned Clover source.","+1 (priority)","one adjacent target","No","protect, mirror","","","","","","","","","","","complete","Source-verified against the pinned Clovermon Showdown move definition and its custom callbacks.","battle-simulator mechanics only; no Nintendo DS animation supplied","The audited Clovermon Showdown repository is a battle-simulator mechanics source and contains no move-animation assets or per-move animation mappings.","no source animation evidence","","","choose an existing Platinum/hg-engine DS animation analog or build/adapt a new DS animation during implementation","Repository-wide searches for animation, move animation, battle animation, and anim returned no source evidence for these custom moves. No animation was guessed.","manifests/CLOVER_DS_ANIMATION_PASS_07.csv"
"THINKFAST","Think Fast","Think Fast","Pokemon Clover (via Clovermon Showdown)","Squeetz/clovermon-showdown","008196c839c1efe859e2d59c092c88370b7752d6","data/moves.ts","Psychic","Special","40","100","20","Deals 40 base-power Psychic-type special damage with 100% accuracy and 20 PP. It has +1 priority. No additional secondary effect is defined in the pinned Clover source.","+1 (priority)","one adjacent target","No","protect, mirror","","","","","","","","","","","complete","Source-verified against the pinned Clovermon Showdown move definition and its custom callbacks.","battle-simulator mechanics only; no Nintendo DS animation supplied","The audited Clovermon Showdown repository is a battle-simulator mechanics source and contains no move-animation assets or per-move animation mappings.","no source animation evidence","","","choose an existing Platinum/hg-engine DS animation analog or build/adapt a new DS animation during implementation","Repository-wide searches for animation, move animation, battle animation, and anim returned no source evidence for these custom moves. No animation was guessed.","manifests/CLOVER_DS_ANIMATION_PASS_07.csv"
"BOLTBEAM","Boltbeam","Boltbeam","Pokemon Clover (via Clovermon Showdown)","Squeetz/clovermon-showdown","008196c839c1efe859e2d59c092c88370b7752d6","data/moves.ts","Electric","Special","100","100","10","Deals damage and uses combined Electric- and Ice-type effectiveness when calculating how effective the hit is against the target.","0 (normal priority)","one adjacent target","No","protect, mirror","","","","","","","","","","","complete","Source-verified against the pinned Clovermon Showdown move definition and its custom callbacks.","battle-simulator mechanics only; no Nintendo DS animation supplied","The audited Clovermon Showdown repository is a battle-simulator mechanics source and contains no move-animation assets or per-move animation mappings.","no source animation evidence","","","choose an existing Platinum/hg-engine DS animation analog or build/adapt a new DS animation during implementation","Repository-wide searches for animation, move animation, battle animation, and anim returned no source evidence for these custom moves. No animation was guessed.","manifests/CLOVER_DS_ANIMATION_PASS_07.csv"
"CHECKEM","Check 'Em","Check 'Em","Pokemon Clover (via Clovermon Showdown)","Squeetz/clovermon-showdown","008196c839c1efe859e2d59c092c88370b7752d6","data/moves.ts","Psychic","Special","25","100","15","Hits 2–5 times. It is normally Special, but becomes Physical for that use if the user's Attack is higher than its Sp. Atk.","0 (normal priority)","one adjacent target","No","protect, mirror","","","","2–5 hits","","","","","","","complete","Source-verified against the pinned Clovermon Showdown move definition and its custom callbacks.","battle-simulator mechanics only; no Nintendo DS animation supplied","The audited Clovermon Showdown repository is a battle-simulator mechanics source and contains no move-animation assets or per-move animation mappings.","no source animation evidence","","","choose an existing Platinum/hg-engine DS animation analog or build/adapt a new DS animation during implementation","Repository-wide searches for animation, move animation, battle animation, and anim returned no source evidence for these custom moves. No animation was guessed.","manifests/CLOVER_DS_ANIMATION_PASS_07.csv"
"PIXIEPUMMEL","Pixie Pummel","Pixie Pummel","Pokemon Clover (via Clovermon Showdown)","Squeetz/clovermon-showdown","008196c839c1efe859e2d59c092c88370b7752d6","data/moves.ts","Fairy","Physical","120","80","5","Deals damage with no additional secondary effect.","0 (normal priority)","One adjacent target","Yes","Contact; Protect-blocked; Mirror Move-compatible","No secondary effect","None","None","","","","","","","","complete","Source-verified against the pinned Clovermon Showdown move definition and its custom callbacks.","battle-simulator mechanics only; no Nintendo DS animation supplied","The audited Clovermon Showdown repository is a battle-simulator mechanics source and contains no move-animation assets or per-move animation mappings.","no source animation evidence","","","choose an existing Platinum/hg-engine DS animation analog or build/adapt a new DS animation during implementation","Repository-wide searches for animation, move animation, battle animation, and anim returned no source evidence for these custom moves. No animation was guessed.","manifests/CLOVER_DS_ANIMATION_PASS_07.csv"
"GAYAGENDA","Gay Agenda","Gay Agenda","Pokemon Clover (via Clovermon Showdown)","Squeetz/clovermon-showdown","008196c839c1efe859e2d59c092c88370b7752d6","data/moves.ts","Fairy","Status","0","100","15","Targets one adjacent Pokémon and only succeeds if the user and target are the same gender. While the effect is active, the target has a 50% chance to be unable to move each turn. The effect bypasses Substitute, cannot be passed by Baton Pass, and ends if the source leaves the field.","0 (normal priority)","one adjacent target","No","protect, reflectable, mirror, authentic","","","","","","","","","","","complete","Source-verified against the pinned Clovermon Showdown move definition and its custom callbacks.","battle-simulator mechanics only; no Nintendo DS animation supplied","The audited Clovermon Showdown repository is a battle-simulator mechanics source and contains no move-animation assets or per-move animation mappings.","no source animation evidence","","","choose an existing Platinum/hg-engine DS animation analog or build/adapt a new DS animation during implementation","Repository-wide searches for animation, move animation, battle animation, and anim returned no source evidence for these custom moves. No animation was guessed.","manifests/CLOVER_DS_ANIMATION_PASS_07.csv"
"SPOOPERPOWER","Spooperpower","Spooperpower","Pokemon Clover (via Clovermon Showdown)","Squeetz/clovermon-showdown","008196c839c1efe859e2d59c092c88370b7752d6","data/moves.ts","Ghost","Special","100","100","5","Deals damage using the user's higher attacking stat: it becomes Physical if the user's Attack is higher than its Sp. Atk; otherwise it remains Special.","0 (normal priority)","one adjacent target","No","protect, mirror","","","","","","","","","","","complete","Source-verified against the pinned Clovermon Showdown move definition and its custom callbacks.","battle-simulator mechanics only; no Nintendo DS animation supplied","The audited Clovermon Showdown repository is a battle-simulator mechanics source and contains no move-animation assets or per-move animation mappings.","no source animation evidence","","","choose an existing Platinum/hg-engine DS animation analog or build/adapt a new DS animation during implementation","Repository-wide searches for animation, move animation, battle animation, and anim returned no source evidence for these custom moves. No animation was guessed.","manifests/CLOVER_DS_ANIMATION_PASS_07.csv"
"GREATRAGE","Great Rage","Great Rage","Pokemon Clover (via Clovermon Showdown)","Squeetz/clovermon-showdown","008196c839c1efe859e2d59c092c88370b7752d6","data/moves.ts","Grass","Physical","140","100","10","Deals damage with no additional secondary effect. It is sound-based, so sound-related abilities and effects can interact with it.","0 (normal priority)","One adjacent target","No","Sound; Protect-blocked; Mirror Move-compatible","No secondary effect","None","None","","","","","","","","complete","Source-verified against the pinned Clovermon Showdown move definition and its custom callbacks.","battle-simulator mechanics only; no Nintendo DS animation supplied","The audited Clovermon Showdown repository is a battle-simulator mechanics source and contains no move-animation assets or per-move animation mappings.","no source animation evidence","","","choose an existing Platinum/hg-engine DS animation analog or build/adapt a new DS animation during implementation","Repository-wide searches for animation, move animation, battle animation, and anim returned no source evidence for these custom moves. No animation was guessed.","manifests/CLOVER_DS_ANIMATION_PASS_07.csv"
"WOWWIENER","Wow Wiener","Wow Wiener","Pokemon Clover (via Clovermon Showdown)","Squeetz/clovermon-showdown","008196c839c1efe859e2d59c092c88370b7752d6","data/moves.ts","Fire","Special","30","100","15","Deals 30 base-power Fire-type special damage per hit with 100% accuracy and 15 PP. It hits the target 2–5 times in one use. No additional secondary effect is defined in the pinned Clover source.","0 (normal priority)","one adjacent target","No","protect, mirror","","","","2–5 hits","","","","","","","complete","Source-verified against the pinned Clovermon Showdown move definition and its custom callbacks.","battle-simulator mechanics only; no Nintendo DS animation supplied","The audited Clovermon Showdown repository is a battle-simulator mechanics source and contains no move-animation assets or per-move animation mappings.","no source animation evidence","","","choose an existing Platinum/hg-engine DS animation analog or build/adapt a new DS animation during implementation","Repository-wide searches for animation, move animation, battle animation, and anim returned no source evidence for these custom moves. No animation was guessed.","manifests/CLOVER_DS_ANIMATION_PASS_07.csv"
"PLUNDER","Plunder","Plunder","Pokemon Clover (via Clovermon Showdown)","Squeetz/clovermon-showdown","008196c839c1efe859e2d59c092c88370b7752d6","data/moves.ts","Water","Physical","100","100","5","Deals damage and, if the user is not holding an item, steals the target's held item when possible.","0 (normal priority)","one adjacent target","Yes","contact, protect, mirror","","","","","","","","","","","complete","Source-verified against the pinned Clovermon Showdown move definition and its custom callbacks.","battle-simulator mechanics only; no Nintendo DS animation supplied","The audited Clovermon Showdown repository is a battle-simulator mechanics source and contains no move-animation assets or per-move animation mappings.","no source animation evidence","","","choose an existing Platinum/hg-engine DS animation analog or build/adapt a new DS animation during implementation","Repository-wide searches for animation, move animation, battle animation, and anim returned no source evidence for these custom moves. No animation was guessed.","manifests/CLOVER_DS_ANIMATION_PASS_07.csv"
"BLOBBYBOP","Blobby Bop","Blobby Bop","Pokemon Clover (via Clovermon Showdown)","Squeetz/clovermon-showdown","008196c839c1efe859e2d59c092c88370b7752d6","data/moves.ts","Ice","Physical","70","0","15","Deals damage; does not miss under normal accuracy checks.","0 (normal priority)","one adjacent target","Yes","contact, protect, mirror","","","","","","","","","","","complete","Source-verified against the pinned Clovermon Showdown move definition and its custom callbacks.","battle-simulator mechanics only; no Nintendo DS animation supplied","The audited Clovermon Showdown repository is a battle-simulator mechanics source and contains no move-animation assets or per-move animation mappings.","no source animation evidence","","","choose an existing Platinum/hg-engine DS animation analog or build/adapt a new DS animation during implementation","Repository-wide searches for animation, move animation, battle animation, and anim returned no source evidence for these custom moves. No animation was guessed.","manifests/CLOVER_DS_ANIMATION_PASS_07.csv"
"BANHAMMER","Ban Hammer","Ban Hammer","Pokemon Clover (via Clovermon Showdown)","Squeetz/clovermon-showdown","008196c839c1efe859e2d59c092c88370b7752d6","data/moves.ts","Normal","Physical","90","90","10","Deals damage and applies Torment to the target, preventing it from using the same move twice in a row. Dynamaxed targets are not given Torment.","0 (normal priority)","one adjacent target","No","protect, mirror","","","","","","","","","","","complete","Source-verified against the pinned Clovermon Showdown move definition and its custom callbacks.","battle-simulator mechanics only; no Nintendo DS animation supplied","The audited Clovermon Showdown repository is a battle-simulator mechanics source and contains no move-animation assets or per-move animation mappings.","no source animation evidence","","","choose an existing Platinum/hg-engine DS animation analog or build/adapt a new DS animation during implementation","Repository-wide searches for animation, move animation, battle animation, and anim returned no source evidence for these custom moves. No animation was guessed.","manifests/CLOVER_DS_ANIMATION_PASS_07.csv"
"HOMERUNBAT","Homerun Bat","Homerun Bat","Pokemon Clover (via Clovermon Showdown)","Squeetz/clovermon-showdown","008196c839c1efe859e2d59c092c88370b7752d6","data/moves.ts","Normal","Physical","90","90","10","Has -6 priority. Deals damage and forces the target to switch out.","-6 (priority)","one adjacent target","Yes","contact, protect","","","","","","","","","","","complete","Source-verified against the pinned Clovermon Showdown move definition and its custom callbacks.","battle-simulator mechanics only; no Nintendo DS animation supplied","The audited Clovermon Showdown repository is a battle-simulator mechanics source and contains no move-animation assets or per-move animation mappings.","no source animation evidence","","","choose an existing Platinum/hg-engine DS animation analog or build/adapt a new DS animation during implementation","Repository-wide searches for animation, move animation, battle animation, and anim returned no source evidence for these custom moves. No animation was guessed.","manifests/CLOVER_DS_ANIMATION_PASS_07.csv"
"ELBOWDROP","Elbow Drop","Elbow Drop","Pokemon Clover (via Clovermon Showdown)","Squeetz/clovermon-showdown","008196c839c1efe859e2d59c092c88370b7752d6","data/moves.ts","Ghost","Physical","100","100","5","Deals damage with no additional secondary effect.","0 (normal priority)","One adjacent target","Yes","Contact; Protect-blocked; Mirror Move-compatible","No secondary effect","None","None","","","","","","","","complete","Source-verified against the pinned Clovermon Showdown move definition and its custom callbacks.","battle-simulator mechanics only; no Nintendo DS animation supplied","The audited Clovermon Showdown repository is a battle-simulator mechanics source and contains no move-animation assets or per-move animation mappings.","no source animation evidence","","","choose an existing Platinum/hg-engine DS animation analog or build/adapt a new DS animation during implementation","Repository-wide searches for animation, move animation, battle animation, and anim returned no source evidence for these custom moves. No animation was guessed.","manifests/CLOVER_DS_ANIMATION_PASS_07.csv"
"ANATTACK","An Attack","An Attack","Pokemon Clover (via Clovermon Showdown)","Squeetz/clovermon-showdown","008196c839c1efe859e2d59c092c88370b7752d6","data/moves.ts","???","Physical","120","100","5","Deals damage with no additional secondary effect.","0 (normal priority)","One adjacent target","No","Custom ??? type; Protect-blocked; Mirror Move-compatible","No secondary effect","None","None","","","","","","","","complete","Source-verified against the pinned Clovermon Showdown move definition and its custom callbacks.","battle-simulator mechanics only; no Nintendo DS animation supplied","The audited Clovermon Showdown repository is a battle-simulator mechanics source and contains no move-animation assets or per-move animation mappings.","no source animation evidence","","","choose an existing Platinum/hg-engine DS animation analog or build/adapt a new DS animation during implementation","Repository-wide searches for animation, move animation, battle animation, and anim returned no source evidence for these custom moves. No animation was guessed.","manifests/CLOVER_DS_ANIMATION_PASS_07.csv"
"CHAOSDUNK","Chaos Dunk","Chaos Dunk","Pokemon Clover (via Clovermon Showdown)","Squeetz/clovermon-showdown","008196c839c1efe859e2d59c092c88370b7752d6","data/moves.ts","Rock","Physical","110","100","5","Deals damage with no additional secondary effect.","0 (normal priority)","One adjacent target","Yes","Contact; Protect-blocked; Mirror Move-compatible","No secondary effect","None","None","","","","","","","","complete","Source-verified against the pinned Clovermon Showdown move definition and its custom callbacks.","battle-simulator mechanics only; no Nintendo DS animation supplied","The audited Clovermon Showdown repository is a battle-simulator mechanics source and contains no move-animation assets or per-move animation mappings.","no source animation evidence","","","choose an existing Platinum/hg-engine DS animation analog or build/adapt a new DS animation during implementation","Repository-wide searches for animation, move animation, battle animation, and anim returned no source evidence for these custom moves. No animation was guessed.","manifests/CLOVER_DS_ANIMATION_PASS_07.csv"
"COMENGO","Come n' Go","Come n' Go","Pokemon Clover (via Clovermon Showdown)","Squeetz/clovermon-showdown","008196c839c1efe859e2d59c092c88370b7752d6","data/moves.ts","Water","Special","25","100","30","Deals 25 base-power Water-type special damage per hit with 100% accuracy and 30 PP. It hits the target 2–5 times in one use. No additional secondary effect is defined in the pinned Clover source.","0 (normal priority)","one adjacent target","No","bullet, protect, mirror","","","","2–5 hits","","","","","","","complete","Source-verified against the pinned Clovermon Showdown move definition and its custom callbacks.","battle-simulator mechanics only; no Nintendo DS animation supplied","The audited Clovermon Showdown repository is a battle-simulator mechanics source and contains no move-animation assets or per-move animation mappings.","no source animation evidence","","","choose an existing Platinum/hg-engine DS animation analog or build/adapt a new DS animation during implementation","Repository-wide searches for animation, move animation, battle animation, and anim returned no source evidence for these custom moves. No animation was guessed.","manifests/CLOVER_DS_ANIMATION_PASS_07.csv"
"DAILYDOSE","Daily Dose","Daily Dose","Pokemon Clover (via Clovermon Showdown)","Squeetz/clovermon-showdown","008196c839c1efe859e2d59c092c88370b7752d6","data/moves.ts","Poison","Special","80","95","5","Deals damage and has a 20% chance to randomly inflict regular poison, bad poison, or sleep.","0 (normal priority)","one adjacent target","No","protect, mirror","20%","","","","","","","","","","complete","Source-verified against the pinned Clovermon Showdown move definition and its custom callbacks.","battle-simulator mechanics only; no Nintendo DS animation supplied","The audited Clovermon Showdown repository is a battle-simulator mechanics source and contains no move-animation assets or per-move animation mappings.","no source animation evidence","","","choose an existing Platinum/hg-engine DS animation analog or build/adapt a new DS animation during implementation","Repository-wide searches for animation, move animation, battle animation, and anim returned no source evidence for these custom moves. No animation was guessed.","manifests/CLOVER_DS_ANIMATION_PASS_07.csv"
"DECAYDRAIN","Decay Drain","Decay Drain","Pokemon Clover (via Clovermon Showdown)","Squeetz/clovermon-showdown","008196c839c1efe859e2d59c092c88370b7752d6","data/moves.ts","Poison","Physical","100","100","5","Deals damage and restores the user's HP by 50% of the damage dealt.","0 (normal priority)","one adjacent target","No","protect, mirror, heal","","","","","","Restores 50% of damage dealt","","","","","complete","Source-verified against the pinned Clovermon Showdown move definition and its custom callbacks.","battle-simulator mechanics only; no Nintendo DS animation supplied","The audited Clovermon Showdown repository is a battle-simulator mechanics source and contains no move-animation assets or per-move animation mappings.","no source animation evidence","","","choose an existing Platinum/hg-engine DS animation analog or build/adapt a new DS animation during implementation","Repository-wide searches for animation, move animation, battle animation, and anim returned no source evidence for these custom moves. No animation was guessed.","manifests/CLOVER_DS_ANIMATION_PASS_07.csv"
"DILDOCANNON","Dildo Cannon","Dildo Cannon","Pokemon Clover (via Clovermon Showdown)","Squeetz/clovermon-showdown","008196c839c1efe859e2d59c092c88370b7752d6","data/moves.ts","Dragon","Physical","25","100","10","Deals 25 base-power Dragon-type physical damage per hit with 100% accuracy and 10 PP. It hits the target 2–5 times in one use. No additional secondary effect is defined in the pinned Clover source.","0 (normal priority)","one adjacent target","No","bullet, protect, mirror","","","","2–5 hits","","","","","","","complete","Source-verified against the pinned Clovermon Showdown move definition and its custom callbacks.","battle-simulator mechanics only; no Nintendo DS animation supplied","The audited Clovermon Showdown repository is a battle-simulator mechanics source and contains no move-animation assets or per-move animation mappings.","no source animation evidence","","","choose an existing Platinum/hg-engine DS animation analog or build/adapt a new DS animation during implementation","Repository-wide searches for animation, move animation, battle animation, and anim returned no source evidence for these custom moves. No animation was guessed.","manifests/CLOVER_DS_ANIMATION_PASS_07.csv"
"ENEMA","Enema","Enema","Pokemon Clover (via Clovermon Showdown)","Squeetz/clovermon-showdown","008196c839c1efe859e2d59c092c88370b7752d6","data/moves.ts","Grass","Physical","90","100","10","Deals damage and restores the user's HP by 50% of the damage dealt.","0 (normal priority)","one adjacent target","Yes","contact, protect, mirror, heal","","","","","","Restores 50% of damage dealt","","","","","complete","Source-verified against the pinned Clovermon Showdown move definition and its custom callbacks.","battle-simulator mechanics only; no Nintendo DS animation supplied","The audited Clovermon Showdown repository is a battle-simulator mechanics source and contains no move-animation assets or per-move animation mappings.","no source animation evidence","","","choose an existing Platinum/hg-engine DS animation analog or build/adapt a new DS animation during implementation","Repository-wide searches for animation, move animation, battle animation, and anim returned no source evidence for these custom moves. No animation was guessed.","manifests/CLOVER_DS_ANIMATION_PASS_07.csv"
"EROSIONWAVE","Erosion Wave","Erosion Wave","Pokemon Clover (via Clovermon Showdown)","Squeetz/clovermon-showdown","008196c839c1efe859e2d59c092c88370b7752d6","data/moves.ts","Rock","Special","95","100","10","Deals damage; 10% chance to lowers the target's Sp. Def by 1 stage.","0 (normal priority)","one adjacent target","No","protect, mirror, nonsky","10%","","","","","","","","","","complete","Source-verified against the pinned Clovermon Showdown move definition and its custom callbacks.","battle-simulator mechanics only; no Nintendo DS animation supplied","The audited Clovermon Showdown repository is a battle-simulator mechanics source and contains no move-animation assets or per-move animation mappings.","no source animation evidence","","","choose an existing Platinum/hg-engine DS animation analog or build/adapt a new DS animation during implementation","Repository-wide searches for animation, move animation, battle animation, and anim returned no source evidence for these custom moves. No animation was guessed.","manifests/CLOVER_DS_ANIMATION_PASS_07.csv"
"FALCONPUNCH","Falcon Punch","Falcon Punch","Pokemon Clover (via Clovermon Showdown)","Squeetz/clovermon-showdown","008196c839c1efe859e2d59c092c88370b7752d6","data/moves.ts","Flying","Physical","100","90","10","Deals damage; 10% chance to inflict burn.","0 (normal priority)","one adjacent target","Yes","contact, protect, punch, mirror","10%","","","","","","","","","","complete","Source-verified against the pinned Clovermon Showdown move definition and its custom callbacks.","battle-simulator mechanics only; no Nintendo DS animation supplied","The audited Clovermon Showdown repository is a battle-simulator mechanics source and contains no move-animation assets or per-move animation mappings.","no source animation evidence","","","choose an existing Platinum/hg-engine DS animation analog or build/adapt a new DS animation during implementation","Repository-wide searches for animation, move animation, battle animation, and anim returned no source evidence for these custom moves. No animation was guessed.","manifests/CLOVER_DS_ANIMATION_PASS_07.csv"
"FIREBOMB","Fire Bomb","Fire Bomb","Pokemon Clover (via Clovermon Showdown)","Squeetz/clovermon-showdown","008196c839c1efe859e2d59c092c88370b7752d6","data/moves.ts","Fire","Physical","100","95","10","Deals damage with no additional secondary effect.","0 (normal priority)","One adjacent target","No","Protect-blocked; Mirror Move-compatible","No secondary effect","None","None","","","","","","","","complete","Source-verified against the pinned Clovermon Showdown move definition and its custom callbacks.","battle-simulator mechanics only; no Nintendo DS animation supplied","The audited Clovermon Showdown repository is a battle-simulator mechanics source and contains no move-animation assets or per-move animation mappings.","no source animation evidence","","","choose an existing Platinum/hg-engine DS animation analog or build/adapt a new DS animation during implementation","Repository-wide searches for animation, move animation, battle animation, and anim returned no source evidence for these custom moves. No animation was guessed.","manifests/CLOVER_DS_ANIMATION_PASS_07.csv"
"FIZZBITCH","Fizzbitch","Fizzbitch","Pokemon Clover (via Clovermon Showdown)","Squeetz/clovermon-showdown","008196c839c1efe859e2d59c092c88370b7752d6","data/moves.ts","Grass","Special","150","80","5","Deals damage; 10% chance to inflict paralysis.","0 (normal priority)","one adjacent target","No","protect, mirror","10%","","","","","","","","","","complete","Source-verified against the pinned Clovermon Showdown move definition and its custom callbacks.","battle-simulator mechanics only; no Nintendo DS animation supplied","The audited Clovermon Showdown repository is a battle-simulator mechanics source and contains no move-animation assets or per-move animation mappings.","no source animation evidence","","","choose an existing Platinum/hg-engine DS animation analog or build/adapt a new DS animation during implementation","Repository-wide searches for animation, move animation, battle animation, and anim returned no source evidence for these custom moves. No animation was guessed.","manifests/CLOVER_DS_ANIMATION_PASS_07.csv"
"FORYOU","For You","For You","Pokemon Clover (via Clovermon Showdown)","Squeetz/clovermon-showdown","008196c839c1efe859e2d59c092c88370b7752d6","data/moves.ts","Fighting","Physical","100","100","15","Deals damage and always lowers the target's Defense by 1 stage.","0 (normal priority)","one adjacent target","Yes","contact, protect, mirror","100%","","","","","","","","","","complete","Source-verified against the pinned Clovermon Showdown move definition and its custom callbacks.","battle-simulator mechanics only; no Nintendo DS animation supplied","The audited Clovermon Showdown repository is a battle-simulator mechanics source and contains no move-animation assets or per-move animation mappings.","no source animation evidence","","","choose an existing Platinum/hg-engine DS animation analog or build/adapt a new DS animation during implementation","Repository-wide searches for animation, move animation, battle animation, and anim returned no source evidence for these custom moves. No animation was guessed.","manifests/CLOVER_DS_ANIMATION_PASS_07.csv"
"FUTABABREAK","Futaba Break","Futaba Break","Pokemon Clover (via Clovermon Showdown)","Squeetz/clovermon-showdown","008196c839c1efe859e2d59c092c88370b7752d6","data/moves.ts","Grass","Physical","90","100","15","Deals damage and removes Reflect, Light Screen, and Aurora Veil from the target's side before the hit if the target is not immune to Grass. The screen removal can occur even through Substitute.","0 (normal priority)","one adjacent target","No","protect, mirror","","","","","","","","","","","complete","Source-verified against the pinned Clovermon Showdown move definition and its custom callbacks.","battle-simulator mechanics only; no Nintendo DS animation supplied","The audited Clovermon Showdown repository is a battle-simulator mechanics source and contains no move-animation assets or per-move animation mappings.","no source animation evidence","","","choose an existing Platinum/hg-engine DS animation analog or build/adapt a new DS animation during implementation","Repository-wide searches for animation, move animation, battle animation, and anim returned no source evidence for these custom moves. No animation was guessed.","manifests/CLOVER_DS_ANIMATION_PASS_07.csv"
"HOLYDUTY","Holy Duty","Holy Duty","Pokemon Clover (via Clovermon Showdown)","Squeetz/clovermon-showdown","008196c839c1efe859e2d59c092c88370b7752d6","data/moves.ts","Fire","Special","250","100","5","Deals extremely high damage to all adjacent Pokémon, then causes the user to faint.","0 (normal priority)","all adjacent Pokémon","No","protect, mirror","","","","","","","","","","","complete","Source-verified against the pinned Clovermon Showdown move definition and its custom callbacks.","battle-simulator mechanics only; no Nintendo DS animation supplied","The audited Clovermon Showdown repository is a battle-simulator mechanics source and contains no move-animation assets or per-move animation mappings.","no source animation evidence","","","choose an existing Platinum/hg-engine DS animation analog or build/adapt a new DS animation during implementation","Repository-wide searches for animation, move animation, battle animation, and anim returned no source evidence for these custom moves. No animation was guessed.","manifests/CLOVER_DS_ANIMATION_PASS_07.csv"
"LACTOSESHOT","Lactose Shot","Lactose Shot","Pokemon Clover (via Clovermon Showdown)","Squeetz/clovermon-showdown","008196c839c1efe859e2d59c092c88370b7752d6","data/moves.ts","Fairy","Special","130","90","5","Deals damage, then lowers the user's Sp. Atk by 2 stages.","0 (normal priority)","one adjacent target","No","protect, mirror","","","","","","","","","","","complete","Source-verified against the pinned Clovermon Showdown move definition and its custom callbacks.","battle-simulator mechanics only; no Nintendo DS animation supplied","The audited Clovermon Showdown repository is a battle-simulator mechanics source and contains no move-animation assets or per-move animation mappings.","no source animation evidence","","","choose an existing Platinum/hg-engine DS animation analog or build/adapt a new DS animation during implementation","Repository-wide searches for animation, move animation, battle animation, and anim returned no source evidence for these custom moves. No animation was guessed.","manifests/CLOVER_DS_ANIMATION_PASS_07.csv"
"MEME","Meme","Meme","Pokemon Clover (via Clovermon Showdown)","Squeetz/clovermon-showdown","008196c839c1efe859e2d59c092c88370b7752d6","data/moves.ts","???","Special","65","100","5","Deals damage and has a 10% chance to raise the user's Attack, Defense, Sp. Atk, Sp. Def, and Speed by 1 stage each.","0 (normal priority)","one adjacent target","Yes","contact, protect, mirror","10%","","","","","","","","","","complete","Source-verified against the pinned Clovermon Showdown move definition and its custom callbacks.","battle-simulator mechanics only; no Nintendo DS animation supplied","The audited Clovermon Showdown repository is a battle-simulator mechanics source and contains no move-animation assets or per-move animation mappings.","no source animation evidence","","","choose an existing Platinum/hg-engine DS animation analog or build/adapt a new DS animation during implementation","Repository-wide searches for animation, move animation, battle animation, and anim returned no source evidence for these custom moves. No animation was guessed.","manifests/CLOVER_DS_ANIMATION_PASS_07.csv"
"OVERENERGIZE","Overenergize","Overenergize","Pokemon Clover (via Clovermon Showdown)","Squeetz/clovermon-showdown","008196c839c1efe859e2d59c092c88370b7752d6","data/moves.ts","Electric","Special","150","100","5","Deals damage, then lowers the user's Sp. Atk by 2 stages.","0 (normal priority)","one adjacent target","No","protect, mirror","","","","","","","","","","","complete","Source-verified against the pinned Clovermon Showdown move definition and its custom callbacks.","battle-simulator mechanics only; no Nintendo DS animation supplied","The audited Clovermon Showdown repository is a battle-simulator mechanics source and contains no move-animation assets or per-move animation mappings.","no source animation evidence","","","choose an existing Platinum/hg-engine DS animation analog or build/adapt a new DS animation during implementation","Repository-wide searches for animation, move animation, battle animation, and anim returned no source evidence for these custom moves. No animation was guessed.","manifests/CLOVER_DS_ANIMATION_PASS_07.csv"
"OWTHEEDGE","Ow The Edge","Ow The Edge","Pokemon Clover (via Clovermon Showdown)","Squeetz/clovermon-showdown","008196c839c1efe859e2d59c092c88370b7752d6","data/moves.ts","Dark","Physical","120","100","15","Deals damage and inflicts recoil equal to 25% of the damage dealt.","0 (normal priority)","one adjacent target","Yes","contact, protect, mirror","","","","","25% of damage dealt","","","","","","complete","Source-verified against the pinned Clovermon Showdown move definition and its custom callbacks.","battle-simulator mechanics only; no Nintendo DS animation supplied","The audited Clovermon Showdown repository is a battle-simulator mechanics source and contains no move-animation assets or per-move animation mappings.","no source animation evidence","","","choose an existing Platinum/hg-engine DS animation analog or build/adapt a new DS animation during implementation","Repository-wide searches for animation, move animation, battle animation, and anim returned no source evidence for these custom moves. No animation was guessed.","manifests/CLOVER_DS_ANIMATION_PASS_07.csv"
"PUKEBLOOD","Puke Blood","Puke Blood","Pokemon Clover (via Clovermon Showdown)","Squeetz/clovermon-showdown","008196c839c1efe859e2d59c092c88370b7752d6","data/moves.ts","Bug","Special","130","95","5","Deals damage and inflicts recoil equal to 25% of the damage dealt.","0 (normal priority)","one adjacent target","No","protect, mirror","","","","","25% of damage dealt","","","","","","complete","Source-verified against the pinned Clovermon Showdown move definition and its custom callbacks.","battle-simulator mechanics only; no Nintendo DS animation supplied","The audited Clovermon Showdown repository is a battle-simulator mechanics source and contains no move-animation assets or per-move animation mappings.","no source animation evidence","","","choose an existing Platinum/hg-engine DS animation analog or build/adapt a new DS animation during implementation","Repository-wide searches for animation, move animation, battle animation, and anim returned no source evidence for these custom moves. No animation was guessed.","manifests/CLOVER_DS_ANIMATION_PASS_07.csv"
"PUNCHOUT","Punch Out","Punch Out","Pokemon Clover (via Clovermon Showdown)","Squeetz/clovermon-showdown","008196c839c1efe859e2d59c092c88370b7752d6","data/moves.ts","Fighting","Physical","70","100","20","Deals damage, then switches the user out.","0 (normal priority)","one adjacent target","Yes","contact, protect, punch, mirror","","","","","","","","","","","complete","Source-verified against the pinned Clovermon Showdown move definition and its custom callbacks.","battle-simulator mechanics only; no Nintendo DS animation supplied","The audited Clovermon Showdown repository is a battle-simulator mechanics source and contains no move-animation assets or per-move animation mappings.","no source animation evidence","","","choose an existing Platinum/hg-engine DS animation analog or build/adapt a new DS animation during implementation","Repository-wide searches for animation, move animation, battle animation, and anim returned no source evidence for these custom moves. No animation was guessed.","manifests/CLOVER_DS_ANIMATION_PASS_07.csv"
"REGENERATE","Regenerate","Regenerate","Pokemon Clover (via Clovermon Showdown)","Squeetz/clovermon-showdown","008196c839c1efe859e2d59c092c88370b7752d6","data/moves.ts","Grass","Status","0","0","5","Restores 50% of the user's maximum HP and cures its major status condition. It fails if the user is already at full HP and has no curable status.","0 (normal priority)","the user","No","snatch, heal","","","","","","","","","","","complete","Source-verified against the pinned Clovermon Showdown move definition and its custom callbacks.","battle-simulator mechanics only; no Nintendo DS animation supplied","The audited Clovermon Showdown repository is a battle-simulator mechanics source and contains no move-animation assets or per-move animation mappings.","no source animation evidence","","","choose an existing Platinum/hg-engine DS animation analog or build/adapt a new DS animation during implementation","Repository-wide searches for animation, move animation, battle animation, and anim returned no source evidence for these custom moves. No animation was guessed.","manifests/CLOVER_DS_ANIMATION_PASS_07.csv"
"RIOTSHIELD","Riot Shield","Riot Shield","Pokemon Clover (via Clovermon Showdown)","Squeetz/clovermon-showdown","008196c839c1efe859e2d59c092c88370b7752d6","data/moves.ts","Fighting","Physical","80","100","10","Deals damage and sets Safeguard on the user's side.","0 (normal priority)","one adjacent target","Yes","contact, protect","","","","","","","","","","","complete","Source-verified against the pinned Clovermon Showdown move definition and its custom callbacks.","battle-simulator mechanics only; no Nintendo DS animation supplied","The audited Clovermon Showdown repository is a battle-simulator mechanics source and contains no move-animation assets or per-move animation mappings.","no source animation evidence","","","choose an existing Platinum/hg-engine DS animation analog or build/adapt a new DS animation during implementation","Repository-wide searches for animation, move animation, battle animation, and anim returned no source evidence for these custom moves. No animation was guessed.","manifests/CLOVER_DS_ANIMATION_PASS_07.csv"
"SHITPOST","Shitpost","Shitpost","Pokemon Clover (via Clovermon Showdown)","Squeetz/clovermon-showdown","008196c839c1efe859e2d59c092c88370b7752d6","data/moves.ts","Ground","Physical","120","100","10","Deals damage to a random adjacent foe and locks the user into repeating the move for the standard locked-move duration; when that sequence ends, the user becomes confused.","0 (normal priority)","a random adjacent foe","Yes","contact, protect, mirror","","","","","","","","","","","complete","Source-verified against the pinned Clovermon Showdown move definition and its custom callbacks.","battle-simulator mechanics only; no Nintendo DS animation supplied","The audited Clovermon Showdown repository is a battle-simulator mechanics source and contains no move-animation assets or per-move animation mappings.","no source animation evidence","","","choose an existing Platinum/hg-engine DS animation analog or build/adapt a new DS animation during implementation","Repository-wide searches for animation, move animation, battle animation, and anim returned no source evidence for these custom moves. No animation was guessed.","manifests/CLOVER_DS_ANIMATION_PASS_07.csv"
"SPOOKOUT","Spook Out","Spook Out","Pokemon Clover (via Clovermon Showdown)","Squeetz/clovermon-showdown","008196c839c1efe859e2d59c092c88370b7752d6","data/moves.ts","Ghost","Physical","60","100","10","Has +3 priority and only works on the user's first turn after entering battle. If it hits, it always makes the target flinch. It is a sound-based move.","+3 (priority)","one adjacent target","No","sound, protect, mirror","100%","","","","","","","","","","complete","Source-verified against the pinned Clovermon Showdown move definition and its custom callbacks.","battle-simulator mechanics only; no Nintendo DS animation supplied","The audited Clovermon Showdown repository is a battle-simulator mechanics source and contains no move-animation assets or per-move animation mappings.","no source animation evidence","","","choose an existing Platinum/hg-engine DS animation analog or build/adapt a new DS animation during implementation","Repository-wide searches for animation, move animation, battle animation, and anim returned no source evidence for these custom moves. No animation was guessed.","manifests/CLOVER_DS_ANIMATION_PASS_07.csv"
"STRATOBLADE","Strato Blade","Strato Blade","Pokemon Clover (via Clovermon Showdown)","Squeetz/clovermon-showdown","008196c839c1efe859e2d59c092c88370b7752d6","data/moves.ts","Flying","Physical","90","100","10","Deals damage and has a high critical-hit ratio.","0 (normal priority)","one adjacent target","Yes","contact, protect, mirror","","","","","","","","","","","complete","Source-verified against the pinned Clovermon Showdown move definition and its custom callbacks.","battle-simulator mechanics only; no Nintendo DS animation supplied","The audited Clovermon Showdown repository is a battle-simulator mechanics source and contains no move-animation assets or per-move animation mappings.","no source animation evidence","","","choose an existing Platinum/hg-engine DS animation analog or build/adapt a new DS animation during implementation","Repository-wide searches for animation, move animation, battle animation, and anim returned no source evidence for these custom moves. No animation was guessed.","manifests/CLOVER_DS_ANIMATION_PASS_07.csv"
"SUPERSNORE","Super Snore","Super Snore","Pokemon Clover (via Clovermon Showdown)","Squeetz/clovermon-showdown","008196c839c1efe859e2d59c092c88370b7752d6","data/moves.ts","Ice","Physical","255","100","10","Deals very high damage but can only be used successfully while the user is asleep or has Comatose. It is a sound-based move and bypasses Substitute.","0 (normal priority)","one adjacent target","No","protect, mirror, sound, authentic","","","","","","","","","","","complete","Source-verified against the pinned Clovermon Showdown move definition and its custom callbacks.","battle-simulator mechanics only; no Nintendo DS animation supplied","The audited Clovermon Showdown repository is a battle-simulator mechanics source and contains no move-animation assets or per-move animation mappings.","no source animation evidence","","","choose an existing Platinum/hg-engine DS animation analog or build/adapt a new DS animation during implementation","Repository-wide searches for animation, move animation, battle animation, and anim returned no source evidence for these custom moves. No animation was guessed.","manifests/CLOVER_DS_ANIMATION_PASS_07.csv"
"SWINDLE","Swindle","Swindle","Pokemon Clover (via Clovermon Showdown)","Squeetz/clovermon-showdown","008196c839c1efe859e2d59c092c88370b7752d6","data/moves.ts","Dark","Special","100","100","5","Deals damage and, if the user is not holding an item, steals the target's held item when possible. It will not steal while the user is in the middle of consuming a Gem.","0 (normal priority)","one adjacent target","No","protect, mirror","","","","","","","","","","","complete","Source-verified against the pinned Clovermon Showdown move definition and its custom callbacks.","battle-simulator mechanics only; no Nintendo DS animation supplied","The audited Clovermon Showdown repository is a battle-simulator mechanics source and contains no move-animation assets or per-move animation mappings.","no source animation evidence","","","choose an existing Platinum/hg-engine DS animation analog or build/adapt a new DS animation during implementation","Repository-wide searches for animation, move animation, battle animation, and anim returned no source evidence for these custom moves. No animation was guessed.","manifests/CLOVER_DS_ANIMATION_PASS_07.csv"
"TOKE","Toke","Toke","Pokemon Clover (via Clovermon Showdown)","Squeetz/clovermon-showdown","008196c839c1efe859e2d59c092c88370b7752d6","data/moves.ts","Fire","Status","0","0","20","Raises the user's Attack, Sp. Atk, and Speed by 2 stages each, but lowers the user's Defense and Sp. Def by 1 stage each.","0 (normal priority)","the user","No","snatch","","","","","","","","","","","complete","Source-verified against the pinned Clovermon Showdown move definition and its custom callbacks.","battle-simulator mechanics only; no Nintendo DS animation supplied","The audited Clovermon Showdown repository is a battle-simulator mechanics source and contains no move-animation assets or per-move animation mappings.","no source animation evidence","","","choose an existing Platinum/hg-engine DS animation analog or build/adapt a new DS animation during implementation","Repository-wide searches for animation, move animation, battle animation, and anim returned no source evidence for these custom moves. No animation was guessed.","manifests/CLOVER_DS_ANIMATION_PASS_07.csv"
"TOXIRAVAGE","Toxiravage","Toxiravage","Pokemon Clover (via Clovermon Showdown)","Squeetz/clovermon-showdown","008196c839c1efe859e2d59c092c88370b7752d6","data/moves.ts","Poison","Physical","80","100","10","Deals 80 base-power Poison-type physical damage with 100% accuracy and 10 PP. It makes contact and has +1 priority. No additional secondary effect is defined in the pinned Clover source.","+1 (priority)","one adjacent target","Yes","contact, protect, mirror","","","","","","","","","","","complete","Source-verified against the pinned Clovermon Showdown move definition and its custom callbacks.","battle-simulator mechanics only; no Nintendo DS animation supplied","The audited Clovermon Showdown repository is a battle-simulator mechanics source and contains no move-animation assets or per-move animation mappings.","no source animation evidence","","","choose an existing Platinum/hg-engine DS animation analog or build/adapt a new DS animation during implementation","Repository-wide searches for animation, move animation, battle animation, and anim returned no source evidence for these custom moves. No animation was guessed.","manifests/CLOVER_DS_ANIMATION_PASS_07.csv"
"TRIGGER","Trigger","Trigger","Pokemon Clover (via Clovermon Showdown)","Squeetz/clovermon-showdown","008196c839c1efe859e2d59c092c88370b7752d6","data/moves.ts","Psychic","Physical","30","100","15","Deals damage and doubles in power when used consecutively: 30 → 60 → 120 base power. The chain resets if the move is not refreshed on the next turn.","0 (normal priority)","one adjacent target","Yes","contact, protect, mirror","","","","","","","","","","","complete","Source-verified against the pinned Clovermon Showdown move definition and its custom callbacks.","battle-simulator mechanics only; no Nintendo DS animation supplied","The audited Clovermon Showdown repository is a battle-simulator mechanics source and contains no move-animation assets or per-move animation mappings.","no source animation evidence","","","choose an existing Platinum/hg-engine DS animation analog or build/adapt a new DS animation during implementation","Repository-wide searches for animation, move animation, battle animation, and anim returned no source evidence for these custom moves. No animation was guessed.","manifests/CLOVER_DS_ANIMATION_PASS_07.csv"
"SUDOKU","Sudoku","Sudoku","Pokemon Clover (via Clovermon Showdown)","Squeetz/clovermon-showdown","008196c839c1efe859e2d59c092c88370b7752d6","data/moves.ts","Normal","Status","0","100","5","Causes the user to faint when the move successfully resolves.","0 (normal priority)","the user","No","No special move flags recorded in the source block","","","","","","","","","","","complete","Source-verified against the pinned Clovermon Showdown move definition and its custom callbacks.","battle-simulator mechanics only; no Nintendo DS animation supplied","The audited Clovermon Showdown repository is a battle-simulator mechanics source and contains no move-animation assets or per-move animation mappings.","no source animation evidence","","","choose an existing Platinum/hg-engine DS animation analog or build/adapt a new DS animation during implementation","Repository-wide searches for animation, move animation, battle animation, and anim returned no source evidence for these custom moves. No animation was guessed.","manifests/CLOVER_DS_ANIMATION_PASS_07.csv"
"TIROTEO","Shootout","Tiroteo","Pokemon Opalo (via xorgies/PokemonOpalo data mirror)","xorgies/PokemonOpalo","2133a2c0db1a0d8a78a6cc7090fddc62a0d0afeb","JsonTransformer/txt/opalo/moves.txt","Dark","Physical","25","95","20","A 25 base-power physical Dark-type attack that hits 2–5 times per use. Each hit has 25 base power. It has 95% accuracy and 20 PP. No additional secondary effect is encoded in the source row.","0 (normal priority)","One target other than the user","No","physical-dark;multi-hit;projectile","No secondary effect","","","Hits 2–5 times; 25 BP per hit.","","","","","Dispara una salva de proyectiles de 2 a 5 veces.","","complete","Source-verified against the pinned xorgies/PokemonOpalo Opalo move-data mirror. Spanish source text is represented by an English review explanation rather than requiring the reviewer to interpret the original text.","no battle-animation assets/scripts present in the audited data mirror","The audited xorgies/PokemonOpalo repository exposes move-definition data, but no move-animation assets or per-move visual mapping data were found for these custom moves.","no source animation evidence","","","choose an existing Platinum/hg-engine DS animation analog or build/adapt a new DS animation during implementation","Repository-wide searches for animation, move animation, battle animation, anim, moveanimations, Animations.rxdata, and PkmnAnimations returned no source evidence for these custom moves. The pinned moves.txt records move mechanics/data only; no animation was guessed.","manifests/OPALO_DS_ANIMATION_PASS_08.csv"
"ELECTROBABA","Electro Slime","Electrobaba","Pokemon Opalo (via xorgies/PokemonOpalo data mirror)","xorgies/PokemonOpalo","2133a2c0db1a0d8a78a6cc7090fddc62a0d0afeb","JsonTransformer/txt/opalo/moves.txt","Electric","Special","85","100","15","Damages and lowers Speed. 100% Speed reduction effect in source data.","0 (normal priority)","All opposing Pokémon","No","special-electric;speed-drop;spread","100%","","","","","","","","","","complete","Source-verified against the pinned xorgies/PokemonOpalo Opalo move-data mirror. Spanish source text is represented by an English review explanation rather than requiring the reviewer to interpret the original text.","no battle-animation assets/scripts present in the audited data mirror","The audited xorgies/PokemonOpalo repository exposes move-definition data, but no move-animation assets or per-move visual mapping data were found for these custom moves.","no source animation evidence","","","choose an existing Platinum/hg-engine DS animation analog or build/adapt a new DS animation during implementation","Repository-wide searches for animation, move animation, battle animation, anim, moveanimations, Animations.rxdata, and PkmnAnimations returned no source evidence for these custom moves. The pinned moves.txt records move mechanics/data only; no animation was guessed.","manifests/OPALO_DS_ANIMATION_PASS_08.csv"
"FUEGOLUNAR","Moonfire","Fuego Lunar","Pokemon Opalo (via xorgies/PokemonOpalo data mirror)","xorgies/PokemonOpalo","2133a2c0db1a0d8a78a6cc7090fddc62a0d0afeb","JsonTransformer/txt/opalo/moves.txt","Fire","Special","95","100","15","Deals damage. 20% chance to lower Sp. Def.","0 (normal priority)","One target other than the user","No","special-fire;spdef-drop","20%","","","","","","","","","","complete","Source-verified against the pinned xorgies/PokemonOpalo Opalo move-data mirror. Spanish source text is represented by an English review explanation rather than requiring the reviewer to interpret the original text.","no battle-animation assets/scripts present in the audited data mirror","The audited xorgies/PokemonOpalo repository exposes move-definition data, but no move-animation assets or per-move visual mapping data were found for these custom moves.","no source animation evidence","","","choose an existing Platinum/hg-engine DS animation analog or build/adapt a new DS animation during implementation","Repository-wide searches for animation, move animation, battle animation, anim, moveanimations, Animations.rxdata, and PkmnAnimations returned no source evidence for these custom moves. The pinned moves.txt records move mechanics/data only; no animation was guessed.","manifests/OPALO_DS_ANIMATION_PASS_08.csv"
"ROMPEHIELOS","Icebreaker","Rompehielos","Pokemon Opalo (via xorgies/PokemonOpalo data mirror)","xorgies/PokemonOpalo","2133a2c0db1a0d8a78a6cc7090fddc62a0d0afeb","JsonTransformer/txt/opalo/moves.txt","Ice","Physical","120","95","15","High-power recoil attack. Source row also carries a 10% effect-chance field.","0 (normal priority)","One target other than the user","Yes","physical-ice;recoil;contact;high-power","10%","","","","","","","","","","complete","Source-verified against the pinned xorgies/PokemonOpalo Opalo move-data mirror. Spanish source text is represented by an English review explanation rather than requiring the reviewer to interpret the original text.","no battle-animation assets/scripts present in the audited data mirror","The audited xorgies/PokemonOpalo repository exposes move-definition data, but no move-animation assets or per-move visual mapping data were found for these custom moves.","no source animation evidence","","","choose an existing Platinum/hg-engine DS animation analog or build/adapt a new DS animation during implementation","Repository-wide searches for animation, move animation, battle animation, anim, moveanimations, Animations.rxdata, and PkmnAnimations returned no source evidence for these custom moves. The pinned moves.txt records move mechanics/data only; no animation was guessed.","manifests/OPALO_DS_ANIMATION_PASS_08.csv"
"TRINCHAR","Carve","Trinchar","Pokemon Opalo (via xorgies/PokemonOpalo data mirror)","xorgies/PokemonOpalo","2133a2c0db1a0d8a78a6cc7090fddc62a0d0afeb","JsonTransformer/txt/opalo/moves.txt","Steel","Physical","10","90","10","Hits three times with increasing power.","0 (normal priority)","One target other than the user","Yes","physical-steel;three-hit;scaling-power;contact","","","","","","","","","","","complete","Source-verified against the pinned xorgies/PokemonOpalo Opalo move-data mirror. Spanish source text is represented by an English review explanation rather than requiring the reviewer to interpret the original text.","no battle-animation assets/scripts present in the audited data mirror","The audited xorgies/PokemonOpalo repository exposes move-definition data, but no move-animation assets or per-move visual mapping data were found for these custom moves.","no source animation evidence","","","choose an existing Platinum/hg-engine DS animation analog or build/adapt a new DS animation during implementation","Repository-wide searches for animation, move animation, battle animation, anim, moveanimations, Animations.rxdata, and PkmnAnimations returned no source evidence for these custom moves. The pinned moves.txt records move mechanics/data only; no animation was guessed.","manifests/OPALO_DS_ANIMATION_PASS_08.csv"
"DESBANDADA","Stampede","Desbandada","Pokemon Opalo (via xorgies/PokemonOpalo data mirror)","xorgies/PokemonOpalo","2133a2c0db1a0d8a78a6cc7090fddc62a0d0afeb","JsonTransformer/txt/opalo/moves.txt","Flying","Physical","75","100","16","User switches out after dealing damage.","0 (normal priority)","One target other than the user","Yes","physical-flying;pivot;contact","","","","","","","","","","","complete","Source-verified against the pinned xorgies/PokemonOpalo Opalo move-data mirror. Spanish source text is represented by an English review explanation rather than requiring the reviewer to interpret the original text.","no battle-animation assets/scripts present in the audited data mirror","The audited xorgies/PokemonOpalo repository exposes move-definition data, but no move-animation assets or per-move visual mapping data were found for these custom moves.","no source animation evidence","","","choose an existing Platinum/hg-engine DS animation analog or build/adapt a new DS animation during implementation","Repository-wide searches for animation, move animation, battle animation, anim, moveanimations, Animations.rxdata, and PkmnAnimations returned no source evidence for these custom moves. The pinned moves.txt records move mechanics/data only; no animation was guessed.","manifests/OPALO_DS_ANIMATION_PASS_08.csv"
"FIEBREORO","Gold Rush","Fiebre del Oro","Pokemon Opalo (via xorgies/PokemonOpalo data mirror)","xorgies/PokemonOpalo","2133a2c0db1a0d8a78a6cc7090fddc62a0d0afeb","JsonTransformer/txt/opalo/moves.txt","Dark","Status","0","","10","Strongly raises the user's Attack and Speed.","0 (normal priority)","The user","No","status-dark;attack-boost;speed-boost;setup","","","","","","","","","","","complete","Source-verified against the pinned xorgies/PokemonOpalo Opalo move-data mirror. Spanish source text is represented by an English review explanation rather than requiring the reviewer to interpret the original text.","no battle-animation assets/scripts present in the audited data mirror","The audited xorgies/PokemonOpalo repository exposes move-definition data, but no move-animation assets or per-move visual mapping data were found for these custom moves.","no source animation evidence","","","choose an existing Platinum/hg-engine DS animation analog or build/adapt a new DS animation during implementation","Repository-wide searches for animation, move animation, battle animation, anim, moveanimations, Animations.rxdata, and PkmnAnimations returned no source evidence for these custom moves. The pinned moves.txt records move mechanics/data only; no animation was guessed.","manifests/OPALO_DS_ANIMATION_PASS_08.csv"
"MALDIGNICION","Malediction","Maldignición","Pokemon Opalo (via xorgies/PokemonOpalo data mirror)","xorgies/PokemonOpalo","2133a2c0db1a0d8a78a6cc7090fddc62a0d0afeb","JsonTransformer/txt/opalo/moves.txt","Ghost","Special","80","100","15","Deals 80 base-power Ghost-type special damage with 100% accuracy and 15 PP. It has a 30% chance to burn the target.","0 (normal priority)","One target other than the user","No","special-ghost;burn","30%","","","","","","","","","","complete","Source-verified against the pinned xorgies/PokemonOpalo Opalo move-data mirror. Spanish source text is represented by an English review explanation rather than requiring the reviewer to interpret the original text.","no battle-animation assets/scripts present in the audited data mirror","The audited xorgies/PokemonOpalo repository exposes move-definition data, but no move-animation assets or per-move visual mapping data were found for these custom moves.","no source animation evidence","","","choose an existing Platinum/hg-engine DS animation analog or build/adapt a new DS animation during implementation","Repository-wide searches for animation, move animation, battle animation, anim, moveanimations, Animations.rxdata, and PkmnAnimations returned no source evidence for these custom moves. The pinned moves.txt records move mechanics/data only; no animation was guessed.","manifests/OPALO_DS_ANIMATION_PASS_08.csv"
"LIMPIASUENOS","Dream Cleanse","Limpia Sueños","Pokemon Opalo (via xorgies/PokemonOpalo data mirror)","xorgies/PokemonOpalo","2133a2c0db1a0d8a78a6cc7090fddc62a0d0afeb","JsonTransformer/txt/opalo/moves.txt","Fairy","Special","120","100","15","Drains 50% of damage dealt to a sleeping the target. Requires a sleeping target.","0 (normal priority)","One target other than the user","No","special-fairy;drain;sleep-dependent","","","","","","","","","","","complete","Source-verified against the pinned xorgies/PokemonOpalo Opalo move-data mirror. Spanish source text is represented by an English review explanation rather than requiring the reviewer to interpret the original text.","no battle-animation assets/scripts present in the audited data mirror","The audited xorgies/PokemonOpalo repository exposes move-definition data, but no move-animation assets or per-move visual mapping data were found for these custom moves.","no source animation evidence","","","choose an existing Platinum/hg-engine DS animation analog or build/adapt a new DS animation during implementation","Repository-wide searches for animation, move animation, battle animation, anim, moveanimations, Animations.rxdata, and PkmnAnimations returned no source evidence for these custom moves. The pinned moves.txt records move mechanics/data only; no animation was guessed.","manifests/OPALO_DS_ANIMATION_PASS_08.csv"
"ALAFUNESTA","Dire Wing","Ala Funesta","Pokemon Opalo (via xorgies/PokemonOpalo data mirror)","xorgies/PokemonOpalo","2133a2c0db1a0d8a78a6cc7090fddc62a0d0afeb","JsonTransformer/txt/opalo/moves.txt","Flying","Special","75","100","10","Deals 75 base-power Flying-type special damage with 100% accuracy and 10 PP. The user restores HP equal to 50% of the damage dealt.","0 (normal priority)","One target other than the user","No","special-flying;drain","","","","","","","","","","","complete","Source-verified against the pinned xorgies/PokemonOpalo Opalo move-data mirror. Spanish source text is represented by an English review explanation rather than requiring the reviewer to interpret the original text.","no battle-animation assets/scripts present in the audited data mirror","The audited xorgies/PokemonOpalo repository exposes move-definition data, but no move-animation assets or per-move visual mapping data were found for these custom moves.","no source animation evidence","","","choose an existing Platinum/hg-engine DS animation analog or build/adapt a new DS animation during implementation","Repository-wide searches for animation, move animation, battle animation, anim, moveanimations, Animations.rxdata, and PkmnAnimations returned no source evidence for these custom moves. The pinned moves.txt records move mechanics/data only; no animation was guessed.","manifests/OPALO_DS_ANIMATION_PASS_08.csv"
"FURIATOTEMICA","Totemic Fury","Furia Totémica","Pokemon Opalo (via xorgies/PokemonOpalo data mirror)","xorgies/PokemonOpalo","2133a2c0db1a0d8a78a6cc7090fddc62a0d0afeb","JsonTransformer/txt/opalo/moves.txt","Ground","Special","90","100","10","Deals 90 base-power special Ground-type damage. It has a 30% chance to inflict one of burn, paralysis, or freeze on the target.","0 (normal priority)","One target other than the user","No","special-ground;tri-status","30%","30% chance to inflict burn, paralysis, or freeze.","","","","","","","Invoca la furia de los ancestros para atacar al oponente. Puede quemar, paralizar o congelar.","","complete","Source-verified against the pinned xorgies/PokemonOpalo Opalo move-data mirror. Spanish source text is represented by an English review explanation rather than requiring the reviewer to interpret the original text.","no battle-animation assets/scripts present in the audited data mirror","The audited xorgies/PokemonOpalo repository exposes move-definition data, but no move-animation assets or per-move visual mapping data were found for these custom moves.","no source animation evidence","","","choose an existing Platinum/hg-engine DS animation analog or build/adapt a new DS animation during implementation","Repository-wide searches for animation, move animation, battle animation, anim, moveanimations, Animations.rxdata, and PkmnAnimations returned no source evidence for these custom moves. The pinned moves.txt records move mechanics/data only; no animation was guessed.","manifests/OPALO_DS_ANIMATION_PASS_08.csv"
"ZARZAS","Brambles","Zarzas","Pokemon Opalo (via xorgies/PokemonOpalo data mirror)","xorgies/PokemonOpalo","2133a2c0db1a0d8a78a6cc7090fddc62a0d0afeb","JsonTransformer/txt/opalo/moves.txt","Grass","Physical","90","95","15","Deals 90 base-power physical Grass-type damage with 95% accuracy, then partially traps the target for 4–5 turns. While trapped, the target cannot switch normally and loses 1/16 of its maximum HP at the end of each turn. The exact 0CF effect family used by Zarzas is the same binding function used by Bind, Wrap, Fire Spin, and Sand Tomb in the pinned data; the matching Essentials implementation defines the 4–5 turn duration and 1/16 max-HP residual damage.","0 (normal priority)","one adjacent target","Yes","physical-grass;trap;residual;contact","100% trapping effect after a successful hit","Binding/trapping residual-damage effect.","","4–5 turns of trapping after a successful damaging hit","","","Prevents the trapped target from switching normally while the binding effect lasts","","Ataca al oponente con unas zarzas que le van haciendo daño al final de cada turno.","None. The mirrored Opalo data identifies effect family 0CF; the same family is used by the source's standard binding moves, and its matching Pokémon Essentials implementation explicitly defines 4–5 turns and 1/16 max-HP end-of-turn damage.","source-limited","Verified against the pinned Opalo move-data mirror plus the corresponding Pokémon Essentials PokeBattle_Move_0CF binding implementation.","no battle-animation assets/scripts present in the audited data mirror","The audited xorgies/PokemonOpalo repository exposes move-definition data, but no move-animation assets or per-move visual mapping data were found for these custom moves.","no source animation evidence","","","choose an existing Platinum/hg-engine DS animation analog or build/adapt a new DS animation during implementation","Repository-wide searches for animation, move animation, battle animation, anim, moveanimations, Animations.rxdata, and PkmnAnimations returned no source evidence for these custom moves. The pinned moves.txt records move mechanics/data only; no animation was guessed.","manifests/OPALO_DS_ANIMATION_PASS_08.csv"
"SOMBRATELA","Shadow Web","Sombratela","Pokemon Opalo (via xorgies/PokemonOpalo data mirror)","xorgies/PokemonOpalo","2133a2c0db1a0d8a78a6cc7090fddc62a0d0afeb","JsonTransformer/txt/opalo/moves.txt","Dark","Physical","70","100","15","Damages and lowers Speed. 100% Speed reduction effect in source data.","0 (normal priority)","One target other than the user","No","physical-dark;speed-drop","100%","","","","","","","","","","complete","Source-verified against the pinned xorgies/PokemonOpalo Opalo move-data mirror. Spanish source text is represented by an English review explanation rather than requiring the reviewer to interpret the original text.","no battle-animation assets/scripts present in the audited data mirror","The audited xorgies/PokemonOpalo repository exposes move-definition data, but no move-animation assets or per-move visual mapping data were found for these custom moves.","no source animation evidence","","","choose an existing Platinum/hg-engine DS animation analog or build/adapt a new DS animation during implementation","Repository-wide searches for animation, move animation, battle animation, anim, moveanimations, Animations.rxdata, and PkmnAnimations returned no source evidence for these custom moves. The pinned moves.txt records move mechanics/data only; no animation was guessed.","manifests/OPALO_DS_ANIMATION_PASS_08.csv"
"ABRAZOFEROZ","Fierce Hug","Abrazo Feroz","Pokemon Opalo (via xorgies/PokemonOpalo data mirror)","xorgies/PokemonOpalo","2133a2c0db1a0d8a78a6cc7090fddc62a0d0afeb","JsonTransformer/txt/opalo/moves.txt","Dark","Physical","90","100","10","Deals damage. 30% source chance associated with paralysis/flinch behavior.","0 (normal priority)","One target other than the user","Yes","physical-dark;contact;paralysis;flinch","30%","","","","","","","","","","complete","Source-verified against the pinned xorgies/PokemonOpalo Opalo move-data mirror. Spanish source text is represented by an English review explanation rather than requiring the reviewer to interpret the original text.","no battle-animation assets/scripts present in the audited data mirror","The audited xorgies/PokemonOpalo repository exposes move-definition data, but no move-animation assets or per-move visual mapping data were found for these custom moves.","no source animation evidence","","","choose an existing Platinum/hg-engine DS animation analog or build/adapt a new DS animation during implementation","Repository-wide searches for animation, move animation, battle animation, anim, moveanimations, Animations.rxdata, and PkmnAnimations returned no source evidence for these custom moves. The pinned moves.txt records move mechanics/data only; no animation was guessed.","manifests/OPALO_DS_ANIMATION_PASS_08.csv"
"GEOIMPACTO","Geo Impact","Geoimpacto","Pokemon Opalo (via xorgies/PokemonOpalo data mirror)","xorgies/PokemonOpalo","2133a2c0db1a0d8a78a6cc7090fddc62a0d0afeb","JsonTransformer/txt/opalo/moves.txt","Ground","Special","140","100","5","High-power damage; sharply lowers the user's Sp. Atk.","0 (normal priority)","One target other than the user","No","special-ground;self-spatk-drop;high-power","100%","","","","","","","","","","complete","Source-verified against the pinned xorgies/PokemonOpalo Opalo move-data mirror. Spanish source text is represented by an English review explanation rather than requiring the reviewer to interpret the original text.","no battle-animation assets/scripts present in the audited data mirror","The audited xorgies/PokemonOpalo repository exposes move-definition data, but no move-animation assets or per-move visual mapping data were found for these custom moves.","no source animation evidence","","","choose an existing Platinum/hg-engine DS animation analog or build/adapt a new DS animation during implementation","Repository-wide searches for animation, move animation, battle animation, anim, moveanimations, Animations.rxdata, and PkmnAnimations returned no source evidence for these custom moves. The pinned moves.txt records move mechanics/data only; no animation was guessed.","manifests/OPALO_DS_ANIMATION_PASS_08.csv"
"PIPADELAPAZ","Peace Pipe","Pipa de la Paz","Pokemon Opalo (via xorgies/PokemonOpalo data mirror)","xorgies/PokemonOpalo","2133a2c0db1a0d8a78a6cc7090fddc62a0d0afeb","JsonTransformer/txt/opalo/moves.txt","Psychic","Special","85","100","15","Deals damage. 30% chance to lower the target's Attack.","0 (normal priority)","One target other than the user","No","special-psychic;attack-drop","30%","","","","","","","","","","complete","Source-verified against the pinned xorgies/PokemonOpalo Opalo move-data mirror. Spanish source text is represented by an English review explanation rather than requiring the reviewer to interpret the original text.","no battle-animation assets/scripts present in the audited data mirror","The audited xorgies/PokemonOpalo repository exposes move-definition data, but no move-animation assets or per-move visual mapping data were found for these custom moves.","no source animation evidence","","","choose an existing Platinum/hg-engine DS animation analog or build/adapt a new DS animation during implementation","Repository-wide searches for animation, move animation, battle animation, anim, moveanimations, Animations.rxdata, and PkmnAnimations returned no source evidence for these custom moves. The pinned moves.txt records move mechanics/data only; no animation was guessed.","manifests/OPALO_DS_ANIMATION_PASS_08.csv"
"BORRASCA","Squall","Borrasca","Pokemon Opalo (via xorgies/PokemonOpalo data mirror)","xorgies/PokemonOpalo","2133a2c0db1a0d8a78a6cc7090fddc62a0d0afeb","JsonTransformer/txt/opalo/moves.txt","Electric","Special","120","80","5","High-power damage. 30% chance to confuse.","0 (normal priority)","One target other than the user","No","special-electric;confusion;high-power","30%","","","","","","","","","","complete","Source-verified against the pinned xorgies/PokemonOpalo Opalo move-data mirror. Spanish source text is represented by an English review explanation rather than requiring the reviewer to interpret the original text.","no battle-animation assets/scripts present in the audited data mirror","The audited xorgies/PokemonOpalo repository exposes move-definition data, but no move-animation assets or per-move visual mapping data were found for these custom moves.","no source animation evidence","","","choose an existing Platinum/hg-engine DS animation analog or build/adapt a new DS animation during implementation","Repository-wide searches for animation, move animation, battle animation, anim, moveanimations, Animations.rxdata, and PkmnAnimations returned no source evidence for these custom moves. The pinned moves.txt records move mechanics/data only; no animation was guessed.","manifests/OPALO_DS_ANIMATION_PASS_08.csv"
"OJOSTERRIBLES","Dreadful Eyes","Ojos Terribles","Pokemon Opalo (via xorgies/PokemonOpalo data mirror)","xorgies/PokemonOpalo","2133a2c0db1a0d8a78a6cc7090fddc62a0d0afeb","JsonTransformer/txt/opalo/moves.txt","Ghost","Special","85","100","15","Deals damage. 30% chance to paralyze.","0 (normal priority)","One target other than the user","No","special-ghost;paralysis","30%","","","","","","","","","","complete","Source-verified against the pinned xorgies/PokemonOpalo Opalo move-data mirror. Spanish source text is represented by an English review explanation rather than requiring the reviewer to interpret the original text.","no battle-animation assets/scripts present in the audited data mirror","The audited xorgies/PokemonOpalo repository exposes move-definition data, but no move-animation assets or per-move visual mapping data were found for these custom moves.","no source animation evidence","","","choose an existing Platinum/hg-engine DS animation analog or build/adapt a new DS animation during implementation","Repository-wide searches for animation, move animation, battle animation, anim, moveanimations, Animations.rxdata, and PkmnAnimations returned no source evidence for these custom moves. The pinned moves.txt records move mechanics/data only; no animation was guessed.","manifests/OPALO_DS_ANIMATION_PASS_08.csv"
"DRENANIMA","Soul Drain","Drenánima","Pokemon Opalo (via xorgies/PokemonOpalo data mirror)","xorgies/PokemonOpalo","2133a2c0db1a0d8a78a6cc7090fddc62a0d0afeb","JsonTransformer/txt/opalo/moves.txt","Ghost","Special","80","100","10","Deals 80 base-power Ghost-type special damage with 100% accuracy and 10 PP. The user restores HP equal to 50% of the damage dealt.","0 (normal priority)","One target other than the user","No","special-ghost;drain","100%","","","","","","","","","","complete","Source-verified against the pinned xorgies/PokemonOpalo Opalo move-data mirror. Spanish source text is represented by an English review explanation rather than requiring the reviewer to interpret the original text.","no battle-animation assets/scripts present in the audited data mirror","The audited xorgies/PokemonOpalo repository exposes move-definition data, but no move-animation assets or per-move visual mapping data were found for these custom moves.","no source animation evidence","","","choose an existing Platinum/hg-engine DS animation analog or build/adapt a new DS animation during implementation","Repository-wide searches for animation, move animation, battle animation, anim, moveanimations, Animations.rxdata, and PkmnAnimations returned no source evidence for these custom moves. The pinned moves.txt records move mechanics/data only; no animation was guessed.","manifests/OPALO_DS_ANIMATION_PASS_08.csv"
"DANZAVUDU","Voodoo Dance","Danza Vudú","Pokemon Opalo (via xorgies/PokemonOpalo data mirror)","xorgies/PokemonOpalo","2133a2c0db1a0d8a78a6cc7090fddc62a0d0afeb","JsonTransformer/txt/opalo/moves.txt","Poison","Special","80","100","15","Deals damage. 30% chance to raise the user's Sp. Atk.","0 (normal priority)","One target other than the user","No","special-poison;self-spatk-boost","30%","","","","","","","","","","complete","Source-verified against the pinned xorgies/PokemonOpalo Opalo move-data mirror. Spanish source text is represented by an English review explanation rather than requiring the reviewer to interpret the original text.","no battle-animation assets/scripts present in the audited data mirror","The audited xorgies/PokemonOpalo repository exposes move-definition data, but no move-animation assets or per-move visual mapping data were found for these custom moves.","no source animation evidence","","","choose an existing Platinum/hg-engine DS animation analog or build/adapt a new DS animation during implementation","Repository-wide searches for animation, move animation, battle animation, anim, moveanimations, Animations.rxdata, and PkmnAnimations returned no source evidence for these custom moves. The pinned moves.txt records move mechanics/data only; no animation was guessed.","manifests/OPALO_DS_ANIMATION_PASS_08.csv"
"CHOQUEVAPOR","Steam Strike","Choque Vapor","Pokemon Opalo (via xorgies/PokemonOpalo data mirror)","xorgies/PokemonOpalo","2133a2c0db1a0d8a78a6cc7090fddc62a0d0afeb","JsonTransformer/txt/opalo/moves.txt","Fire","Physical","100","100","10","Deals damage and lowers the user's Speed. 100% self Speed drop in source data.","0 (normal priority)","One target other than the user","Yes","physical-fire;contact;self-speed-drop","100%","","","","","","","","","","complete","Source-verified against the pinned xorgies/PokemonOpalo Opalo move-data mirror. Spanish source text is represented by an English review explanation rather than requiring the reviewer to interpret the original text.","no battle-animation assets/scripts present in the audited data mirror","The audited xorgies/PokemonOpalo repository exposes move-definition data, but no move-animation assets or per-move visual mapping data were found for these custom moves.","no source animation evidence","","","choose an existing Platinum/hg-engine DS animation analog or build/adapt a new DS animation during implementation","Repository-wide searches for animation, move animation, battle animation, anim, moveanimations, Animations.rxdata, and PkmnAnimations returned no source evidence for these custom moves. The pinned moves.txt records move mechanics/data only; no animation was guessed.","manifests/OPALO_DS_ANIMATION_PASS_08.csv"
"PATADAGELIDA","Icy Kick","Patada Gélida","Pokemon Opalo (via xorgies/PokemonOpalo data mirror)","xorgies/PokemonOpalo","2133a2c0db1a0d8a78a6cc7090fddc62a0d0afeb","JsonTransformer/txt/opalo/moves.txt","Ice","Physical","85","95","10","Deals damage. 10% chance to freeze.","0 (normal priority)","One target other than the user","Yes","physical-ice;contact;kick;freeze","10%","","","","","","","","","","complete","Source-verified against the pinned xorgies/PokemonOpalo Opalo move-data mirror. Spanish source text is represented by an English review explanation rather than requiring the reviewer to interpret the original text.","no battle-animation assets/scripts present in the audited data mirror","The audited xorgies/PokemonOpalo repository exposes move-definition data, but no move-animation assets or per-move visual mapping data were found for these custom moves.","no source animation evidence","","","choose an existing Platinum/hg-engine DS animation analog or build/adapt a new DS animation during implementation","Repository-wide searches for animation, move animation, battle animation, anim, moveanimations, Animations.rxdata, and PkmnAnimations returned no source evidence for these custom moves. The pinned moves.txt records move mechanics/data only; no animation was guessed.","manifests/OPALO_DS_ANIMATION_PASS_08.csv"
"COLMILLOSALVAJE","Wild Fangs","Colm. Salvaje","Pokemon Opalo (via xorgies/PokemonOpalo data mirror)","xorgies/PokemonOpalo","2133a2c0db1a0d8a78a6cc7090fddc62a0d0afeb","JsonTransformer/txt/opalo/moves.txt","Normal","Physical","90","100","10","Deals 90 base-power physical Normal-type damage. It has a 30% chance to inflict one of burn, paralysis, or freeze on the target.","0 (normal priority)","One target other than the user","No","physical-normal;fang;tri-status","30%","30% chance to inflict burn, paralysis, or freeze.","","","","","","","Un potente colmillo de fuerza elemental. Puede quemar, paralizar o congelar.","","complete","Source-verified against the pinned xorgies/PokemonOpalo Opalo move-data mirror. Spanish source text is represented by an English review explanation rather than requiring the reviewer to interpret the original text.","no battle-animation assets/scripts present in the audited data mirror","The audited xorgies/PokemonOpalo repository exposes move-definition data, but no move-animation assets or per-move visual mapping data were found for these custom moves.","no source animation evidence","","","choose an existing Platinum/hg-engine DS animation analog or build/adapt a new DS animation during implementation","Repository-wide searches for animation, move animation, battle animation, anim, moveanimations, Animations.rxdata, and PkmnAnimations returned no source evidence for these custom moves. The pinned moves.txt records move mechanics/data only; no animation was guessed.","manifests/OPALO_DS_ANIMATION_PASS_08.csv"
"BRAZOMUSGO","Moss Arm","Brazo Musgo","Pokemon Opalo (via xorgies/PokemonOpalo data mirror)","xorgies/PokemonOpalo","2133a2c0db1a0d8a78a6cc7090fddc62a0d0afeb","JsonTransformer/txt/opalo/moves.txt","Grass","Physical","80","100","15","Deals damage. 50% chance to poison.","0 (normal priority)","One target other than the user","Yes","physical-grass;contact;punch;poison","50%","","","","","","","","","","complete","Source-verified against the pinned xorgies/PokemonOpalo Opalo move-data mirror. Spanish source text is represented by an English review explanation rather than requiring the reviewer to interpret the original text.","no battle-animation assets/scripts present in the audited data mirror","The audited xorgies/PokemonOpalo repository exposes move-definition data, but no move-animation assets or per-move visual mapping data were found for these custom moves.","no source animation evidence","","","choose an existing Platinum/hg-engine DS animation analog or build/adapt a new DS animation during implementation","Repository-wide searches for animation, move animation, battle animation, anim, moveanimations, Animations.rxdata, and PkmnAnimations returned no source evidence for these custom moves. The pinned moves.txt records move mechanics/data only; no animation was guessed.","manifests/OPALO_DS_ANIMATION_PASS_08.csv"
"LASERESENCIA","Essence Laser","Láser Esencia","Pokemon Opalo (via xorgies/PokemonOpalo data mirror)","xorgies/PokemonOpalo","2133a2c0db1a0d8a78a6cc7090fddc62a0d0afeb","JsonTransformer/txt/opalo/moves.txt","Normal","Special","150","100","5","Deals high-power damage with no additional secondary effect.","0 (normal priority)","One adjacent target","No","Beam-style special attack","","","","","","","","","","","complete","Source-verified against the pinned xorgies/PokemonOpalo Opalo move-data mirror. Spanish source text is represented by an English review explanation rather than requiring the reviewer to interpret the original text.","no battle-animation assets/scripts present in the audited data mirror","The audited xorgies/PokemonOpalo repository exposes move-definition data, but no move-animation assets or per-move visual mapping data were found for these custom moves.","no source animation evidence","","","choose an existing Platinum/hg-engine DS animation analog or build/adapt a new DS animation during implementation","Repository-wide searches for animation, move animation, battle animation, anim, moveanimations, Animations.rxdata, and PkmnAnimations returned no source evidence for these custom moves. The pinned moves.txt records move mechanics/data only; no animation was guessed.","manifests/OPALO_DS_ANIMATION_PASS_08.csv"
"CARICATURA","Caricature","Caricatura","Pokemon Opalo (via xorgies/PokemonOpalo data mirror)","xorgies/PokemonOpalo","2133a2c0db1a0d8a78a6cc7090fddc62a0d0afeb","JsonTransformer/txt/opalo/moves.txt","Normal","Special","70","100","10","Deals damage. 100% chance to confuse.","0 (normal priority)","One target other than the user","No","special-normal;confusion","100%","","","","","","","","","","complete","Source-verified against the pinned xorgies/PokemonOpalo Opalo move-data mirror. Spanish source text is represented by an English review explanation rather than requiring the reviewer to interpret the original text.","no battle-animation assets/scripts present in the audited data mirror","The audited xorgies/PokemonOpalo repository exposes move-definition data, but no move-animation assets or per-move visual mapping data were found for these custom moves.","no source animation evidence","","","choose an existing Platinum/hg-engine DS animation analog or build/adapt a new DS animation during implementation","Repository-wide searches for animation, move animation, battle animation, anim, moveanimations, Animations.rxdata, and PkmnAnimations returned no source evidence for these custom moves. The pinned moves.txt records move mechanics/data only; no animation was guessed.","manifests/OPALO_DS_ANIMATION_PASS_08.csv"
"FLECHASTRAL","Astral Arrow","Flecha Astral","Pokemon Opalo (via xorgies/PokemonOpalo data mirror)","xorgies/PokemonOpalo","2133a2c0db1a0d8a78a6cc7090fddc62a0d0afeb","JsonTransformer/txt/opalo/moves.txt","Fairy","Physical","25","100","20","A 25 base-power physical Fairy-type attack that hits 2–5 times per use. Each hit has 25 base power. It has 100% accuracy and 20 PP, with no additional secondary effect encoded in the source row.","0 (normal priority)","One target other than the user","Yes","physical-fairy;multi-hit;projectile","No secondary effect","","","Hits 2–5 times; 25 BP per hit.","","","","","Dispara de 2 a 5 flechas mágicas al oponente.","","complete","Source-verified against the pinned xorgies/PokemonOpalo Opalo move-data mirror. Spanish source text is represented by an English review explanation rather than requiring the reviewer to interpret the original text.","no battle-animation assets/scripts present in the audited data mirror","The audited xorgies/PokemonOpalo repository exposes move-definition data, but no move-animation assets or per-move visual mapping data were found for these custom moves.","no source animation evidence","","","choose an existing Platinum/hg-engine DS animation analog or build/adapt a new DS animation during implementation","Repository-wide searches for animation, move animation, battle animation, anim, moveanimations, Animations.rxdata, and PkmnAnimations returned no source evidence for these custom moves. The pinned moves.txt records move mechanics/data only; no animation was guessed.","manifests/OPALO_DS_ANIMATION_PASS_08.csv"
"LINGOTAZO","Ingot Slam","Lingotazo","Pokemon Opalo (via xorgies/PokemonOpalo data mirror)","xorgies/PokemonOpalo","2133a2c0db1a0d8a78a6cc7090fddc62a0d0afeb","JsonTransformer/txt/opalo/moves.txt","Rock","Physical","95","95","15","Deals damage. 30% chance to paralyze.","0 (normal priority)","One target other than the user","Yes","physical-rock;paralysis","30%","","","","","","","","","","complete","Source-verified against the pinned xorgies/PokemonOpalo Opalo move-data mirror. Spanish source text is represented by an English review explanation rather than requiring the reviewer to interpret the original text.","no battle-animation assets/scripts present in the audited data mirror","The audited xorgies/PokemonOpalo repository exposes move-definition data, but no move-animation assets or per-move visual mapping data were found for these custom moves.","no source animation evidence","","","choose an existing Platinum/hg-engine DS animation analog or build/adapt a new DS animation during implementation","Repository-wide searches for animation, move animation, battle animation, anim, moveanimations, Animations.rxdata, and PkmnAnimations returned no source evidence for these custom moves. The pinned moves.txt records move mechanics/data only; no animation was guessed.","manifests/OPALO_DS_ANIMATION_PASS_08.csv"
"ABSORBESENCIA","Essence Drain","Absorbesencia","Pokemon Opalo (via xorgies/PokemonOpalo data mirror)","xorgies/PokemonOpalo","2133a2c0db1a0d8a78a6cc7090fddc62a0d0afeb","JsonTransformer/txt/opalo/moves.txt","Ghost","Physical","100","100","10","Deals 100 base-power Ghost-type physical damage with 100% accuracy and 10 PP. The user restores HP equal to 50% of the damage dealt.","0 (normal priority)","One target other than the user","No","physical-ghost;drain","","","","","","","","","","","complete","Source-verified against the pinned xorgies/PokemonOpalo Opalo move-data mirror. Spanish source text is represented by an English review explanation rather than requiring the reviewer to interpret the original text.","no battle-animation assets/scripts present in the audited data mirror","The audited xorgies/PokemonOpalo repository exposes move-definition data, but no move-animation assets or per-move visual mapping data were found for these custom moves.","no source animation evidence","","","choose an existing Platinum/hg-engine DS animation analog or build/adapt a new DS animation during implementation","Repository-wide searches for animation, move animation, battle animation, anim, moveanimations, Animations.rxdata, and PkmnAnimations returned no source evidence for these custom moves. The pinned moves.txt records move mechanics/data only; no animation was guessed.","manifests/OPALO_DS_ANIMATION_PASS_08.csv"
"FUERZAESENCIA","Essence Force","Fuerzaesencia","Pokemon Opalo (via xorgies/PokemonOpalo data mirror)","xorgies/PokemonOpalo","2133a2c0db1a0d8a78a6cc7090fddc62a0d0afeb","JsonTransformer/txt/opalo/moves.txt","Psychic","Special","100","100","15","Deals damage. 10% chance to lower the target's Sp. Atk.","0 (normal priority)","One target other than the user","No","special-psychic;spatk-drop;beam","10%","","","","","","","","","","complete","Source-verified against the pinned xorgies/PokemonOpalo Opalo move-data mirror. Spanish source text is represented by an English review explanation rather than requiring the reviewer to interpret the original text.","no battle-animation assets/scripts present in the audited data mirror","The audited xorgies/PokemonOpalo repository exposes move-definition data, but no move-animation assets or per-move visual mapping data were found for these custom moves.","no source animation evidence","","","choose an existing Platinum/hg-engine DS animation analog or build/adapt a new DS animation during implementation","Repository-wide searches for animation, move animation, battle animation, anim, moveanimations, Animations.rxdata, and PkmnAnimations returned no source evidence for these custom moves. The pinned moves.txt records move mechanics/data only; no animation was guessed.","manifests/OPALO_DS_ANIMATION_PASS_08.csv"
"MAGIKARPSREVENGE","Magikarp's Revenge","Magikarp's Revenge","Pokemon Sage (via Pokemon-Showdown-Sage fork)","SageFox/Pokemon-Showdown-Sage","f6757adccfc138272f10e738afdc36472387e646","data/moves.js","Water","Physical","120","0","10","Deals 120 base-power damage to one adjacent target with a 100% chance to confuse it and lower both its Defense and Special Attack by 1 stage. The user restores HP equal to 50% of the damage dealt; Big Root increases that recovery to 1.3× the normal drain amount. If the move succeeds, it sets Rain for 5 turns unless Rain is already active, gives the user Aqua Ring and Magic Coat effects, and forces the user to recharge on the following turn. The move makes contact and is restricted by the source to Magikarp.","0","One adjacent Pokémon","Yes","contact;drain;magikarp-only;rain-setting;aqua-ring;magic-coat;recharge;confusion;defense-drop;spatk-drop","100% confusion; 100% Defense -1; 100% Special Attack -1","","","","","Restores 50% of damage dealt; Big Root multiplies the drain recovery by 1.3","","Sets Rain for 5 turns if Rain is not already active","","","complete","Source-verified against the pinned Pokémon-Showdown-Sage move definition.","battle-simulator mechanics only; no Nintendo DS animation supplied","The audited SageFox/Pokemon-Showdown-Sage repository defines the custom move in data/moves.js, but no move-animation assets or per-move visual mapping data were found.","no source animation evidence","","","choose an existing Platinum/hg-engine DS animation analog or build/adapt a new DS animation during implementation","Repository-wide searches for animation, move animation, battle animation, and anim returned no source evidence. The pinned source block for Magikarp's Revenge contains mechanics only; no animation was guessed.","manifests/SAGE_DS_ANIMATION_PASS_09.csv"
"SLIMESHOT","Slime Shot","Slime Shot","Pokemon Untamed (public project repository)","untamed-team/project-untamed","8d757cdeb132c947602dce6a9f327fc5883e84c2","PBS/moves.txt","Ground","Special","85","100","10","The user fires a glob of charged slime at the target to attack. This may also lower the target’s Speed stat.","0","One adjacent Pokémon","No","CanProtect,CanMirrorMove,Bomb","10%","","","","","","","","","","complete","Source-verified against the pinned Pokémon Untamed PBS move data and, where necessary, the project's battle-script implementation.","no dedicated custom move animation mapping source-certified in first source-wide audit","Pinned Data/move2anim.dat directly maps SLIMESHOT to player-side animation ID 1149 and opponent-side animation ID 1150; the referenced animation records are stored in Data/PkmnAnimations.rxdata.","source-mapped cross-engine animation; not DS-native","source:Data/PkmnAnimations.rxdata#player=1149;opponent=1150","","recreate/convert the mapped Pokémon Essentials (RGSS) battle animation for Platinum/hg-engine DS; preserve the source mapping as visual reference","Mapping semantics are source-certified by Data/Scripts/011_Battle/003_Scene/004_Scene_PlayAnimations.rb: move2anim[0] is player-side and move2anim[1] is opposing-side.","manifests/UNTAMED_DS_ANIMATION_PASS_10.csv"
"ZEALOUSDANCE","Zealous Dance","Zealous Dance","Pokemon Untamed (public project repository)","untamed-team/project-untamed","8d757cdeb132c947602dce6a9f327fc5883e84c2","PBS/moves.txt","Dragon","Special","80","100","10","The user assaults with a frenzied dance. The user boosts the power of its next Fire-type move.","0","One adjacent Pokémon","No","CanProtect,CanMirrorMove,Dance","100%","","","","","","","","","","complete","Source-verified against the pinned Pokémon Untamed PBS move data and, where necessary, the project's battle-script implementation.","no dedicated custom move animation mapping source-certified in first source-wide audit","The Untamed source contains its battle-animation system and Data/PkmnAnimations.rxdata, but pinned Data/move2anim.dat has no direct player-side or opponent-side entry for ZEALOUSDANCE.","no direct source move-animation mapping found","","","choose a strong existing Platinum/hg-engine DS animation analog or build/adapt a new DS animation during implementation","No animation was guessed. This is distinct from projects with no animation system at all: Untamed has animation assets, but this move is not directly mapped in the pinned move2anim table.","manifests/UNTAMED_DS_ANIMATION_PASS_10.csv"
"PSYSONIC","Psysonic","Psysonic","Pokemon Untamed (public project repository)","untamed-team/project-untamed","8d757cdeb132c947602dce6a9f327fc5883e84c2","PBS/moves.txt","Psychic","Special","90","0","10","The user attacks opponents by unleashing a loud burst of sound directly into their minds. This move never misses.","0","All adjacent foes","No","CanProtect,CanMirrorMove,Sound","","","","","","","","","","","complete","Source-verified against the pinned Pokémon Untamed PBS move data and, where necessary, the project's battle-script implementation.","no dedicated custom move animation mapping source-certified in first source-wide audit","Pinned Data/move2anim.dat directly maps PSYSONIC to player-side animation ID 1159 and opponent-side animation ID 1160; the referenced animation records are stored in Data/PkmnAnimations.rxdata.","source-mapped cross-engine animation; not DS-native","source:Data/PkmnAnimations.rxdata#player=1159;opponent=1160","","recreate/convert the mapped Pokémon Essentials (RGSS) battle animation for Platinum/hg-engine DS; preserve the source mapping as visual reference","Mapping semantics are source-certified by Data/Scripts/011_Battle/003_Scene/004_Scene_PlayAnimations.rb: move2anim[0] is player-side and move2anim[1] is opposing-side.","manifests/UNTAMED_DS_ANIMATION_PASS_10.csv"
"PSYCRUSH","Psycrush","Psycrush","Pokemon Untamed (public project repository)","untamed-team/project-untamed","8d757cdeb132c947602dce6a9f327fc5883e84c2","PBS/moves.txt","Psychic","Special","80","100","10","The user crushes their foe with a telekinetic force. Damage increases with the user's Special Defense stat.","0","One adjacent Pokémon","Yes","Contact,CanProtect,CanMirrorMove","","","","","","","","","","","complete","Source-verified against the pinned Pokémon Untamed PBS move data and, where necessary, the project's battle-script implementation.","no dedicated custom move animation mapping source-certified in first source-wide audit","The Untamed source contains its battle-animation system and Data/PkmnAnimations.rxdata, but pinned Data/move2anim.dat has no direct player-side or opponent-side entry for PSYCRUSH.","no direct source move-animation mapping found","","","choose a strong existing Platinum/hg-engine DS animation analog or build/adapt a new DS animation during implementation","No animation was guessed. This is distinct from projects with no animation system at all: Untamed has animation assets, but this move is not directly mapped in the pinned move2anim table.","manifests/UNTAMED_DS_ANIMATION_PASS_10.csv"
"KINETICREND","Kinetic Rend","Kinetic Rend","Pokemon Untamed (public project repository)","untamed-team/project-untamed","8d757cdeb132c947602dce6a9f327fc5883e84c2","PBS/moves.txt","Psychic","Special","70","100","20","The user deforms the space around the target. Is super-effective on Steel-types.","0","One adjacent Pokémon","No","CanProtect,CanMirrorMove","","","","","","","","","","","complete","Source-verified against the pinned Pokémon Untamed PBS move data and, where necessary, the project's battle-script implementation.","no dedicated custom move animation mapping source-certified in first source-wide audit","The Untamed source contains its battle-animation system and Data/PkmnAnimations.rxdata, but pinned Data/move2anim.dat has no direct player-side or opponent-side entry for KINETICREND.","no direct source move-animation mapping found","","","choose a strong existing Platinum/hg-engine DS animation analog or build/adapt a new DS animation during implementation","No animation was guessed. This is distinct from projects with no animation system at all: Untamed has animation assets, but this move is not directly mapped in the pinned move2anim table.","manifests/UNTAMED_DS_ANIMATION_PASS_10.csv"
"JOLTKICK","Jolt Kick","Jolt Kick","Pokemon Untamed (public project repository)","untamed-team/project-untamed","8d757cdeb132c947602dce6a9f327fc5883e84c2","PBS/moves.txt","Electric","Physical","85","90","10","The user launches a kick with a high critical-hit ratio. It may also leave the target with paralysis.","0","One adjacent Pokémon","Yes","Contact,CanProtect,HighCriticalHitRate","10%","","","","","","","","","","complete","Source-verified against the pinned Pokémon Untamed PBS move data and, where necessary, the project's battle-script implementation.","no dedicated custom move animation mapping source-certified in first source-wide audit","Pinned Data/move2anim.dat directly maps JOLTKICK to player-side animation ID 1156; the referenced animation records are stored in Data/PkmnAnimations.rxdata.","source-mapped cross-engine animation; not DS-native","source:Data/PkmnAnimations.rxdata#player=1156","","recreate/convert the mapped Pokémon Essentials (RGSS) battle animation for Platinum/hg-engine DS; preserve the source mapping as visual reference","Mapping semantics are source-certified by Data/Scripts/011_Battle/003_Scene/004_Scene_PlayAnimations.rb: move2anim[0] is player-side and move2anim[1] is opposing-side.","manifests/UNTAMED_DS_ANIMATION_PASS_10.csv"
"FROSTKICK","Frost Kick","Frost Kick","Pokemon Untamed (public project repository)","untamed-team/project-untamed","8d757cdeb132c947602dce6a9f327fc5883e84c2","PBS/moves.txt","Ice","Physical","85","90","10","The user launches a kick with a high critical-hit ratio. It may also leave the target with frostbite.","0","One adjacent Pokémon","Yes","Contact,CanProtect,HighCriticalHitRate","10%","","","","","","","","","","complete","Source-verified against the pinned Pokémon Untamed PBS move data and, where necessary, the project's battle-script implementation.","no dedicated custom move animation mapping source-certified in first source-wide audit","The Untamed source contains its battle-animation system and Data/PkmnAnimations.rxdata, but pinned Data/move2anim.dat has no direct player-side or opponent-side entry for FROSTKICK.","no direct source move-animation mapping found","","","choose a strong existing Platinum/hg-engine DS animation analog or build/adapt a new DS animation during implementation","No animation was guessed. This is distinct from projects with no animation system at all: Untamed has animation assets, but this move is not directly mapped in the pinned move2anim table.","manifests/UNTAMED_DS_ANIMATION_PASS_10.csv"
"SCOURINGWINDS","Scouring Winds","Scouring Winds","Pokemon Untamed (public project repository)","untamed-team/project-untamed","8d757cdeb132c947602dce6a9f327fc5883e84c2","PBS/moves.txt","Flying","Special","95","90","10","The user whips up brutal winds around the opposing team. This may also lower the targets' Sp. Def stat.","0","All adjacent foes","No","CanProtect","10%","","","","","","","","","","complete","Source-verified against the pinned Pokémon Untamed PBS move data and, where necessary, the project's battle-script implementation.","no dedicated custom move animation mapping source-certified in first source-wide audit","The Untamed source contains its battle-animation system and Data/PkmnAnimations.rxdata, but pinned Data/move2anim.dat has no direct player-side or opponent-side entry for SCOURINGWINDS.","no direct source move-animation mapping found","","","choose a strong existing Platinum/hg-engine DS animation analog or build/adapt a new DS animation during implementation","No animation was guessed. This is distinct from projects with no animation system at all: Untamed has animation assets, but this move is not directly mapped in the pinned move2anim table.","manifests/UNTAMED_DS_ANIMATION_PASS_10.csv"
"HAUNT","Haunt","Haunt","Pokemon Untamed (public project repository)","untamed-team/project-untamed","8d757cdeb132c947602dce6a9f327fc5883e84c2","PBS/moves.txt","Ghost","Physical","75","100","10","The user drains the target’s life force. The user's HP is restored by half the damage taken by the target.","0","One adjacent Pokémon","Yes","Contact,CanProtect","","","","","","","","","","","complete","Source-verified against the pinned Pokémon Untamed PBS move data and, where necessary, the project's battle-script implementation.","no dedicated custom move animation mapping source-certified in first source-wide audit","Pinned Data/move2anim.dat directly maps HAUNT to player-side animation ID 1154 and opponent-side animation ID 1155; the referenced animation records are stored in Data/PkmnAnimations.rxdata.","source-mapped cross-engine animation; not DS-native","source:Data/PkmnAnimations.rxdata#player=1154;opponent=1155","","recreate/convert the mapped Pokémon Essentials (RGSS) battle animation for Platinum/hg-engine DS; preserve the source mapping as visual reference","Mapping semantics are source-certified by Data/Scripts/011_Battle/003_Scene/004_Scene_PlayAnimations.rb: move2anim[0] is player-side and move2anim[1] is opposing-side.","manifests/UNTAMED_DS_ANIMATION_PASS_10.csv"
"BITINGCOLD","Biting Cold","Biting Cold","Pokemon Untamed (public project repository)","untamed-team/project-untamed","8d757cdeb132c947602dce6a9f327fc5883e84c2","PBS/moves.txt","Ice","Status","0","85","15","The user chills their target to the bone to inflict frostbite.","0","One adjacent Pokémon","No","CanProtect,CanMirrorMove","","","","","","","","","","","complete","Source-verified against the pinned Pokémon Untamed PBS move data and, where necessary, the project's battle-script implementation.","no dedicated custom move animation mapping source-certified in first source-wide audit","The Untamed source contains its battle-animation system and Data/PkmnAnimations.rxdata, but pinned Data/move2anim.dat has no direct player-side or opponent-side entry for BITINGCOLD.","no direct source move-animation mapping found","","","choose a strong existing Platinum/hg-engine DS animation analog or build/adapt a new DS animation during implementation","No animation was guessed. This is distinct from projects with no animation system at all: Untamed has animation assets, but this move is not directly mapped in the pinned move2anim table.","manifests/UNTAMED_DS_ANIMATION_PASS_10.csv"
"CHILLINGWAIL","Chilling Wail","Chilling Wail","Pokemon Untamed (public project repository)","untamed-team/project-untamed","8d757cdeb132c947602dce6a9f327fc5883e84c2","PBS/moves.txt","Ghost","Special","90","100","10","The user wails eerily at its target, chilling them to the bone. This may also give the target frostbite.","0","One adjacent Pokémon","No","CanProtect,Sound","20%","","","","","","","","","","complete","Source-verified against the pinned Pokémon Untamed PBS move data and, where necessary, the project's battle-script implementation.","no dedicated custom move animation mapping source-certified in first source-wide audit","Pinned Data/move2anim.dat directly maps CHILLINGWAIL to player-side animation ID 1153; the referenced animation records are stored in Data/PkmnAnimations.rxdata.","source-mapped cross-engine animation; not DS-native","source:Data/PkmnAnimations.rxdata#player=1153","","recreate/convert the mapped Pokémon Essentials (RGSS) battle animation for Platinum/hg-engine DS; preserve the source mapping as visual reference","Mapping semantics are source-certified by Data/Scripts/011_Battle/003_Scene/004_Scene_PlayAnimations.rb: move2anim[0] is player-side and move2anim[1] is opposing-side.","manifests/UNTAMED_DS_ANIMATION_PASS_10.csv"
"MYSTICBLADE","Mystic Blade","Mystic Blade","Pokemon Untamed (public project repository)","untamed-team/project-untamed","8d757cdeb132c947602dce6a9f327fc5883e84c2","PBS/moves.txt","Fairy","Physical","85","100","10","The user conjures a shining blade and then attacks by cutting its target. Critical hits land more easily.","0","One adjacent Pokémon","Yes","Contact,CanProtect,HighCriticalHitRate,Blade","10%","","","","","","","","","","complete","Source-verified against the pinned Pokémon Untamed PBS move data and, where necessary, the project's battle-script implementation.","no dedicated custom move animation mapping source-certified in first source-wide audit","Pinned Data/move2anim.dat directly maps MYSTICBLADE to player-side animation ID 1145 and opponent-side animation ID 1146; the referenced animation records are stored in Data/PkmnAnimations.rxdata.","source-mapped cross-engine animation; not DS-native","source:Data/PkmnAnimations.rxdata#player=1145;opponent=1146","","recreate/convert the mapped Pokémon Essentials (RGSS) battle animation for Platinum/hg-engine DS; preserve the source mapping as visual reference","Mapping semantics are source-certified by Data/Scripts/011_Battle/003_Scene/004_Scene_PlayAnimations.rb: move2anim[0] is player-side and move2anim[1] is opposing-side.","manifests/UNTAMED_DS_ANIMATION_PASS_10.csv"
"FORCEWAVE","Force Wave","Force Wave","Pokemon Untamed (public project repository)","untamed-team/project-untamed","8d757cdeb132c947602dce6a9f327fc5883e84c2","PBS/moves.txt","Fighting","Special","90","95","10","The user strikes the air to send a damaging shockwave towards opposing Pokémon.","0","All adjacent foes","No","CanProtect","","","","","","","","","","","complete","Source-verified against the pinned Pokémon Untamed PBS move data and, where necessary, the project's battle-script implementation.","no dedicated custom move animation mapping source-certified in first source-wide audit","The Untamed source contains its battle-animation system and Data/PkmnAnimations.rxdata, but pinned Data/move2anim.dat has no direct player-side or opponent-side entry for FORCEWAVE.","no direct source move-animation mapping found","","","choose a strong existing Platinum/hg-engine DS animation analog or build/adapt a new DS animation during implementation","No animation was guessed. This is distinct from projects with no animation system at all: Untamed has animation assets, but this move is not directly mapped in the pinned move2anim table.","manifests/UNTAMED_DS_ANIMATION_PASS_10.csv"
"GEODEBURST","Geode Burst","Geode Burst","Pokemon Untamed (public project repository)","untamed-team/project-untamed","8d757cdeb132c947602dce6a9f327fc5883e84c2","PBS/moves.txt","Rock","Special","110","80","5","The user attacks its target with a hail of glittering crystals.","0","One adjacent Pokémon","No","CanProtect","","","","","","","","","","","complete","Source-verified against the pinned Pokémon Untamed PBS move data and, where necessary, the project's battle-script implementation.","no dedicated custom move animation mapping source-certified in first source-wide audit","The Untamed source contains its battle-animation system and Data/PkmnAnimations.rxdata, but pinned Data/move2anim.dat has no direct player-side or opponent-side entry for GEODEBURST.","no direct source move-animation mapping found","","","choose a strong existing Platinum/hg-engine DS animation analog or build/adapt a new DS animation during implementation","No animation was guessed. This is distinct from projects with no animation system at all: Untamed has animation assets, but this move is not directly mapped in the pinned move2anim table.","manifests/UNTAMED_DS_ANIMATION_PASS_10.csv"
"FORGEBREATH","Forge Breath","Forge Breath","Pokemon Untamed (public project repository)","untamed-team/project-untamed","8d757cdeb132c947602dce6a9f327fc5883e84c2","PBS/moves.txt","Steel","Special","85","100","15","The user spews superheated metal at its target. This may also leave the target with a burn.","0","One adjacent Pokémon","No","CanProtect","10%","","","","","","","","","","complete","Source-verified against the pinned Pokémon Untamed PBS move data and, where necessary, the project's battle-script implementation.","no dedicated custom move animation mapping source-certified in first source-wide audit","Pinned Data/move2anim.dat directly maps FORGEBREATH to player-side animation ID 1147; the referenced animation records are stored in Data/PkmnAnimations.rxdata.","source-mapped cross-engine animation; not DS-native","source:Data/PkmnAnimations.rxdata#player=1147","","recreate/convert the mapped Pokémon Essentials (RGSS) battle animation for Platinum/hg-engine DS; preserve the source mapping as visual reference","Mapping semantics are source-certified by Data/Scripts/011_Battle/003_Scene/004_Scene_PlayAnimations.rb: move2anim[0] is player-side and move2anim[1] is opposing-side.","manifests/UNTAMED_DS_ANIMATION_PASS_10.csv"
"EXCITE","Excite","Excite","Pokemon Untamed (public project repository)","untamed-team/project-untamed","8d757cdeb132c947602dce6a9f327fc5883e84c2","PBS/moves.txt","Normal","Status","0","0","20","The user pumps themselves up, raising its Sp. Atk stat.","0","User","No","target-User","","","","","","","","","","","complete","Source-verified against the pinned Pokémon Untamed PBS move data and, where necessary, the project's battle-script implementation.","no dedicated custom move animation mapping source-certified in first source-wide audit","The Untamed source contains its battle-animation system and Data/PkmnAnimations.rxdata, but pinned Data/move2anim.dat has no direct player-side or opponent-side entry for EXCITE.","no direct source move-animation mapping found","","","choose a strong existing Platinum/hg-engine DS animation analog or build/adapt a new DS animation during implementation","No animation was guessed. This is distinct from projects with no animation system at all: Untamed has animation assets, but this move is not directly mapped in the pinned move2anim table.","manifests/UNTAMED_DS_ANIMATION_PASS_10.csv"
"SCATTERDUST","Scatterdust","Scatterdust","Pokemon Untamed (public project repository)","untamed-team/project-untamed","8d757cdeb132c947602dce6a9f327fc5883e84c2","PBS/moves.txt","Bug","Special","80","100","15","The user attacks by scattering a cloud of coarse debris. This may also lower the Speed stat of opposing Pokémon.","0","All adjacent foes","No","CanProtect","10%","","","","","","","","","","complete","Source-verified against the pinned Pokémon Untamed PBS move data and, where necessary, the project's battle-script implementation.","no dedicated custom move animation mapping source-certified in first source-wide audit","The Untamed source contains its battle-animation system and Data/PkmnAnimations.rxdata, but pinned Data/move2anim.dat has no direct player-side or opponent-side entry for SCATTERDUST.","no direct source move-animation mapping found","","","choose a strong existing Platinum/hg-engine DS animation analog or build/adapt a new DS animation during implementation","No animation was guessed. This is distinct from projects with no animation system at all: Untamed has animation assets, but this move is not directly mapped in the pinned move2anim table.","manifests/UNTAMED_DS_ANIMATION_PASS_10.csv"
"SWEETTOOTH","Sweet Tooth","Sweet Tooth","Pokemon Untamed (public project repository)","untamed-team/project-untamed","8d757cdeb132c947602dce6a9f327fc5883e84c2","PBS/moves.txt","Fairy","Physical","50","100","25","The target is bitten with sweet and sharp fangs. It may make the target flinch.","0","One adjacent Pokémon","Yes","Contact,CanProtect,Biting","30%","","","","","","","","","","complete","Source-verified against the pinned Pokémon Untamed PBS move data and, where necessary, the project's battle-script implementation.","no dedicated custom move animation mapping source-certified in first source-wide audit","Pinned Data/move2anim.dat directly maps SWEETTOOTH to player-side animation ID 1158; the referenced animation records are stored in Data/PkmnAnimations.rxdata.","source-mapped cross-engine animation; not DS-native","source:Data/PkmnAnimations.rxdata#player=1158","","recreate/convert the mapped Pokémon Essentials (RGSS) battle animation for Platinum/hg-engine DS; preserve the source mapping as visual reference","Mapping semantics are source-certified by Data/Scripts/011_Battle/003_Scene/004_Scene_PlayAnimations.rb: move2anim[0] is player-side and move2anim[1] is opposing-side.","manifests/UNTAMED_DS_ANIMATION_PASS_10.csv"
"SUPERNOVA","Impact Event","Impact Event","Pokemon Untamed (public project repository)","untamed-team/project-untamed","8d757cdeb132c947602dce6a9f327fc5883e84c2","PBS/moves.txt","Fire","Physical","200","100","5","The user creates a fiery explosion to inflict damage on those around it. The user faints upon using this move.","0","All adjacent Pokémon except the user","No","CanProtect,CanMirrorMove","","","","","","","","","","","complete","Source-verified against the pinned Pokémon Untamed PBS move data and, where necessary, the project's battle-script implementation.","no dedicated custom move animation mapping source-certified in first source-wide audit","The Untamed source contains its battle-animation system and Data/PkmnAnimations.rxdata, but pinned Data/move2anim.dat has no direct player-side or opponent-side entry for SUPERNOVA.","no direct source move-animation mapping found","","","choose a strong existing Platinum/hg-engine DS animation analog or build/adapt a new DS animation during implementation","No animation was guessed. This is distinct from projects with no animation system at all: Untamed has animation assets, but this move is not directly mapped in the pinned move2anim table.","manifests/UNTAMED_DS_ANIMATION_PASS_10.csv"
"PEPPERSPRAY","Pepper Spray","Pepper Spray","Pokemon Untamed (public project repository)","untamed-team/project-untamed","8d757cdeb132c947602dce6a9f327fc5883e84c2","PBS/moves.txt","Grass","Special","85","100","15","The user unleashes a spray of spicy vapors at its target to attack. It may also leave the target with a burn.","0","One adjacent Pokémon","No","CanProtect,ThawsUser","30%","","","","","","","","","","complete","Source-verified against the pinned Pokémon Untamed PBS move data and, where necessary, the project's battle-script implementation.","no dedicated custom move animation mapping source-certified in first source-wide audit","The Untamed source contains its battle-animation system and Data/PkmnAnimations.rxdata, but pinned Data/move2anim.dat has no direct player-side or opponent-side entry for PEPPERSPRAY.","no direct source move-animation mapping found","","","choose a strong existing Platinum/hg-engine DS animation analog or build/adapt a new DS animation during implementation","No animation was guessed. This is distinct from projects with no animation system at all: Untamed has animation assets, but this move is not directly mapped in the pinned move2anim table.","manifests/UNTAMED_DS_ANIMATION_PASS_10.csv"
"TITANSWRATH","Titan's Wrath","Titan's Wrath","Pokemon Untamed (public project repository)","untamed-team/project-untamed","8d757cdeb132c947602dce6a9f327fc5883e84c2","PBS/moves.txt","Qmarks","Special","100","100","5","The damage is based on the user's highest plain, non-HP stat. The move's type is set by the user's type.","0","One adjacent Pokémon","No","CanProtect,CanMirrorMove,CannotMetronome","","","","","","","","","","","complete","Source-verified against the pinned Pokémon Untamed PBS move data and, where necessary, the project's battle-script implementation.","no dedicated custom move animation mapping source-certified in first source-wide audit","The Untamed source contains its battle-animation system and Data/PkmnAnimations.rxdata, but pinned Data/move2anim.dat has no direct player-side or opponent-side entry for TITANSWRATH.","no direct source move-animation mapping found","","","choose a strong existing Platinum/hg-engine DS animation analog or build/adapt a new DS animation during implementation","No animation was guessed. This is distinct from projects with no animation system at all: Untamed has animation assets, but this move is not directly mapped in the pinned move2anim table.","manifests/UNTAMED_DS_ANIMATION_PASS_10.csv"
"SIRENSONG","Siren Song","Siren Song","Pokemon Untamed (public project repository)","untamed-team/project-untamed","8d757cdeb132c947602dce6a9f327fc5883e84c2","PBS/moves.txt","Water","Special","90","100","10","An ancient song appeals to the hearts of those listening. It may also induce sleep.","0","One adjacent Pokémon","No","CanProtect,Sound,CannotMetronome","10%","","","","","","","","","","complete","Source-verified against the pinned Pokémon Untamed PBS move data and, where necessary, the project's battle-script implementation.","no dedicated custom move animation mapping source-certified in first source-wide audit","The Untamed source contains its battle-animation system and Data/PkmnAnimations.rxdata, but pinned Data/move2anim.dat has no direct player-side or opponent-side entry for SIRENSONG.","no direct source move-animation mapping found","","","choose a strong existing Platinum/hg-engine DS animation analog or build/adapt a new DS animation during implementation","No animation was guessed. This is distinct from projects with no animation system at all: Untamed has animation assets, but this move is not directly mapped in the pinned move2anim table.","manifests/UNTAMED_DS_ANIMATION_PASS_10.csv"
"REBALANCING","Rebalancing","Rebalancing","Pokemon Untamed (public project repository)","untamed-team/project-untamed","8d757cdeb132c947602dce6a9f327fc5883e84c2","PBS/moves.txt","Fighting","Status","0","100","5","Buffs an ally or nerfs a foe by raising or sharply lowering their highest stat.","0","One adjacent Pokémon","No","CanProtect,CanMirrorMove,CannotMetronome","","","","","","","","","","","complete","Source-verified against the pinned Pokémon Untamed PBS move data and, where necessary, the project's battle-script implementation.","no dedicated custom move animation mapping source-certified in first source-wide audit","The Untamed source contains its battle-animation system and Data/PkmnAnimations.rxdata, but pinned Data/move2anim.dat has no direct player-side or opponent-side entry for REBALANCING.","no direct source move-animation mapping found","","","choose a strong existing Platinum/hg-engine DS animation analog or build/adapt a new DS animation during implementation","No animation was guessed. This is distinct from projects with no animation system at all: Untamed has animation assets, but this move is not directly mapped in the pinned move2anim table.","manifests/UNTAMED_DS_ANIMATION_PASS_10.csv"
"FRIGIDMAW","Frigid Maw","Frigid Maw","Pokemon Untamed (public project repository)","untamed-team/project-untamed","8d757cdeb132c947602dce6a9f327fc5883e84c2","PBS/moves.txt","Ice","Physical","100","100","5","The user hunts down its foe with a deadly precision chomp, which lowers their speed.","0","One adjacent Pokémon","Yes","Contact,CanProtect,Biting,CannotMetronome","100%","","","","","","","","","","complete","Source-verified against the pinned Pokémon Untamed PBS move data and, where necessary, the project's battle-script implementation.","no dedicated custom move animation mapping source-certified in first source-wide audit","The Untamed source contains its battle-animation system and Data/PkmnAnimations.rxdata, but pinned Data/move2anim.dat has no direct player-side or opponent-side entry for FRIGIDMAW.","no direct source move-animation mapping found","","","choose a strong existing Platinum/hg-engine DS animation analog or build/adapt a new DS animation during implementation","No animation was guessed. This is distinct from projects with no animation system at all: Untamed has animation assets, but this move is not directly mapped in the pinned move2anim table.","manifests/UNTAMED_DS_ANIMATION_PASS_10.csv"
"MANADRAIN","Mana Drain","Mana Drain","Pokemon Untamed (public project repository)","untamed-team/project-untamed","8d757cdeb132c947602dce6a9f327fc5883e84c2","PBS/moves.txt","Dragon","Special","100","100","5","The user drains the life force from the target. This move heals the user by 50% of the damage dealt.","0","One adjacent Pokémon","No","CanProtect,CanMirrorMove,CannotMetronome","","","","","","","","","","","complete","Source-verified against the pinned Pokémon Untamed PBS move data and, where necessary, the project's battle-script implementation.","no dedicated custom move animation mapping source-certified in first source-wide audit","The Untamed source contains its battle-animation system and Data/PkmnAnimations.rxdata, but pinned Data/move2anim.dat has no direct player-side or opponent-side entry for MANADRAIN.","no direct source move-animation mapping found","","","choose a strong existing Platinum/hg-engine DS animation analog or build/adapt a new DS animation during implementation","No animation was guessed. This is distinct from projects with no animation system at all: Untamed has animation assets, but this move is not directly mapped in the pinned move2anim table.","manifests/UNTAMED_DS_ANIMATION_PASS_10.csv"
"STEAMBURST","Steam Burst","Steam Burst","Pokemon Untamed (public project repository)","untamed-team/project-untamed","8d757cdeb132c947602dce6a9f327fc5883e84c2","PBS/moves.txt","Fire","Special","75","100","10","The user attacks by sending a spray of superheated steam towards its target. This move's power is boosted in the rain.","0","One adjacent Pokémon","No","CanProtect,CanMirrorMove","","","","","","","","","","","complete","Source-verified against the pinned Pokémon Untamed PBS move data and, where necessary, the project's battle-script implementation.","no dedicated custom move animation mapping source-certified in first source-wide audit","The Untamed source contains its battle-animation system and Data/PkmnAnimations.rxdata, but pinned Data/move2anim.dat has no direct player-side or opponent-side entry for STEAMBURST.","no direct source move-animation mapping found","","","choose a strong existing Platinum/hg-engine DS animation analog or build/adapt a new DS animation during implementation","No animation was guessed. This is distinct from projects with no animation system at all: Untamed has animation assets, but this move is not directly mapped in the pinned move2anim table.","manifests/UNTAMED_DS_ANIMATION_PASS_10.csv"
"QUESOBLAST","Queso Blast","Queso Blast","Pokemon Untamed (public project repository)","untamed-team/project-untamed","8d757cdeb132c947602dce6a9f327fc5883e84c2","PBS/moves.txt","Qmarks","Physical","30","100","5","Tacos filled with molten cheese fly at the target 3 to 5 times.","0","One adjacent Pokémon","No","CanProtect,CanMirrorMove,CannotMetronome","","","","","","","","","","","complete","Source-verified against the pinned Pokémon Untamed PBS move data and, where necessary, the project's battle-script implementation.","no dedicated custom move animation mapping source-certified in first source-wide audit","The Untamed source contains its battle-animation system and Data/PkmnAnimations.rxdata, but pinned Data/move2anim.dat has no direct player-side or opponent-side entry for QUESOBLAST.","no direct source move-animation mapping found","","","choose a strong existing Platinum/hg-engine DS animation analog or build/adapt a new DS animation during implementation","No animation was guessed. This is distinct from projects with no animation system at all: Untamed has animation assets, but this move is not directly mapped in the pinned move2anim table.","manifests/UNTAMED_DS_ANIMATION_PASS_10.csv"
"CRIMSONSURGE","Crimson Surge","Crimson Surge","Pokemon Untamed (public project repository)","untamed-team/project-untamed","8d757cdeb132c947602dce6a9f327fc5883e84c2","PBS/moves.txt","Water","Special","60","100","10","After doing damage, the target is left poisoned regardless of other status effects.","0","One adjacent Pokémon","No","CanProtect,CanMirrorMove","","","","","","","","","","","complete","Source-verified against the pinned Pokémon Untamed PBS move data and, where necessary, the project's battle-script implementation.","no dedicated custom move animation mapping source-certified in first source-wide audit","Pinned Data/move2anim.dat directly maps CRIMSONSURGE to player-side animation ID 1151 and opponent-side animation ID 1152; the referenced animation records are stored in Data/PkmnAnimations.rxdata.","source-mapped cross-engine animation; not DS-native","source:Data/PkmnAnimations.rxdata#player=1151;opponent=1152","","recreate/convert the mapped Pokémon Essentials (RGSS) battle animation for Platinum/hg-engine DS; preserve the source mapping as visual reference","Mapping semantics are source-certified by Data/Scripts/011_Battle/003_Scene/004_Scene_PlayAnimations.rb: move2anim[0] is player-side and move2anim[1] is opposing-side.","manifests/UNTAMED_DS_ANIMATION_PASS_10.csv"
"THOUSANDFOLDS","Thousand Folds","Thousand Folds","Pokemon Untamed (public project repository)","untamed-team/project-untamed","8d757cdeb132c947602dce6a9f327fc5883e84c2","PBS/moves.txt","Steel","Physical","90","100","10","Deals damage even through Protect-style protection, then immediately removes the target's and its side's active protection effects. This clears Protect/Detect, Baneful Bunker, King's Shield, Obstruct, Spiky Shield, Crafty Shield, Mat Block, Quick Guard, and Wide Guard, allowing later attacks that turn to connect normally.","0 (normal priority)","One adjacent Pokémon (NearOther)","Yes","Contact; CanMirrorMove; Blade","Guaranteed protection removal when the move connects","None","None","No","None","None","None","None","A folded blade that tears through a target using Protect or Detect.","","complete","Source-verified against the pinned Pokémon Untamed PBS move data and, where necessary, the project's battle-script implementation.","no dedicated custom move animation mapping source-certified in first source-wide audit","The Untamed source contains its battle-animation system and Data/PkmnAnimations.rxdata, but pinned Data/move2anim.dat has no direct player-side or opponent-side entry for THOUSANDFOLDS.","no direct source move-animation mapping found","","","choose a strong existing Platinum/hg-engine DS animation analog or build/adapt a new DS animation during implementation","No animation was guessed. This is distinct from projects with no animation system at all: Untamed has animation assets, but this move is not directly mapped in the pinned move2anim table.","manifests/UNTAMED_DS_ANIMATION_PASS_10.csv"
"HARDDRIVECRASH","Hard Drive Crash","Hard Drive Crash","Pokemon Untamed (public project repository)","untamed-team/project-untamed","8d757cdeb132c947602dce6a9f327fc5883e84c2","PBS/moves.txt","Qmarks","Special","60","0","5","The user does an all-out attack, crashing its own hard drives. Lowers foe's PPs.","0","One adjacent Pokémon","No","CanProtect,CanMirrorMove","","","","","","","","","","","complete","Source-verified against the pinned Pokémon Untamed PBS move data and, where necessary, the project's battle-script implementation.","no dedicated custom move animation mapping source-certified in first source-wide audit","Pinned Data/move2anim.dat directly maps HARDDRIVECRASH to player-side animation ID 1144; the referenced animation records are stored in Data/PkmnAnimations.rxdata.","source-mapped cross-engine animation; not DS-native","source:Data/PkmnAnimations.rxdata#player=1144","","recreate/convert the mapped Pokémon Essentials (RGSS) battle animation for Platinum/hg-engine DS; preserve the source mapping as visual reference","Mapping semantics are source-certified by Data/Scripts/011_Battle/003_Scene/004_Scene_PlayAnimations.rb: move2anim[0] is player-side and move2anim[1] is opposing-side. The source also calls pbCommonAnimation(""HardDriveCrash"") before the normal move animation, so its final source presentation is layered.","manifests/UNTAMED_DS_ANIMATION_PASS_10.csv"
"SPLINTERSHOT","Splinter Shot","Splinter Shot","Pokemon Untamed (public project repository)","untamed-team/project-untamed","8d757cdeb132c947602dce6a9f327fc5883e84c2","PBS/moves.txt","Grass","Physical","35","100","5","The user unleashes a powerful blast of thorns in a wide spread, hitting foes with splintered fragments.","0","All adjacent foes","Yes","Contact,CanProtect,CanMirrorMove,Bomb","","","","","","","","","","","complete","Source-verified against the pinned Pokémon Untamed PBS move data and, where necessary, the project's battle-script implementation.","no dedicated custom move animation mapping source-certified in first source-wide audit","The Untamed source contains its battle-animation system and Data/PkmnAnimations.rxdata, but pinned Data/move2anim.dat has no direct player-side or opponent-side entry for SPLINTERSHOT.","no direct source move-animation mapping found","","","choose a strong existing Platinum/hg-engine DS animation analog or build/adapt a new DS animation during implementation","No animation was guessed. This is distinct from projects with no animation system at all: Untamed has animation assets, but this move is not directly mapped in the pinned move2anim table.","manifests/UNTAMED_DS_ANIMATION_PASS_10.csv"
"BOOMINSTALL","Virus Inject","Virus Inject","Pokemon Untamed (public project repository)","untamed-team/project-untamed","8d757cdeb132c947602dce6a9f327fc5883e84c2","PBS/moves.txt","Qmarks","Status","0","85","10","The user injects the foe with a BOOMing virus. Increases all damage taken by the foe by 25%.","0","One adjacent Pokémon","No","source-specific-type-qmarks;target-NearOther","","","","","","","","","","","complete","Source-verified against the pinned Pokémon Untamed PBS move data and, where necessary, the project's battle-script implementation.","no dedicated custom move animation mapping source-certified in first source-wide audit","The Untamed source contains its battle-animation system and Data/PkmnAnimations.rxdata, but pinned Data/move2anim.dat has no direct player-side or opponent-side entry for BOOMINSTALL.","no direct source move-animation mapping found","","","choose a strong existing Platinum/hg-engine DS animation analog or build/adapt a new DS animation during implementation","No animation was guessed. This is distinct from projects with no animation system at all: Untamed has animation assets, but this move is not directly mapped in the pinned move2anim table.","manifests/UNTAMED_DS_ANIMATION_PASS_10.csv"
"TRIMTACKLE","Trim Tackle","Trim Tackle","Pokemon Untamed (public project repository)","untamed-team/project-untamed","8d757cdeb132c947602dce6a9f327fc5883e84c2","PBS/moves.txt","Normal","Physical","90","100","15","The user tackles the target with a stylish charge. The user's hairstyle determines the type of this move.","0","One adjacent Pokémon","No","CanProtect,CanMirrorMove,GravityBoosted","","","","","","","","","","","complete","Source-verified against the pinned Pokémon Untamed PBS move data and, where necessary, the project's battle-script implementation.","no dedicated custom move animation mapping source-certified in first source-wide audit","The Untamed source contains its battle-animation system and Data/PkmnAnimations.rxdata, but pinned Data/move2anim.dat has no direct player-side or opponent-side entry for TRIMTACKLE.","no direct source move-animation mapping found","","","choose a strong existing Platinum/hg-engine DS animation analog or build/adapt a new DS animation during implementation","No animation was guessed. This is distinct from projects with no animation system at all: Untamed has animation assets, but this move is not directly mapped in the pinned move2anim table.","manifests/UNTAMED_DS_ANIMATION_PASS_10.csv"
"STALAGBITE","Stalagbite","Stalagbite","Pokemon Untamed (public project repository)","untamed-team/project-untamed","8d757cdeb132c947602dce6a9f327fc5883e84c2","PBS/moves.txt","Rock","Physical","75","100","15","The user bites down with rock-hard fangs formed from stalagmites. May lower the target's Defense stat.","0","One adjacent Pokémon","Yes","Contact,CanProtect,CanMirrorMove,Biting","20%","","","","","","","","","","complete","Source-verified against the pinned Pokémon Untamed PBS move data and, where necessary, the project's battle-script implementation.","no dedicated custom move animation mapping source-certified in first source-wide audit","The Untamed source contains its battle-animation system and Data/PkmnAnimations.rxdata, but pinned Data/move2anim.dat has no direct player-side or opponent-side entry for STALAGBITE.","no direct source move-animation mapping found","","","choose a strong existing Platinum/hg-engine DS animation analog or build/adapt a new DS animation during implementation","No animation was guessed. This is distinct from projects with no animation system at all: Untamed has animation assets, but this move is not directly mapped in the pinned move2anim table.","manifests/UNTAMED_DS_ANIMATION_PASS_10.csv"
"GLACIALGULF","Glacial Gulf","Glacial Gulf","Pokemon Untamed (public project repository)","untamed-team/project-untamed","8d757cdeb132c947602dce6a9f327fc5883e84c2","PBS/moves.txt","Ice","Status","0","0","5","The user regains up to half of its max HP. It restores more HP in a hailstorm.","0","User","No","target-User","","","","","","","","","","","complete","Source-verified against the pinned Pokémon Untamed PBS move data and, where necessary, the project's battle-script implementation.","no dedicated custom move animation mapping source-certified in first source-wide audit","The Untamed source contains its battle-animation system and Data/PkmnAnimations.rxdata, but pinned Data/move2anim.dat has no direct player-side or opponent-side entry for GLACIALGULF.","no direct source move-animation mapping found","","","choose a strong existing Platinum/hg-engine DS animation analog or build/adapt a new DS animation during implementation","No animation was guessed. This is distinct from projects with no animation system at all: Untamed has animation assets, but this move is not directly mapped in the pinned move2anim table.","manifests/UNTAMED_DS_ANIMATION_PASS_10.csv"
"GOLDENSPLASH","Golden Splash","Golden Splash","Pokemon Untamed (public project repository)","untamed-team/project-untamed","8d757cdeb132c947602dce6a9f327fc5883e84c2","PBS/moves.txt","Water","Special","80","100","10","The user splashes around, creating a dazzling display of golden water. Foes always take critical damage.","0","All adjacent foes","No","CanProtect,CanMirrorMove,CannotMetronome,CannotSketch","","","","","","","","","","","complete","Source-verified against the pinned Pokémon Untamed PBS move data and, where necessary, the project's battle-script implementation.","no dedicated custom move animation mapping source-certified in first source-wide audit","The Untamed source contains its battle-animation system and Data/PkmnAnimations.rxdata, but pinned Data/move2anim.dat has no direct player-side or opponent-side entry for GOLDENSPLASH.","no direct source move-animation mapping found","","","choose a strong existing Platinum/hg-engine DS animation analog or build/adapt a new DS animation during implementation","No animation was guessed. This is distinct from projects with no animation system at all: Untamed has animation assets, but this move is not directly mapped in the pinned move2anim table.","manifests/UNTAMED_DS_ANIMATION_PASS_10.csv"
"PLEGARIACALAMO","Quill Prayer","Plegaria Cálamo","Pokemon Armonia dataset (via xorgies/PokemonOpalo data mirror)","xorgies/PokemonOpalo","2133a2c0db1a0d8a78a6cc7090fddc62a0d0afeb","JsonTransformer/txt/armonia/moves.txt","Flying","Special","85","100","10","Deals damage and changes the user's form after the attack.","0 (normal priority)","All opposing Pokémon","No","special-flying;form-change;spread","100% source effect-chance field","","","","","","","","","","complete","Source-verified against the pinned xorgies/PokemonOpalo Armonia move-data mirror. Spanish source text is represented by an English review explanation rather than requiring the reviewer to interpret the original text.","no battle-animation assets/scripts present in the audited data mirror","The audited xorgies/PokemonOpalo Armonia mirror exposes move-definition/mechanics data in JsonTransformer/txt/armonia/moves.txt, but no move-animation assets or per-move visual mapping data were found in the repository.","no source animation evidence","","","choose an existing Platinum/hg-engine DS animation analog or build/adapt a new DS animation during implementation","Repository-wide searches for animation, move animation, battle animation, anim, PkmnAnimations, and Animations.rxdata returned no source evidence. The pinned Armonia moves.txt is a move-data table rather than an animation asset/mapping source. No animation was guessed.","manifests/ARMONIA_DS_ANIMATION_PASS_11.csv"
"PUNZADABURBUJA","Bubble Barb","Púa Burbuja","Pokemon Armonia dataset (via xorgies/PokemonOpalo data mirror)","xorgies/PokemonOpalo","2133a2c0db1a0d8a78a6cc7090fddc62a0d0afeb","JsonTransformer/txt/armonia/moves.txt","Water","Physical","45","100","25","Deals damage with no additional secondary effect.","0 (normal priority)","One adjacent target","No","Projectile-style attack; no extra effect recorded","No secondary effect","","","","","","","","Ataca disparando su cuerno, que es propulsado a gran velocidad.","","complete","Source-verified against the pinned xorgies/PokemonOpalo Armonia move-data mirror. Spanish source text is represented by an English review explanation rather than requiring the reviewer to interpret the original text.","no battle-animation assets/scripts present in the audited data mirror","The audited xorgies/PokemonOpalo Armonia mirror exposes move-definition/mechanics data in JsonTransformer/txt/armonia/moves.txt, but no move-animation assets or per-move visual mapping data were found in the repository.","no source animation evidence","","","choose an existing Platinum/hg-engine DS animation analog or build/adapt a new DS animation during implementation","Repository-wide searches for animation, move animation, battle animation, anim, PkmnAnimations, and Animations.rxdata returned no source evidence. The pinned Armonia moves.txt is a move-data table rather than an animation asset/mapping source. No animation was guessed.","manifests/ARMONIA_DS_ANIMATION_PASS_11.csv"
"FLORALETEO","Floral Flutter","Floraleteo","Pokemon Armonia dataset (via xorgies/PokemonOpalo data mirror)","xorgies/PokemonOpalo","2133a2c0db1a0d8a78a6cc7090fddc62a0d0afeb","JsonTransformer/txt/armonia/moves.txt","Grass","Special","50","100","15","Deals damage with no additional secondary effect.","0 (normal priority)","One adjacent target","No","Projectile-style attack; no extra effect recorded","No secondary effect","","","","","","","","Azota al objetivo con semillas propulsadas por un fuerte aleteo.","","complete","Source-verified against the pinned xorgies/PokemonOpalo Armonia move-data mirror. Spanish source text is represented by an English review explanation rather than requiring the reviewer to interpret the original text.","no battle-animation assets/scripts present in the audited data mirror","The audited xorgies/PokemonOpalo Armonia mirror exposes move-definition/mechanics data in JsonTransformer/txt/armonia/moves.txt, but no move-animation assets or per-move visual mapping data were found in the repository.","no source animation evidence","","","choose an existing Platinum/hg-engine DS animation analog or build/adapt a new DS animation during implementation","Repository-wide searches for animation, move animation, battle animation, anim, PkmnAnimations, and Animations.rxdata returned no source evidence. The pinned Armonia moves.txt is a move-data table rather than an animation asset/mapping source. No animation was guessed.","manifests/ARMONIA_DS_ANIMATION_PASS_11.csv"
"CUERNARDIENTE","Fiery Horn","Cuerno Ígneo","Pokemon Armonia dataset (via xorgies/PokemonOpalo data mirror)","xorgies/PokemonOpalo","2133a2c0db1a0d8a78a6cc7090fddc62a0d0afeb","JsonTransformer/txt/armonia/moves.txt","Fire","Physical","45","100","25","Deals damage with no additional secondary effect.","0 (normal priority)","One adjacent target","Yes","Contact; horn/fire attack; no extra effect recorded","No secondary effect","","","","","","","","Envuelve en llamas su cornamenta para luego embestir con ella.","","complete","Source-verified against the pinned xorgies/PokemonOpalo Armonia move-data mirror. Spanish source text is represented by an English review explanation rather than requiring the reviewer to interpret the original text.","no battle-animation assets/scripts present in the audited data mirror","The audited xorgies/PokemonOpalo Armonia mirror exposes move-definition/mechanics data in JsonTransformer/txt/armonia/moves.txt, but no move-animation assets or per-move visual mapping data were found in the repository.","no source animation evidence","","","choose an existing Platinum/hg-engine DS animation analog or build/adapt a new DS animation during implementation","Repository-wide searches for animation, move animation, battle animation, anim, PkmnAnimations, and Animations.rxdata returned no source evidence. The pinned Armonia moves.txt is a move-data table rather than an animation asset/mapping source. No animation was guessed.","manifests/ARMONIA_DS_ANIMATION_PASS_11.csv"
"FERMENTACION","Fermentation","Fermentación","Pokemon Armonia dataset (via xorgies/PokemonOpalo data mirror)","xorgies/PokemonOpalo","2133a2c0db1a0d8a78a6cc7090fddc62a0d0afeb","JsonTransformer/txt/armonia/moves.txt","Poison","Special","50","100","10","Deals damage and destroys/melts the the target's held Berry.","0 (normal priority)","All opposing Pokémon","No","special-poison;berry-destroy;spread","","","","","","","","","","","complete","Source-verified against the pinned xorgies/PokemonOpalo Armonia move-data mirror. Spanish source text is represented by an English review explanation rather than requiring the reviewer to interpret the original text.","no battle-animation assets/scripts present in the audited data mirror","The audited xorgies/PokemonOpalo Armonia mirror exposes move-definition/mechanics data in JsonTransformer/txt/armonia/moves.txt, but no move-animation assets or per-move visual mapping data were found in the repository.","no source animation evidence","","","choose an existing Platinum/hg-engine DS animation analog or build/adapt a new DS animation during implementation","Repository-wide searches for animation, move animation, battle animation, anim, PkmnAnimations, and Animations.rxdata returned no source evidence. The pinned Armonia moves.txt is a move-data table rather than an animation asset/mapping source. No animation was guessed.","manifests/ARMONIA_DS_ANIMATION_PASS_11.csv"
"PROTOPLUMA","Proto Feather","Protopluma","Pokemon Armonia dataset (via xorgies/PokemonOpalo data mirror)","xorgies/PokemonOpalo","2133a2c0db1a0d8a78a6cc7090fddc62a0d0afeb","JsonTransformer/txt/armonia/moves.txt","Rock","Physical","60","100","15","Deals 60 base-power physical Rock-type damage with 100% accuracy and 15 PP. The source description says the move can make the target flinch, but the pinned Armonia row stores an effect chance of 0%. Because the same 00F effect family is used by flinching moves such as Bite, Air Slash, Headbutt, Zen Headbutt, Waterfall, and Rock Slide, the intended secondary effect is clearly flinching; however, the audited data does not provide a nonzero percentage for Protopluma.","0 (normal priority)","one adjacent target","No","physical-rock;flinch;wing","Source conflict: description says it may flinch; pinned row stores 0%","None","","","","","","","Envuelve sus alas en energía prehistórica y golpea. Puede hacer retroceder al objetivo.","Source conflict: the description mentions a possible flinch, while the machine-readable effect chance is 0. The approval board treats the actual data row as the current behavior and flags the text discrepancy.","source-conflict","Verified against the pinned Armonia move-data mirror in xorgies/PokemonOpalo.","no battle-animation assets/scripts present in the audited data mirror","The audited xorgies/PokemonOpalo Armonia mirror exposes move-definition/mechanics data in JsonTransformer/txt/armonia/moves.txt, but no move-animation assets or per-move visual mapping data were found in the repository.","no source animation evidence","","","choose an existing Platinum/hg-engine DS animation analog or build/adapt a new DS animation during implementation","Repository-wide searches for animation, move animation, battle animation, anim, PkmnAnimations, and Animations.rxdata returned no source evidence. The pinned Armonia moves.txt is a move-data table rather than an animation asset/mapping source. No animation was guessed.","manifests/ARMONIA_DS_ANIMATION_PASS_11.csv"
"PODERNINFA","Nymph Power","Poder Ninfa","Pokemon Armonia dataset (via xorgies/PokemonOpalo data mirror)","xorgies/PokemonOpalo","2133a2c0db1a0d8a78a6cc7090fddc62a0d0afeb","JsonTransformer/txt/armonia/moves.txt","Fairy","Physical","80","100","5","Deals damage and has a 10% chance to raise all of the user's stats by 1 stage.","0 (normal priority)","One target other than the user","No","physical-fairy;omni-boost","10% source effect-chance field","","","","","","","","","","complete","Source-verified against the pinned xorgies/PokemonOpalo Armonia move-data mirror. Spanish source text is represented by an English review explanation rather than requiring the reviewer to interpret the original text.","no battle-animation assets/scripts present in the audited data mirror","The audited xorgies/PokemonOpalo Armonia mirror exposes move-definition/mechanics data in JsonTransformer/txt/armonia/moves.txt, but no move-animation assets or per-move visual mapping data were found in the repository.","no source animation evidence","","","choose an existing Platinum/hg-engine DS animation analog or build/adapt a new DS animation during implementation","Repository-wide searches for animation, move animation, battle animation, anim, PkmnAnimations, and Animations.rxdata returned no source evidence. The pinned Armonia moves.txt is a move-data table rather than an animation asset/mapping source. No animation was guessed.","manifests/ARMONIA_DS_ANIMATION_PASS_11.csv"
"PODERIGNIS","Ignis Power","Poder Ignis","Pokemon Armonia dataset (via xorgies/PokemonOpalo data mirror)","xorgies/PokemonOpalo","2133a2c0db1a0d8a78a6cc7090fddc62a0d0afeb","JsonTransformer/txt/armonia/moves.txt","Fire","Special","80","100","5","Deals damage and has a 10% chance to raise all of the user's stats by 1 stage.","0 (normal priority)","One target other than the user","No","special-fire;omni-boost","10% source effect-chance field","","","","","","","","","","complete","Source-verified against the pinned xorgies/PokemonOpalo Armonia move-data mirror. Spanish source text is represented by an English review explanation rather than requiring the reviewer to interpret the original text.","no battle-animation assets/scripts present in the audited data mirror","The audited xorgies/PokemonOpalo Armonia mirror exposes move-definition/mechanics data in JsonTransformer/txt/armonia/moves.txt, but no move-animation assets or per-move visual mapping data were found in the repository.","no source animation evidence","","","choose an existing Platinum/hg-engine DS animation analog or build/adapt a new DS animation during implementation","Repository-wide searches for animation, move animation, battle animation, anim, PkmnAnimations, and Animations.rxdata returned no source evidence. The pinned Armonia moves.txt is a move-data table rather than an animation asset/mapping source. No animation was guessed.","manifests/ARMONIA_DS_ANIMATION_PASS_11.csv"
"PODERVOLTA","Volta Power","Poder Volta","Pokemon Armonia dataset (via xorgies/PokemonOpalo data mirror)","xorgies/PokemonOpalo","2133a2c0db1a0d8a78a6cc7090fddc62a0d0afeb","JsonTransformer/txt/armonia/moves.txt","Electric","Special","80","100","5","Deals damage and has a 10% chance to raise all of the user's stats by 1 stage.","0 (normal priority)","One target other than the user","No","special-electric;omni-boost","10% source effect-chance field","","","","","","","","","","complete","Source-verified against the pinned xorgies/PokemonOpalo Armonia move-data mirror. Spanish source text is represented by an English review explanation rather than requiring the reviewer to interpret the original text.","no battle-animation assets/scripts present in the audited data mirror","The audited xorgies/PokemonOpalo Armonia mirror exposes move-definition/mechanics data in JsonTransformer/txt/armonia/moves.txt, but no move-animation assets or per-move visual mapping data were found in the repository.","no source animation evidence","","","choose an existing Platinum/hg-engine DS animation analog or build/adapt a new DS animation during implementation","Repository-wide searches for animation, move animation, battle animation, anim, PkmnAnimations, and Animations.rxdata returned no source evidence. The pinned Armonia moves.txt is a move-data table rather than an animation asset/mapping source. No animation was guessed.","manifests/ARMONIA_DS_ANIMATION_PASS_11.csv"
"PODERCIMEX","Cimex Power","Poder Cimex","Pokemon Armonia dataset (via xorgies/PokemonOpalo data mirror)","xorgies/PokemonOpalo","2133a2c0db1a0d8a78a6cc7090fddc62a0d0afeb","JsonTransformer/txt/armonia/moves.txt","Bug","Physical","80","100","5","Deals damage and has a 10% chance to raise all of the user's stats by 1 stage.","0 (normal priority)","One target other than the user","No","physical-bug;omni-boost","10% source effect-chance field","","","","","","","","","","complete","Source-verified against the pinned xorgies/PokemonOpalo Armonia move-data mirror. Spanish source text is represented by an English review explanation rather than requiring the reviewer to interpret the original text.","no battle-animation assets/scripts present in the audited data mirror","The audited xorgies/PokemonOpalo Armonia mirror exposes move-definition/mechanics data in JsonTransformer/txt/armonia/moves.txt, but no move-animation assets or per-move visual mapping data were found in the repository.","no source animation evidence","","","choose an existing Platinum/hg-engine DS animation analog or build/adapt a new DS animation during implementation","Repository-wide searches for animation, move animation, battle animation, anim, PkmnAnimations, and Animations.rxdata returned no source evidence. The pinned Armonia moves.txt is a move-data table rather than an animation asset/mapping source. No animation was guessed.","manifests/ARMONIA_DS_ANIMATION_PASS_11.csv"
"PODERAQUA","Aqua Power","Poder Aqua","Pokemon Armonia dataset (via xorgies/PokemonOpalo data mirror)","xorgies/PokemonOpalo","2133a2c0db1a0d8a78a6cc7090fddc62a0d0afeb","JsonTransformer/txt/armonia/moves.txt","Water","Special","80","100","5","Deals damage and has a 10% chance to raise all of the user's stats by 1 stage.","0 (normal priority)","One target other than the user","No","special-water;omni-boost","10% source effect-chance field","","","","","","","","","","complete","Source-verified against the pinned xorgies/PokemonOpalo Armonia move-data mirror. Spanish source text is represented by an English review explanation rather than requiring the reviewer to interpret the original text.","no battle-animation assets/scripts present in the audited data mirror","The audited xorgies/PokemonOpalo Armonia mirror exposes move-definition/mechanics data in JsonTransformer/txt/armonia/moves.txt, but no move-animation assets or per-move visual mapping data were found in the repository.","no source animation evidence","","","choose an existing Platinum/hg-engine DS animation analog or build/adapt a new DS animation during implementation","Repository-wide searches for animation, move animation, battle animation, anim, PkmnAnimations, and Animations.rxdata returned no source evidence. The pinned Armonia moves.txt is a move-data table rather than an animation asset/mapping source. No animation was guessed.","manifests/ARMONIA_DS_ANIMATION_PASS_11.csv"
"ARENAILUSORIA","Illusory Sand","Arena Ilusoria","Pokemon Armonia dataset (via xorgies/PokemonOpalo data mirror)","xorgies/PokemonOpalo","2133a2c0db1a0d8a78a6cc7090fddc62a0d0afeb","JsonTransformer/txt/armonia/moves.txt","Ground","Special","75","80","15","Deals damage and has a 30% chance to inflict burn, paralysis, or freeze.","0 (normal priority)","All opposing Pokémon","No","special-ground;tri-status;spread","30% source effect-chance field","","","","","","","","","","complete","Source-verified against the pinned xorgies/PokemonOpalo Armonia move-data mirror. Spanish source text is represented by an English review explanation rather than requiring the reviewer to interpret the original text.","no battle-animation assets/scripts present in the audited data mirror","The audited xorgies/PokemonOpalo Armonia mirror exposes move-definition/mechanics data in JsonTransformer/txt/armonia/moves.txt, but no move-animation assets or per-move visual mapping data were found in the repository.","no source animation evidence","","","choose an existing Platinum/hg-engine DS animation analog or build/adapt a new DS animation during implementation","Repository-wide searches for animation, move animation, battle animation, anim, PkmnAnimations, and Animations.rxdata returned no source evidence. The pinned Armonia moves.txt is a move-data table rather than an animation asset/mapping source. No animation was guessed.","manifests/ARMONIA_DS_ANIMATION_PASS_11.csv"
"LLUVIAPUNOS","Rain of Fists","Lluvia de Puños","Pokemon Armonia dataset (via xorgies/PokemonOpalo data mirror)","xorgies/PokemonOpalo","2133a2c0db1a0d8a78a6cc7090fddc62a0d0afeb","JsonTransformer/txt/armonia/moves.txt","Fighting","Physical","70","90","15","Deals damage and has a 50% chance to raise the user's Speed by 1 stage.","0 (normal priority)","One target other than the user","Yes","physical-fighting;punch;speed-boost","50% source effect-chance field","","","","","","","","","","complete","Source-verified against the pinned xorgies/PokemonOpalo Armonia move-data mirror. Spanish source text is represented by an English review explanation rather than requiring the reviewer to interpret the original text.","no battle-animation assets/scripts present in the audited data mirror","The audited xorgies/PokemonOpalo Armonia mirror exposes move-definition/mechanics data in JsonTransformer/txt/armonia/moves.txt, but no move-animation assets or per-move visual mapping data were found in the repository.","no source animation evidence","","","choose an existing Platinum/hg-engine DS animation analog or build/adapt a new DS animation during implementation","Repository-wide searches for animation, move animation, battle animation, anim, PkmnAnimations, and Animations.rxdata returned no source evidence. The pinned Armonia moves.txt is a move-data table rather than an animation asset/mapping source. No animation was guessed.","manifests/ARMONIA_DS_ANIMATION_PASS_11.csv"
"MPREDATORIO","Fierce Bite","Mordisco Feroz","Pokemon Armonia dataset (via xorgies/PokemonOpalo data mirror)","xorgies/PokemonOpalo","2133a2c0db1a0d8a78a6cc7090fddc62a0d0afeb","JsonTransformer/txt/armonia/moves.txt","Grass","Physical","100","80","5","Deals damage and prevents the the target from escaping.","0 (normal priority)","One target other than the user","Yes","physical-grass;trap;bite","100% source effect-chance field","","","","","","","","","","complete","Source-verified against the pinned xorgies/PokemonOpalo Armonia move-data mirror. Spanish source text is represented by an English review explanation rather than requiring the reviewer to interpret the original text.","no battle-animation assets/scripts present in the audited data mirror","The audited xorgies/PokemonOpalo Armonia mirror exposes move-definition/mechanics data in JsonTransformer/txt/armonia/moves.txt, but no move-animation assets or per-move visual mapping data were found in the repository.","no source animation evidence","","","choose an existing Platinum/hg-engine DS animation analog or build/adapt a new DS animation during implementation","Repository-wide searches for animation, move animation, battle animation, anim, PkmnAnimations, and Animations.rxdata returned no source evidence. The pinned Armonia moves.txt is a move-data table rather than an animation asset/mapping source. No animation was guessed.","manifests/ARMONIA_DS_ANIMATION_PASS_11.csv"
"MENTEREY","Royal Visage","Semblante Real","Pokemon Armonia dataset (via xorgies/PokemonOpalo data mirror)","xorgies/PokemonOpalo","2133a2c0db1a0d8a78a6cc7090fddc62a0d0afeb","JsonTransformer/txt/armonia/moves.txt","Psychic","Special","65","90","10","Deals damage and has a 70% chance to raise the user's Sp. Atk by 1 stage.","0 (normal priority)","One target other than the user","No","special-psychic;self-spatk-boost","70% source effect-chance field","","","","","","","","","","complete","Source-verified against the pinned xorgies/PokemonOpalo Armonia move-data mirror. Spanish source text is represented by an English review explanation rather than requiring the reviewer to interpret the original text.","no battle-animation assets/scripts present in the audited data mirror","The audited xorgies/PokemonOpalo Armonia mirror exposes move-definition/mechanics data in JsonTransformer/txt/armonia/moves.txt, but no move-animation assets or per-move visual mapping data were found in the repository.","no source animation evidence","","","choose an existing Platinum/hg-engine DS animation analog or build/adapt a new DS animation during implementation","Repository-wide searches for animation, move animation, battle animation, anim, PkmnAnimations, and Animations.rxdata returned no source evidence. The pinned Armonia moves.txt is a move-data table rather than an animation asset/mapping source. No animation was guessed.","manifests/ARMONIA_DS_ANIMATION_PASS_11.csv"
"PODEREVOL","Evolution Power","Poder Evolutivo","Pokemon Armonia dataset (via xorgies/PokemonOpalo data mirror)","xorgies/PokemonOpalo","2133a2c0db1a0d8a78a6cc7090fddc62a0d0afeb","JsonTransformer/txt/armonia/moves.txt","Ground","Physical","50","75","15","Deals damage and grows stronger when used consecutively.","0 (normal priority)","One target other than the user","No","physical-ground;consecutive-power","100% source effect-chance field","","","","","","","","","","complete","Source-verified against the pinned xorgies/PokemonOpalo Armonia move-data mirror. Spanish source text is represented by an English review explanation rather than requiring the reviewer to interpret the original text.","no battle-animation assets/scripts present in the audited data mirror","The audited xorgies/PokemonOpalo Armonia mirror exposes move-definition/mechanics data in JsonTransformer/txt/armonia/moves.txt, but no move-animation assets or per-move visual mapping data were found in the repository.","no source animation evidence","","","choose an existing Platinum/hg-engine DS animation analog or build/adapt a new DS animation during implementation","Repository-wide searches for animation, move animation, battle animation, anim, PkmnAnimations, and Animations.rxdata returned no source evidence. The pinned Armonia moves.txt is a move-data table rather than an animation asset/mapping source. No animation was guessed.","manifests/ARMONIA_DS_ANIMATION_PASS_11.csv"
"EBULLICIÓN","Boiling","Ebullición","Pokemon Armonia dataset (via xorgies/PokemonOpalo data mirror)","xorgies/PokemonOpalo","2133a2c0db1a0d8a78a6cc7090fddc62a0d0afeb","JsonTransformer/txt/armonia/moves.txt","Water","Special","35","100","15","Deals damage and always burns the target.","0 (normal priority)","One target other than the user","No","special-water;mechanics-audit-needed","100% source effect-chance field","","","","","","","","","","complete","Source-verified against the pinned xorgies/PokemonOpalo Armonia move-data mirror. Spanish source text is represented by an English review explanation rather than requiring the reviewer to interpret the original text.","no battle-animation assets/scripts present in the audited data mirror","The audited xorgies/PokemonOpalo Armonia mirror exposes move-definition/mechanics data in JsonTransformer/txt/armonia/moves.txt, but no move-animation assets or per-move visual mapping data were found in the repository.","no source animation evidence","","","choose an existing Platinum/hg-engine DS animation analog or build/adapt a new DS animation during implementation","Repository-wide searches for animation, move animation, battle animation, anim, PkmnAnimations, and Animations.rxdata returned no source evidence. The pinned Armonia moves.txt is a move-data table rather than an animation asset/mapping source. No animation was guessed.","manifests/ARMONIA_DS_ANIMATION_PASS_11.csv"
"TRESDESEOS","Three Wishes","Tres Deseos","Pokemon Armonia dataset (via xorgies/PokemonOpalo data mirror)","xorgies/PokemonOpalo","2133a2c0db1a0d8a78a6cc7090fddc62a0d0afeb","JsonTransformer/txt/armonia/moves.txt","Fairy","Special","25","85","10","Hits three times, with each hit stronger than the previous hit.","0 (normal priority)","One target other than the user","No","special-fairy;three-hit;scaling-power","100% source effect-chance field","","","","","","","","","","complete","Source-verified against the pinned xorgies/PokemonOpalo Armonia move-data mirror. Spanish source text is represented by an English review explanation rather than requiring the reviewer to interpret the original text.","no battle-animation assets/scripts present in the audited data mirror","The audited xorgies/PokemonOpalo Armonia mirror exposes move-definition/mechanics data in JsonTransformer/txt/armonia/moves.txt, but no move-animation assets or per-move visual mapping data were found in the repository.","no source animation evidence","","","choose an existing Platinum/hg-engine DS animation analog or build/adapt a new DS animation during implementation","Repository-wide searches for animation, move animation, battle animation, anim, PkmnAnimations, and Animations.rxdata returned no source evidence. The pinned Armonia moves.txt is a move-data table rather than an animation asset/mapping source. No animation was guessed.","manifests/ARMONIA_DS_ANIMATION_PASS_11.csv"
"RITOCHAMANICO","Shamanic Rite","Rito Chamánico","Pokemon Armonia dataset (via xorgies/PokemonOpalo data mirror)","xorgies/PokemonOpalo","2133a2c0db1a0d8a78a6cc7090fddc62a0d0afeb","JsonTransformer/txt/armonia/moves.txt","Fire","Status","0","100","5","Applies a recurring healing effect to the user and has +1 priority.","1 (+1 priority)","The user","No","status-fire;priority-1;priority-1;self-heal","","","","","","","","","","","complete","Source-verified against the pinned xorgies/PokemonOpalo Armonia move-data mirror. Spanish source text is represented by an English review explanation rather than requiring the reviewer to interpret the original text.","no battle-animation assets/scripts present in the audited data mirror","The audited xorgies/PokemonOpalo Armonia mirror exposes move-definition/mechanics data in JsonTransformer/txt/armonia/moves.txt, but no move-animation assets or per-move visual mapping data were found in the repository.","no source animation evidence","","","choose an existing Platinum/hg-engine DS animation analog or build/adapt a new DS animation during implementation","Repository-wide searches for animation, move animation, battle animation, anim, PkmnAnimations, and Animations.rxdata returned no source evidence. The pinned Armonia moves.txt is a move-data table rather than an animation asset/mapping source. No animation was guessed.","manifests/ARMONIA_DS_ANIMATION_PASS_11.csv"
"GOLPESABANA","Savanna Strike","Golpe Sabana","Pokemon Armonia dataset (via xorgies/PokemonOpalo data mirror)","xorgies/PokemonOpalo","2133a2c0db1a0d8a78a6cc7090fddc62a0d0afeb","JsonTransformer/txt/armonia/moves.txt","Grass","Physical","85","80","10","Deals damage; its power doubles if the target is at half HP or less.","0 (normal priority)","One target other than the user","Yes","physical-grass;low-hp-double","100% source effect-chance field","","","","","","","","","","complete","Source-verified against the pinned xorgies/PokemonOpalo Armonia move-data mirror. Spanish source text is represented by an English review explanation rather than requiring the reviewer to interpret the original text.","no battle-animation assets/scripts present in the audited data mirror","The audited xorgies/PokemonOpalo Armonia mirror exposes move-definition/mechanics data in JsonTransformer/txt/armonia/moves.txt, but no move-animation assets or per-move visual mapping data were found in the repository.","no source animation evidence","","","choose an existing Platinum/hg-engine DS animation analog or build/adapt a new DS animation during implementation","Repository-wide searches for animation, move animation, battle animation, anim, PkmnAnimations, and Animations.rxdata returned no source evidence. The pinned Armonia moves.txt is a move-data table rather than an animation asset/mapping source. No animation was guessed.","manifests/ARMONIA_DS_ANIMATION_PASS_11.csv"
"AGUIJONLETAL","Noxious Burn","Ardor Nocivo","Pokemon Armonia dataset (via xorgies/PokemonOpalo data mirror)","xorgies/PokemonOpalo","2133a2c0db1a0d8a78a6cc7090fddc62a0d0afeb","JsonTransformer/txt/armonia/moves.txt","Poison","Special","70","100","15","Deals damage and has a 30% chance to burn the target.","0 (normal priority)","One target other than the user","No","special-poison;burn;projectile","30% source effect-chance field","","","","","","","","","","complete","Source-verified against the pinned xorgies/PokemonOpalo Armonia move-data mirror. Spanish source text is represented by an English review explanation rather than requiring the reviewer to interpret the original text.","no battle-animation assets/scripts present in the audited data mirror","The audited xorgies/PokemonOpalo Armonia mirror exposes move-definition/mechanics data in JsonTransformer/txt/armonia/moves.txt, but no move-animation assets or per-move visual mapping data were found in the repository.","no source animation evidence","","","choose an existing Platinum/hg-engine DS animation analog or build/adapt a new DS animation during implementation","Repository-wide searches for animation, move animation, battle animation, anim, PkmnAnimations, and Animations.rxdata returned no source evidence. The pinned Armonia moves.txt is a move-data table rather than an animation asset/mapping source. No animation was guessed.","manifests/ARMONIA_DS_ANIMATION_PASS_11.csv"
"VIRAZON","Sea Breeze","Virazón","Pokemon Armonia dataset (via xorgies/PokemonOpalo data mirror)","xorgies/PokemonOpalo","2133a2c0db1a0d8a78a6cc7090fddc62a0d0afeb","JsonTransformer/txt/armonia/moves.txt","Water","Physical","70","100","20","Deals damage and raises the user's Speed by 1 stage.","0 (normal priority)","One target other than the user","Yes","physical-water;speed-boost;contact","100% source effect-chance field","","","","","","","","","","complete","Source-verified against the pinned xorgies/PokemonOpalo Armonia move-data mirror. Spanish source text is represented by an English review explanation rather than requiring the reviewer to interpret the original text.","no battle-animation assets/scripts present in the audited data mirror","The audited xorgies/PokemonOpalo Armonia mirror exposes move-definition/mechanics data in JsonTransformer/txt/armonia/moves.txt, but no move-animation assets or per-move visual mapping data were found in the repository.","no source animation evidence","","","choose an existing Platinum/hg-engine DS animation analog or build/adapt a new DS animation during implementation","Repository-wide searches for animation, move animation, battle animation, anim, PkmnAnimations, and Animations.rxdata returned no source evidence. The pinned Armonia moves.txt is a move-data table rather than an animation asset/mapping source. No animation was guessed.","manifests/ARMONIA_DS_ANIMATION_PASS_11.csv"
"COMBUSCRIN","Mane Blast","Combuscrin","Pokemon Armonia dataset (via xorgies/PokemonOpalo data mirror)","xorgies/PokemonOpalo","2133a2c0db1a0d8a78a6cc7090fddc62a0d0afeb","JsonTransformer/txt/armonia/moves.txt","Fire","Special","100","90","5","Deals damage and lowers the user's Speed by 1 stage.","0 (normal priority)","One target other than the user","No","special-fire;self-speed-drop;projectile","100% source effect-chance field","","","","","","","","","","complete","Source-verified against the pinned xorgies/PokemonOpalo Armonia move-data mirror. Spanish source text is represented by an English review explanation rather than requiring the reviewer to interpret the original text.","no battle-animation assets/scripts present in the audited data mirror","The audited xorgies/PokemonOpalo Armonia mirror exposes move-definition/mechanics data in JsonTransformer/txt/armonia/moves.txt, but no move-animation assets or per-move visual mapping data were found in the repository.","no source animation evidence","","","choose an existing Platinum/hg-engine DS animation analog or build/adapt a new DS animation during implementation","Repository-wide searches for animation, move animation, battle animation, anim, PkmnAnimations, and Animations.rxdata returned no source evidence. The pinned Armonia moves.txt is a move-data table rather than an animation asset/mapping source. No animation was guessed.","manifests/ARMONIA_DS_ANIMATION_PASS_11.csv"
"MIGRACIÓN","Migration","Migración","Pokemon Armonia dataset (via xorgies/PokemonOpalo data mirror)","xorgies/PokemonOpalo","2133a2c0db1a0d8a78a6cc7090fddc62a0d0afeb","JsonTransformer/txt/armonia/moves.txt","Flying","Physical","60","100","20","Deals damage, then switches the user out for another party Pokémon.","0 (normal priority)","One target other than the user","Yes","physical-flying;mechanics-audit-needed","","","","","","","","","","","complete","Source-verified against the pinned xorgies/PokemonOpalo Armonia move-data mirror. Spanish source text is represented by an English review explanation rather than requiring the reviewer to interpret the original text.","no battle-animation assets/scripts present in the audited data mirror","The audited xorgies/PokemonOpalo Armonia mirror exposes move-definition/mechanics data in JsonTransformer/txt/armonia/moves.txt, but no move-animation assets or per-move visual mapping data were found in the repository.","no source animation evidence","","","choose an existing Platinum/hg-engine DS animation analog or build/adapt a new DS animation during implementation","Repository-wide searches for animation, move animation, battle animation, anim, PkmnAnimations, and Animations.rxdata returned no source evidence. The pinned Armonia moves.txt is a move-data table rather than an animation asset/mapping source. No animation was guessed.","manifests/ARMONIA_DS_ANIMATION_PASS_11.csv"
"PATRONAJE","Patterning","Patronaje","Pokemon Armonia dataset (via xorgies/PokemonOpalo data mirror)","xorgies/PokemonOpalo","2133a2c0db1a0d8a78a6cc7090fddc62a0d0afeb","JsonTransformer/txt/armonia/moves.txt","Shadow","Status","0","","30","Raises the user's critical-hit rate.","0 (normal priority)","One target other than the user","No","status-shadow;status;crit-boost;source-native-shadow","","","","","","","","","","","complete","Source-verified against the pinned xorgies/PokemonOpalo Armonia move-data mirror. Spanish source text is represented by an English review explanation rather than requiring the reviewer to interpret the original text.","no battle-animation assets/scripts present in the audited data mirror","The audited xorgies/PokemonOpalo Armonia mirror exposes move-definition/mechanics data in JsonTransformer/txt/armonia/moves.txt, but no move-animation assets or per-move visual mapping data were found in the repository.","no source animation evidence","","","choose an existing Platinum/hg-engine DS animation analog or build/adapt a new DS animation during implementation","Repository-wide searches for animation, move animation, battle animation, anim, PkmnAnimations, and Animations.rxdata returned no source evidence. The pinned Armonia moves.txt is a move-data table rather than an animation asset/mapping source. No animation was guessed.","manifests/ARMONIA_DS_ANIMATION_PASS_11.csv"
"AEROGENERADOR","Wind Turbine","Aerogenerador","Pokemon Armonia dataset (via xorgies/PokemonOpalo data mirror)","xorgies/PokemonOpalo","2133a2c0db1a0d8a78a6cc7090fddc62a0d0afeb","JsonTransformer/txt/armonia/moves.txt","Electric","Special","80","100","15","Deals damage and restores the user's HP by 50% of the damage dealt.","0 (normal priority)","One target other than the user","No","special-electric;drain;wind","","","","","","","","","","","complete","Source-verified against the pinned xorgies/PokemonOpalo Armonia move-data mirror. Spanish source text is represented by an English review explanation rather than requiring the reviewer to interpret the original text.","no battle-animation assets/scripts present in the audited data mirror","The audited xorgies/PokemonOpalo Armonia mirror exposes move-definition/mechanics data in JsonTransformer/txt/armonia/moves.txt, but no move-animation assets or per-move visual mapping data were found in the repository.","no source animation evidence","","","choose an existing Platinum/hg-engine DS animation analog or build/adapt a new DS animation during implementation","Repository-wide searches for animation, move animation, battle animation, anim, PkmnAnimations, and Animations.rxdata returned no source evidence. The pinned Armonia moves.txt is a move-data table rather than an animation asset/mapping source. No animation was guessed.","manifests/ARMONIA_DS_ANIMATION_PASS_11.csv"
"HIEDRAAGIL","Agile Ivy","Hiedra Ágil","Pokemon Armonia dataset (via xorgies/PokemonOpalo data mirror)","xorgies/PokemonOpalo","2133a2c0db1a0d8a78a6cc7090fddc62a0d0afeb","JsonTransformer/txt/armonia/moves.txt","Grass","Physical","40","100","10","Deals 40 base-power Grass-type physical damage with 100% accuracy and 10 PP. It has +1 priority. No additional secondary effect is documented.","1 (+1 priority)","One target other than the user","No","physical-grass;priority-1;priority-1;vine","","","","","","","","","","","complete","Source-verified against the pinned xorgies/PokemonOpalo Armonia move-data mirror. Spanish source text is represented by an English review explanation rather than requiring the reviewer to interpret the original text.","no battle-animation assets/scripts present in the audited data mirror","The audited xorgies/PokemonOpalo Armonia mirror exposes move-definition/mechanics data in JsonTransformer/txt/armonia/moves.txt, but no move-animation assets or per-move visual mapping data were found in the repository.","no source animation evidence","","","choose an existing Platinum/hg-engine DS animation analog or build/adapt a new DS animation during implementation","Repository-wide searches for animation, move animation, battle animation, anim, PkmnAnimations, and Animations.rxdata returned no source evidence. The pinned Armonia moves.txt is a move-data table rather than an animation asset/mapping source. No animation was guessed.","manifests/ARMONIA_DS_ANIMATION_PASS_11.csv"
"TASER","Taser","Táser","Pokemon Armonia dataset (via xorgies/PokemonOpalo data mirror)","xorgies/PokemonOpalo","2133a2c0db1a0d8a78a6cc7090fddc62a0d0afeb","JsonTransformer/txt/armonia/moves.txt","Electric","Physical","70","100","15","Deals damage. 30% chance to paralyze.","0 (normal priority)","One target other than the user","No","physical-electric;paralysis","30% source effect-chance field","","","","","","","","","","complete","Source-verified against the pinned xorgies/PokemonOpalo Armonia move-data mirror. Spanish source text is represented by an English review explanation rather than requiring the reviewer to interpret the original text.","no battle-animation assets/scripts present in the audited data mirror","The audited xorgies/PokemonOpalo Armonia mirror exposes move-definition/mechanics data in JsonTransformer/txt/armonia/moves.txt, but no move-animation assets or per-move visual mapping data were found in the repository.","no source animation evidence","","","choose an existing Platinum/hg-engine DS animation analog or build/adapt a new DS animation during implementation","Repository-wide searches for animation, move animation, battle animation, anim, PkmnAnimations, and Animations.rxdata returned no source evidence. The pinned Armonia moves.txt is a move-data table rather than an animation asset/mapping source. No animation was guessed.","manifests/ARMONIA_DS_ANIMATION_PASS_11.csv"
"AGUANOCIVA","Noxious Waters","Aguas Nocivas","Pokemon Armonia dataset (via xorgies/PokemonOpalo data mirror)","xorgies/PokemonOpalo","2133a2c0db1a0d8a78a6cc7090fddc62a0d0afeb","JsonTransformer/txt/armonia/moves.txt","Water","Special","85","100","10","Deals damage and has a 30% chance to poison the target.","0 (normal priority)","One target other than the user","No","special-water;poison","30% source effect-chance field","","","","","","","","","","complete","Source-verified against the pinned xorgies/PokemonOpalo Armonia move-data mirror. Spanish source text is represented by an English review explanation rather than requiring the reviewer to interpret the original text.","no battle-animation assets/scripts present in the audited data mirror","The audited xorgies/PokemonOpalo Armonia mirror exposes move-definition/mechanics data in JsonTransformer/txt/armonia/moves.txt, but no move-animation assets or per-move visual mapping data were found in the repository.","no source animation evidence","","","choose an existing Platinum/hg-engine DS animation analog or build/adapt a new DS animation during implementation","Repository-wide searches for animation, move animation, battle animation, anim, PkmnAnimations, and Animations.rxdata returned no source evidence. The pinned Armonia moves.txt is a move-data table rather than an animation asset/mapping source. No animation was guessed.","manifests/ARMONIA_DS_ANIMATION_PASS_11.csv"
"FUEGOCRUZADO","Crossfire","Fuego Cruzado","Pokemon Armonia dataset (via xorgies/PokemonOpalo data mirror)","xorgies/PokemonOpalo","2133a2c0db1a0d8a78a6cc7090fddc62a0d0afeb","JsonTransformer/txt/armonia/moves.txt","Fire","Physical","70","100","5","Deals 70 base-power Fire-type physical damage with 100% accuracy and 5 PP. It makes contact and has +1 priority. No additional secondary effect is documented.","1 (+1 priority)","One target other than the user","Yes","physical-fire;priority-1;priority-1;contact","","","","","","","","","","","complete","Source-verified against the pinned xorgies/PokemonOpalo Armonia move-data mirror. Spanish source text is represented by an English review explanation rather than requiring the reviewer to interpret the original text.","no battle-animation assets/scripts present in the audited data mirror","The audited xorgies/PokemonOpalo Armonia mirror exposes move-definition/mechanics data in JsonTransformer/txt/armonia/moves.txt, but no move-animation assets or per-move visual mapping data were found in the repository.","no source animation evidence","","","choose an existing Platinum/hg-engine DS animation analog or build/adapt a new DS animation during implementation","Repository-wide searches for animation, move animation, battle animation, anim, PkmnAnimations, and Animations.rxdata returned no source evidence. The pinned Armonia moves.txt is a move-data table rather than an animation asset/mapping source. No animation was guessed.","manifests/ARMONIA_DS_ANIMATION_PASS_11.csv"
"CONJUROSOLAR","Solar Force","Fuerza Solar","Pokemon Armonia dataset (via xorgies/PokemonOpalo data mirror)","xorgies/PokemonOpalo","2133a2c0db1a0d8a78a6cc7090fddc62a0d0afeb","JsonTransformer/txt/armonia/moves.txt","Fairy","Special","85","90","5","Deals damage and has a 30% chance to burn the target.","0 (normal priority)","One target other than the user","No","special-fairy;burn;magic","30% source effect-chance field","","","","","","","","","","complete","Source-verified against the pinned xorgies/PokemonOpalo Armonia move-data mirror. Spanish source text is represented by an English review explanation rather than requiring the reviewer to interpret the original text.","no battle-animation assets/scripts present in the audited data mirror","The audited xorgies/PokemonOpalo Armonia mirror exposes move-definition/mechanics data in JsonTransformer/txt/armonia/moves.txt, but no move-animation assets or per-move visual mapping data were found in the repository.","no source animation evidence","","","choose an existing Platinum/hg-engine DS animation analog or build/adapt a new DS animation during implementation","Repository-wide searches for animation, move animation, battle animation, anim, PkmnAnimations, and Animations.rxdata returned no source evidence. The pinned Armonia moves.txt is a move-data table rather than an animation asset/mapping source. No animation was guessed.","manifests/ARMONIA_DS_ANIMATION_PASS_11.csv"
"CACAREO","Clucking","Cacareo","Pokemon Armonia dataset (via xorgies/PokemonOpalo data mirror)","xorgies/PokemonOpalo","2133a2c0db1a0d8a78a6cc7090fddc62a0d0afeb","JsonTransformer/txt/armonia/moves.txt","Fairy","Special","55","100","20","Deals damage and has a 70% chance to confuse the target.","0 (normal priority)","One target other than the user","No","special-fairy;confusion;sound","70% source effect-chance field","","","","","","","","","","complete","Source-verified against the pinned xorgies/PokemonOpalo Armonia move-data mirror. Spanish source text is represented by an English review explanation rather than requiring the reviewer to interpret the original text.","no battle-animation assets/scripts present in the audited data mirror","The audited xorgies/PokemonOpalo Armonia mirror exposes move-definition/mechanics data in JsonTransformer/txt/armonia/moves.txt, but no move-animation assets or per-move visual mapping data were found in the repository.","no source animation evidence","","","choose an existing Platinum/hg-engine DS animation analog or build/adapt a new DS animation during implementation","Repository-wide searches for animation, move animation, battle animation, anim, PkmnAnimations, and Animations.rxdata returned no source evidence. The pinned Armonia moves.txt is a move-data table rather than an animation asset/mapping source. No animation was guessed.","manifests/ARMONIA_DS_ANIMATION_PASS_11.csv"
"TERRAL","Heat Drain","Endodrenaje","Pokemon Armonia dataset (via xorgies/PokemonOpalo data mirror)","xorgies/PokemonOpalo","2133a2c0db1a0d8a78a6cc7090fddc62a0d0afeb","JsonTransformer/txt/armonia/moves.txt","Fire","Special","70","90","15","Deals damage and restores the user's HP by 50% of the damage dealt.","0 (normal priority)","One target other than the user","No","special-fire;drain","10% source effect-chance field","","","","","","","","","","complete","Source-verified against the pinned xorgies/PokemonOpalo Armonia move-data mirror. Spanish source text is represented by an English review explanation rather than requiring the reviewer to interpret the original text.","no battle-animation assets/scripts present in the audited data mirror","The audited xorgies/PokemonOpalo Armonia mirror exposes move-definition/mechanics data in JsonTransformer/txt/armonia/moves.txt, but no move-animation assets or per-move visual mapping data were found in the repository.","no source animation evidence","","","choose an existing Platinum/hg-engine DS animation analog or build/adapt a new DS animation during implementation","Repository-wide searches for animation, move animation, battle animation, anim, PkmnAnimations, and Animations.rxdata returned no source evidence. The pinned Armonia moves.txt is a move-data table rather than an animation asset/mapping source. No animation was guessed.","manifests/ARMONIA_DS_ANIMATION_PASS_11.csv"
"PODERPRIMATE","Primate Power","Poder Primate","Pokemon Armonia dataset (via xorgies/PokemonOpalo data mirror)","xorgies/PokemonOpalo","2133a2c0db1a0d8a78a6cc7090fddc62a0d0afeb","JsonTransformer/txt/armonia/moves.txt","Normal","Status","0","","10","Raises the user's Attack by 1 stage and Speed by 2 stages.","0 (normal priority)","One target other than the user","No","status-normal;status;attack-boost;speed-boost","","","","","","","","","","","complete","Source-verified against the pinned xorgies/PokemonOpalo Armonia move-data mirror. Spanish source text is represented by an English review explanation rather than requiring the reviewer to interpret the original text.","no battle-animation assets/scripts present in the audited data mirror","The audited xorgies/PokemonOpalo Armonia mirror exposes move-definition/mechanics data in JsonTransformer/txt/armonia/moves.txt, but no move-animation assets or per-move visual mapping data were found in the repository.","no source animation evidence","","","choose an existing Platinum/hg-engine DS animation analog or build/adapt a new DS animation during implementation","Repository-wide searches for animation, move animation, battle animation, anim, PkmnAnimations, and Animations.rxdata returned no source evidence. The pinned Armonia moves.txt is a move-data table rather than an animation asset/mapping source. No animation was guessed.","manifests/ARMONIA_DS_ANIMATION_PASS_11.csv"
"ELECTROPUNZADA","Electro Jab","Electropunzada","Pokemon Armonia dataset (via xorgies/PokemonOpalo data mirror)","xorgies/PokemonOpalo","2133a2c0db1a0d8a78a6cc7090fddc62a0d0afeb","JsonTransformer/txt/armonia/moves.txt","Electric","Physical","80","100","10","Deals damage and has a 30% chance to make the target flinch.","0 (normal priority)","One target other than the user","Yes","physical-electric;flinch","30% source effect-chance field","","","","","","","","","","complete","Source-verified against the pinned xorgies/PokemonOpalo Armonia move-data mirror. Spanish source text is represented by an English review explanation rather than requiring the reviewer to interpret the original text.","no battle-animation assets/scripts present in the audited data mirror","The audited xorgies/PokemonOpalo Armonia mirror exposes move-definition/mechanics data in JsonTransformer/txt/armonia/moves.txt, but no move-animation assets or per-move visual mapping data were found in the repository.","no source animation evidence","","","choose an existing Platinum/hg-engine DS animation analog or build/adapt a new DS animation during implementation","Repository-wide searches for animation, move animation, battle animation, anim, PkmnAnimations, and Animations.rxdata returned no source evidence. The pinned Armonia moves.txt is a move-data table rather than an animation asset/mapping source. No animation was guessed.","manifests/ARMONIA_DS_ANIMATION_PASS_11.csv"
"ELECTROARENA","Electro Sand","Electroarena","Pokemon Armonia dataset (via xorgies/PokemonOpalo data mirror)","xorgies/PokemonOpalo","2133a2c0db1a0d8a78a6cc7090fddc62a0d0afeb","JsonTransformer/txt/armonia/moves.txt","Ground","Special","75","100","15","Deals damage and has a 30% chance to paralyze the target.","0 (normal priority)","One target other than the user","No","special-ground;paralysis","30% source effect-chance field","","","","","","","","","","complete","Source-verified against the pinned xorgies/PokemonOpalo Armonia move-data mirror. Spanish source text is represented by an English review explanation rather than requiring the reviewer to interpret the original text.","no battle-animation assets/scripts present in the audited data mirror","The audited xorgies/PokemonOpalo Armonia mirror exposes move-definition/mechanics data in JsonTransformer/txt/armonia/moves.txt, but no move-animation assets or per-move visual mapping data were found in the repository.","no source animation evidence","","","choose an existing Platinum/hg-engine DS animation analog or build/adapt a new DS animation during implementation","Repository-wide searches for animation, move animation, battle animation, anim, PkmnAnimations, and Animations.rxdata returned no source evidence. The pinned Armonia moves.txt is a move-data table rather than an animation asset/mapping source. No animation was guessed.","manifests/ARMONIA_DS_ANIMATION_PASS_11.csv"
"COMECEREBRO","Brain Eater","Comecerebro","Pokemon Armonia dataset (via xorgies/PokemonOpalo data mirror)","xorgies/PokemonOpalo","2133a2c0db1a0d8a78a6cc7090fddc62a0d0afeb","JsonTransformer/txt/armonia/moves.txt","Ghost","Physical","55","100","10","Deals damage and has a 30% chance to confuse the target.","0 (normal priority)","One target other than the user","Yes","physical-ghost;confusion;bite;punch","30% source effect-chance field","","","","","","","","","","complete","Source-verified against the pinned xorgies/PokemonOpalo Armonia move-data mirror. Spanish source text is represented by an English review explanation rather than requiring the reviewer to interpret the original text.","no battle-animation assets/scripts present in the audited data mirror","The audited xorgies/PokemonOpalo Armonia mirror exposes move-definition/mechanics data in JsonTransformer/txt/armonia/moves.txt, but no move-animation assets or per-move visual mapping data were found in the repository.","no source animation evidence","","","choose an existing Platinum/hg-engine DS animation analog or build/adapt a new DS animation during implementation","Repository-wide searches for animation, move animation, battle animation, anim, PkmnAnimations, and Animations.rxdata returned no source evidence. The pinned Armonia moves.txt is a move-data table rather than an animation asset/mapping source. No animation was guessed.","manifests/ARMONIA_DS_ANIMATION_PASS_11.csv"
"ROCAVOLTAICA","Voltaic Rock","Roca Voltaica","Pokemon Armonia dataset (via xorgies/PokemonOpalo data mirror)","xorgies/PokemonOpalo","2133a2c0db1a0d8a78a6cc7090fddc62a0d0afeb","JsonTransformer/txt/armonia/moves.txt","Rock","Special","120","80","5","Deals damage and has a 30% chance to paralyze the target.","0 (normal priority)","One target other than the user","No","special-rock;paralysis;high-power","30% source effect-chance field","","","","","","","","","","complete","Source-verified against the pinned xorgies/PokemonOpalo Armonia move-data mirror. Spanish source text is represented by an English review explanation rather than requiring the reviewer to interpret the original text.","no battle-animation assets/scripts present in the audited data mirror","The audited xorgies/PokemonOpalo Armonia mirror exposes move-definition/mechanics data in JsonTransformer/txt/armonia/moves.txt, but no move-animation assets or per-move visual mapping data were found in the repository.","no source animation evidence","","","choose an existing Platinum/hg-engine DS animation analog or build/adapt a new DS animation during implementation","Repository-wide searches for animation, move animation, battle animation, anim, PkmnAnimations, and Animations.rxdata returned no source evidence. The pinned Armonia moves.txt is a move-data table rather than an animation asset/mapping source. No animation was guessed.","manifests/ARMONIA_DS_ANIMATION_PASS_11.csv"
"GHOSTGALLOP","Spectral Gallop","Galope Espectral","Pokemon Armonia dataset (via xorgies/PokemonOpalo data mirror)","xorgies/PokemonOpalo","2133a2c0db1a0d8a78a6cc7090fddc62a0d0afeb","JsonTransformer/txt/armonia/moves.txt","Ghost","Physical","80","100","15","Deals damage and has a 20% chance to make the target flinch.","0 (normal priority)","One target other than the user","No","physical-ghost;flinch","20% source effect-chance field","","","","","","","","","","complete","Source-verified against the pinned xorgies/PokemonOpalo Armonia move-data mirror. Spanish source text is represented by an English review explanation rather than requiring the reviewer to interpret the original text.","no battle-animation assets/scripts present in the audited data mirror","The audited xorgies/PokemonOpalo Armonia mirror exposes move-definition/mechanics data in JsonTransformer/txt/armonia/moves.txt, but no move-animation assets or per-move visual mapping data were found in the repository.","no source animation evidence","","","choose an existing Platinum/hg-engine DS animation analog or build/adapt a new DS animation during implementation","Repository-wide searches for animation, move animation, battle animation, anim, PkmnAnimations, and Animations.rxdata returned no source evidence. The pinned Armonia moves.txt is a move-data table rather than an animation asset/mapping source. No animation was guessed.","manifests/ARMONIA_DS_ANIMATION_PASS_11.csv"
"IRALLAMEANTE","Blazing Fury","Ira Llameante","Pokemon Armonia dataset (via xorgies/PokemonOpalo data mirror)","xorgies/PokemonOpalo","2133a2c0db1a0d8a78a6cc7090fddc62a0d0afeb","JsonTransformer/txt/armonia/moves.txt","Fire","Physical","120","100","10","Attacks for 2–3 turns, then confuses the user.","0 (normal priority)","One target other than the user","Yes","physical-fire;rampage;self-confusion","","","","","","","","","","","complete","Source-verified against the pinned xorgies/PokemonOpalo Armonia move-data mirror. Spanish source text is represented by an English review explanation rather than requiring the reviewer to interpret the original text.","no battle-animation assets/scripts present in the audited data mirror","The audited xorgies/PokemonOpalo Armonia mirror exposes move-definition/mechanics data in JsonTransformer/txt/armonia/moves.txt, but no move-animation assets or per-move visual mapping data were found in the repository.","no source animation evidence","","","choose an existing Platinum/hg-engine DS animation analog or build/adapt a new DS animation during implementation","Repository-wide searches for animation, move animation, battle animation, anim, PkmnAnimations, and Animations.rxdata returned no source evidence. The pinned Armonia moves.txt is a move-data table rather than an animation asset/mapping source. No animation was guessed.","manifests/ARMONIA_DS_ANIMATION_PASS_11.csv"
"ENFRIAR","Cool Down","Enfriar","Pokemon Armonia dataset (via xorgies/PokemonOpalo data mirror)","xorgies/PokemonOpalo","2133a2c0db1a0d8a78a6cc7090fddc62a0d0afeb","JsonTransformer/txt/armonia/moves.txt","Ice","Status","0","100","20","An Ice-type status move with 100% accuracy and 20 PP. If it succeeds, the target's typing is replaced with pure Ice. It does not deal damage.","0 (normal priority)","One target other than the user","No","status-ice;status;type-change","","","","","","","","","","","complete","Source-verified against the pinned xorgies/PokemonOpalo Armonia move-data mirror. Spanish source text is represented by an English review explanation rather than requiring the reviewer to interpret the original text.","no battle-animation assets/scripts present in the audited data mirror","The audited xorgies/PokemonOpalo Armonia mirror exposes move-definition/mechanics data in JsonTransformer/txt/armonia/moves.txt, but no move-animation assets or per-move visual mapping data were found in the repository.","no source animation evidence","","","choose an existing Platinum/hg-engine DS animation analog or build/adapt a new DS animation during implementation","Repository-wide searches for animation, move animation, battle animation, anim, PkmnAnimations, and Animations.rxdata returned no source evidence. The pinned Armonia moves.txt is a move-data table rather than an animation asset/mapping source. No animation was guessed.","manifests/ARMONIA_DS_ANIMATION_PASS_11.csv"
"AHOGAMIENTO","Deep Dive","Zambullida","Pokemon Armonia dataset (via xorgies/PokemonOpalo data mirror)","xorgies/PokemonOpalo","2133a2c0db1a0d8a78a6cc7090fddc62a0d0afeb","JsonTransformer/txt/armonia/moves.txt","Water","Special","70","100","20","Deals damage and is treated as super effective against Grass-type targets.","0 (normal priority)","One target other than the user","No","special-water;anti-grass","","","","","","","","","","","complete","Source-verified against the pinned xorgies/PokemonOpalo Armonia move-data mirror. Spanish source text is represented by an English review explanation rather than requiring the reviewer to interpret the original text.","no battle-animation assets/scripts present in the audited data mirror","The audited xorgies/PokemonOpalo Armonia mirror exposes move-definition/mechanics data in JsonTransformer/txt/armonia/moves.txt, but no move-animation assets or per-move visual mapping data were found in the repository.","no source animation evidence","","","choose an existing Platinum/hg-engine DS animation analog or build/adapt a new DS animation during implementation","Repository-wide searches for animation, move animation, battle animation, anim, PkmnAnimations, and Animations.rxdata returned no source evidence. The pinned Armonia moves.txt is a move-data table rather than an animation asset/mapping source. No animation was guessed.","manifests/ARMONIA_DS_ANIMATION_PASS_11.csv"
"DESPRENDIMIENTO","Rockfall","Desprendimiento","Pokemon Armonia dataset (via xorgies/PokemonOpalo data mirror)","xorgies/PokemonOpalo","2133a2c0db1a0d8a78a6cc7090fddc62a0d0afeb","JsonTransformer/txt/armonia/moves.txt","Rock","Physical","120","100","10","Attacks for 2–3 turns, then confuses the user.","0 (normal priority)","One random opposing Pokémon","Yes","physical-rock;rampage;self-confusion;spread","","","","","","","","","","","complete","Source-verified against the pinned xorgies/PokemonOpalo Armonia move-data mirror. Spanish source text is represented by an English review explanation rather than requiring the reviewer to interpret the original text.","no battle-animation assets/scripts present in the audited data mirror","The audited xorgies/PokemonOpalo Armonia mirror exposes move-definition/mechanics data in JsonTransformer/txt/armonia/moves.txt, but no move-animation assets or per-move visual mapping data were found in the repository.","no source animation evidence","","","choose an existing Platinum/hg-engine DS animation analog or build/adapt a new DS animation during implementation","Repository-wide searches for animation, move animation, battle animation, anim, PkmnAnimations, and Animations.rxdata returned no source evidence. The pinned Armonia moves.txt is a move-data table rather than an animation asset/mapping source. No animation was guessed.","manifests/ARMONIA_DS_ANIMATION_PASS_11.csv"
"PUASSOBERANAS","Royal Darts","Dardos Reales","Pokemon Armonia dataset (via xorgies/PokemonOpalo data mirror)","xorgies/PokemonOpalo","2133a2c0db1a0d8a78a6cc7090fddc62a0d0afeb","JsonTransformer/txt/armonia/moves.txt","Poison","Physical","70","100","10","Deals damage and marks the target for the rest of the turn; if that target hits the user with a contact move, the target becomes poisoned.","0 (normal priority)","One target other than the user","Yes","physical-poison;contact-retaliation;poison","20% source effect-chance field","","","","","","","","","","complete","Source-verified against the pinned xorgies/PokemonOpalo Armonia move-data mirror. Spanish source text is represented by an English review explanation rather than requiring the reviewer to interpret the original text.","no battle-animation assets/scripts present in the audited data mirror","The audited xorgies/PokemonOpalo Armonia mirror exposes move-definition/mechanics data in JsonTransformer/txt/armonia/moves.txt, but no move-animation assets or per-move visual mapping data were found in the repository.","no source animation evidence","","","choose an existing Platinum/hg-engine DS animation analog or build/adapt a new DS animation during implementation","Repository-wide searches for animation, move animation, battle animation, anim, PkmnAnimations, and Animations.rxdata returned no source evidence. The pinned Armonia moves.txt is a move-data table rather than an animation asset/mapping source. No animation was guessed.","manifests/ARMONIA_DS_ANIMATION_PASS_11.csv"
"MORDISCOCARDUMEN","School Bite","Mor. Cardúmen","Pokemon Armonia dataset (via xorgies/PokemonOpalo data mirror)","xorgies/PokemonOpalo","2133a2c0db1a0d8a78a6cc7090fddc62a0d0afeb","JsonTransformer/txt/armonia/moves.txt","Water","Physical","20","100","20","Deals 20 base-power Water-type physical damage per hit with 100% accuracy and 20 PP. It strikes the target 2–5 times in one use and is treated as a biting move.","0 (normal priority)","One target other than the user","Yes","physical-water;multi-hit;bite","","","","","","","","","","","complete","Source-verified against the pinned xorgies/PokemonOpalo Armonia move-data mirror. Spanish source text is represented by an English review explanation rather than requiring the reviewer to interpret the original text.","no battle-animation assets/scripts present in the audited data mirror","The audited xorgies/PokemonOpalo Armonia mirror exposes move-definition/mechanics data in JsonTransformer/txt/armonia/moves.txt, but no move-animation assets or per-move visual mapping data were found in the repository.","no source animation evidence","","","choose an existing Platinum/hg-engine DS animation analog or build/adapt a new DS animation during implementation","Repository-wide searches for animation, move animation, battle animation, anim, PkmnAnimations, and Animations.rxdata returned no source evidence. The pinned Armonia moves.txt is a move-data table rather than an animation asset/mapping source. No animation was guessed.","manifests/ARMONIA_DS_ANIMATION_PASS_11.csv"
"BIFIDOVOLADOR","Split Strike","Golpe Bífido","Pokemon Armonia dataset (via xorgies/PokemonOpalo data mirror)","xorgies/PokemonOpalo","2133a2c0db1a0d8a78a6cc7090fddc62a0d0afeb","JsonTransformer/txt/armonia/moves.txt","Flying","Physical","80","95","10","Deals damage and is treated as both Flying- and Fighting-type for type effectiveness.","0 (normal priority)","One target other than the user","Yes","physical-flying;dual-type;variant-family;helper-records","","","","","","","","","","","complete","Source-verified against the pinned xorgies/PokemonOpalo Armonia move-data mirror. Spanish source text is represented by an English review explanation rather than requiring the reviewer to interpret the original text.","no battle-animation assets/scripts present in the audited data mirror","The audited xorgies/PokemonOpalo Armonia mirror exposes move-definition/mechanics data in JsonTransformer/txt/armonia/moves.txt, but no move-animation assets or per-move visual mapping data were found in the repository.","no source animation evidence","","","choose an existing Platinum/hg-engine DS animation analog or build/adapt a new DS animation during implementation","Repository-wide searches for animation, move animation, battle animation, anim, PkmnAnimations, and Animations.rxdata returned no source evidence. The pinned Armonia moves.txt is a move-data table rather than an animation asset/mapping source. No animation was guessed.","manifests/ARMONIA_DS_ANIMATION_PASS_11.csv"
"PALEOWAVE","Paleo Wave","Paleo Wave","Smogon CAP (via Pokemon Showdown)","smogon/pokemon-showdown","a5df8274e85b0889bf2a9b3422a08b39732374fc","data/moves.ts","Rock","Special","85","100","15","Deals damage. 20% chance to lower target Attack by 1 stage.","0","One adjacent Pokémon","No","protect, mirror","20%","","lowers the target's Attack by 1 stage","","","","","","","","complete","Source-verified against the pinned Pokémon Showdown CAP move definition.","battle-simulator mechanics only; no Nintendo DS animation asset supplied","","","","","mechanics straightforward; DS rock/wave animation requires recreation or adaptation","",""
"SHADOWSTRIKE","Shadow Strike","Shadow Strike","Smogon CAP (via Pokemon Showdown)","smogon/pokemon-showdown","a5df8274e85b0889bf2a9b3422a08b39732374fc","data/moves.ts","Ghost","Physical","80","95","10","Deals damage. 50% chance to lower target Defense by 1 stage.","0","One adjacent Pokémon","Yes","contact, protect, mirror","50%","","lowers the target's Defense by 1 stage","","","","","","","","complete","Source-verified against the pinned Pokémon Showdown CAP move definition.","battle-simulator mechanics only; no Nintendo DS animation asset supplied","","","","","mechanics straightforward; DS ghost/contact animation requires recreation or adaptation","",""
"POLARFLARE","Polar Flare","Polar Flare","Smogon CAP (via Pokemon Showdown)","smogon/pokemon-showdown","a5df8274e85b0889bf2a9b3422a08b39732374fc","data/moves.ts","Fire","Special","75","100","10","Spread damage to all adjacent foes. 10% chance to freeze; can defrost the user; toggles Ramnarok between base and Radiant form after use when eligible.","0","All adjacent foes","No","protect, mirror, defrost, nosketch","10%","freeze","","","","","","","","","complete","Source-verified against the pinned Pokémon Showdown CAP move definition.","battle-simulator mechanics only; no Nintendo DS animation asset supplied","","","","","base damage/status is straightforward; Ramnarok form-toggle behavior needs custom DS form-change scripting","",""
