"candidate_index","provisional_ds_id","batch_id","move_id","move_name","type","category","power","accuracy","pp","mechanics_audit_status","animation_class","animation_reference","visual_policy"
"1","923","BULK01","MOVE_SMITE","Smite","Electric","Physical","120","80","15","complete","custom GBA animation evidence","Elite-Redux/eliteredux-source@ef051069ed3509438d1c5de36eba9dee529bb0d2: src/battle_anim_new.c::sAnimCmdSmiteBeam","DEFER_VISUAL_UNTIL_APPROVED"
"2","924","BULK01","MOVE_SHOCKING_JAB","Shocking Jab","Electric","Physical","80","100","10","complete","custom GBA animation evidence","Elite-Redux/eliteredux-source@ef051069ed3509438d1c5de36eba9dee529bb0d2: src/battle_anim_effects_1.c::gShockingJabProjectileSpriteTemplate","DEFER_VISUAL_UNTIL_APPROVED"
"3","925","BULK01","MOVE_SHOCKING_EDGE","Shocking Edge","Electric","Physical","80","100","10","complete","pending/no source animation linkage","","DEFER_VISUAL_UNTIL_APPROVED"
"4","926","BULK01","MOVE_LIGHTNING_STRIKE","Lightning Strike","Electric","Physical","70","100","20","complete","pending/no source animation linkage","","DEFER_VISUAL_UNTIL_APPROVED"
"5","927","BULK01","MOVE_VOLT_BOLT","Volt Bolt","Electric","Physical","70","100","20","complete","direct Platinum/base-era DS reuse","MOVE_VOLT_TACKLE","NO_PER_MOVE_VISUAL_DONOR_SPOT_CHECK"
"6","928","BULK01","MOVE_DEATHROLL","Deathroll","Water","Physical","100","100","5","complete","direct Platinum/base-era DS reuse","MOVE_CRUNCH","NO_PER_MOVE_VISUAL_DONOR_SPOT_CHECK"
"7","929","BULK01","MOVE_EXCALIBUR","Excalibur","Steel","Physical","120","80","5","complete","pending/no source animation linkage","","DEFER_VISUAL_UNTIL_APPROVED"
"8","930","BULK01","MOVE_AQUA_FANG","Aqua Fang","Water","Physical","85","100","15","complete","pending/no source animation linkage","","DEFER_VISUAL_UNTIL_APPROVED"
"9","931","BULK01","MOVE_OUTBURST","Outburst","Normal","Special","250","100","5","complete","direct Platinum/base-era DS reuse","MOVE_EXPLOSION","NO_PER_MOVE_VISUAL_DONOR_SPOT_CHECK"
"10","932","BULK01","MOVE_SEISMIC_FIST","Seismic Fist","Ground","Physical","85","100","15","complete","pending/no source animation linkage","","DEFER_VISUAL_UNTIL_APPROVED"
"11","933","BULK01","MOVE_IRON_FANGS","Iron Fangs","Steel","Physical","85","100","15","complete","pending/no source animation linkage","","DEFER_VISUAL_UNTIL_APPROVED"
"12","934","BULK01","MOVE_SHADOW_FANGS","Shadow Fangs","Ghost","Physical","80","100","15","complete","pending/no source animation linkage","","DEFER_VISUAL_UNTIL_APPROVED"
"13","935","BULK01","MOVE_LOVELY_BITE","Lovely Bite","Fairy","Physical","85","100","15","complete","pending/no source animation linkage","","DEFER_VISUAL_UNTIL_APPROVED"
"14","936","BULK01","MOVE_JAGGED_FANGS","Jagged Fangs","Rock","Physical","80","100","15","complete","pending/no source animation linkage","","DEFER_VISUAL_UNTIL_APPROVED"
"15","937","BULK01","MOVE_SCORCHED_EARTH","Scorched Earth","Fire","Special","70","100","10","complete","pending/no source animation linkage","","DEFER_VISUAL_UNTIL_APPROVED"
"16","938","BULK01","MOVE_PLASMA_PULSE","Plasma Pulse","Electric","Special","65","100","10","complete","pending/no source animation linkage","","DEFER_VISUAL_UNTIL_APPROVED"
"17","939","BULK01","MOVE_PRIMAL_BEAM","Primal Beam","Dragon","Physical","90","100","10","complete","pending/no source animation linkage","","DEFER_VISUAL_UNTIL_APPROVED"
"18","940","BULK01","MOVE_DRACONIC_FANGS","Draconic Fangs","Dragon","Physical","85","100","15","complete","direct Platinum/base-era DS reuse","MOVE_BITE","NO_PER_MOVE_VISUAL_DONOR_SPOT_CHECK"
"19","941","BULK01","MOVE_PIXIE_BEAM","Pixie Beam","Fairy","Special","110","85","5","complete","pending/no source animation linkage","","DEFER_VISUAL_UNTIL_APPROVED"
"20","942","BULK01","MOVE_PIXIE_SLASH","Pixie Slash","Fairy","Physical","90","100","20","complete","pending/no source animation linkage","","DEFER_VISUAL_UNTIL_APPROVED"
"21","943","BULK01","MOVE_SEISMIC_BLADE","Seismic Blade","Ground","Physical","90","100","20","complete","pending/no source animation linkage","","DEFER_VISUAL_UNTIL_APPROVED"
"22","944","BULK01","MOVE_MOUNTAIN_CHUNK","Mountain Chunk","Ground","Physical","110","90","10","complete","pending/no source animation linkage","","DEFER_VISUAL_UNTIL_APPROVED"
"23","945","BULK01","MOVE_ARCHER_SHOT","Archer Shot","Normal","Physical","95","100","20","complete","pending/no source animation linkage","","DEFER_VISUAL_UNTIL_APPROVED"
"24","946","BULK01","MOVE_FROST_BRAND","Frost Brand","Ice","Physical","80","100","20","complete","pending/no source animation linkage","","DEFER_VISUAL_UNTIL_APPROVED"
"25","947","BULK01","MOVE_FROST_BOLT","Frost Bolt","Ice","Physical","80","100","20","complete","pending/no source animation linkage","","DEFER_VISUAL_UNTIL_APPROVED"
"26","948","BULK01","MOVE_GLACIER_CRASH","Glacier Crash","Ice","Physical","95","100","20","complete","direct hg-engine DS reuse","MOVE_ICICLE_CRASH","UNIQUE_DONOR_VISUAL_ONCE_AFTER_PORT"
"27","949","BULK01","MOVE_SUPERSONIC_SHOT","Supersonic Shot","Flying","Physical","60","100","10","complete","direct Platinum/base-era DS reuse","MOVE_SUPERSONIC","NO_PER_MOVE_VISUAL_DONOR_SPOT_CHECK"
"28","950","BULK01","MOVE_ZEPHYR_RUSH","Zephyr Rush","Flying","Physical","100","95","10","complete","direct Platinum/base-era DS reuse","MOVE_JUMP_KICK","NO_PER_MOVE_VISUAL_DONOR_SPOT_CHECK"
"29","951","BULK01","MOVE_KINETIC_BARRAGE","Kinetic Barrage","Psychic","Physical","90","100","20","complete","direct Platinum/base-era DS reuse","MOVE_STRENGTH","NO_PER_MOVE_VISUAL_DONOR_SPOT_CHECK"
"30","952","BULK01","MOVE_FERTILE_FANGS","Fertile Fangs","Grass","Physical","80","100","20","complete","direct Platinum/base-era DS reuse","MOVE_LEECH_LIFE","NO_PER_MOVE_VISUAL_DONOR_SPOT_CHECK"
"31","953","BULK01","MOVE_SCATTER_BLAST","Scatter Blast","Ground","Special","65","100","5","complete","pending/no source animation linkage","","DEFER_VISUAL_UNTIL_APPROVED"
"32","954","BULK01","MOVE_JAGGED_PUNCH","Jagged Punch","Rock","Physical","80","100","10","complete","direct Platinum/base-era DS reuse","MOVE_MACH_PUNCH","NO_PER_MOVE_VISUAL_DONOR_SPOT_CHECK"
"33","955","BULK01","MOVE_CUTSIE_SLAP","Cutsie Slap","Fairy","Physical","85","100","10","complete","pending/no source animation linkage","","DEFER_VISUAL_UNTIL_APPROVED"
"34","956","BULK01","MOVE_FAIRY_SPHERES","Fairy Spheres","Fairy","Physical","20","100","10","complete","direct Platinum/base-era DS reuse","MOVE_DOUBLE_SLAP","NO_PER_MOVE_VISUAL_DONOR_SPOT_CHECK"
"35","957","BULK01","MOVE_BRAMBLE_BLAST","Bramble Blast","Grass","Physical","85","100","10","complete","direct Platinum/base-era DS reuse","MOVE_POISON_STING","NO_PER_MOVE_VISUAL_DONOR_SPOT_CHECK"
"36","958","BULK01","MOVE_ASTEROID_DOWNFALL","Asteroid Shot","Rock","Physical","90","","20","complete","direct hg-engine DS reuse","MOVE_SMACK_DOWN","UNIQUE_DONOR_VISUAL_ONCE_AFTER_PORT"
"37","959","BULK01","MOVE_AQUA_BASH","Aqua Bash","Water","Physical","80","100","15","complete","direct Platinum/base-era DS reuse","MOVE_AQUA_TAIL","NO_PER_MOVE_VISUAL_DONOR_SPOT_CHECK"
"38","960","BULK01","MOVE_TECTONIC_FANGS","Tectonic Fangs","Ground","Physical","85","100","15","complete","pending/no source animation linkage","","DEFER_VISUAL_UNTIL_APPROVED"
"39","961","BULK01","MOVE_CUPID_SHOT","Cupid Shot","Fairy","Physical","75","100","10","complete","pending/no source animation linkage","","DEFER_VISUAL_UNTIL_APPROVED"
"40","962","BULK01","MOVE_CLAY_DART","Clay Dart","Ground","Physical","80","100","10","complete","direct hg-engine DS reuse","MOVE_THOUSAND_ARROWS","UNIQUE_DONOR_VISUAL_ONCE_AFTER_PORT"
"41","963","BULK01","MOVE_DIAMOND_ARROW","Diamond Arrow","Rock","Physical","85","100","10","complete","direct hg-engine DS reuse","MOVE_THOUSAND_ARROWS","UNIQUE_DONOR_VISUAL_ONCE_AFTER_PORT"
"42","964","BULK01","MOVE_DIAMOND_BLADE","Diamond Blade","Rock","Physical","80","100","10","complete","direct Platinum/base-era DS reuse","MOVE_CUT","NO_PER_MOVE_VISUAL_DONOR_SPOT_CHECK"
"43","965","BULK01","MOVE_VENOM_BOLT","Venom Bolt","Poison","Physical","75","100","10","complete","direct Platinum/base-era DS reuse","MOVE_POISON_STING","NO_PER_MOVE_VISUAL_DONOR_SPOT_CHECK"
"44","966","BULK01","MOVE_FUMIGATION_BOMB","Fumigation Bomb","Poison","Physical","75","100","10","complete","pending/no source animation linkage","","DEFER_VISUAL_UNTIL_APPROVED"
"45","967","BULK01","MOVE_BLACK_MAGIC","Black Magic","Dark","Physical","90","100","10","complete","direct Platinum/base-era DS reuse","MOVE_DARK_PULSE","NO_PER_MOVE_VISUAL_DONOR_SPOT_CHECK"
"46","968","BULK01","MOVE_FLAME_TONGUE","Flame Tongue","Fire","Physical","80","100","10","complete","pending/no source animation linkage","","DEFER_VISUAL_UNTIL_APPROVED"
"47","969","BULK01","MOVE_BLAZING_ARROW","Blazing Arrow","Fire","Physical","80","100","10","complete","direct hg-engine DS reuse","MOVE_FIRE_LASH","UNIQUE_DONOR_VISUAL_ONCE_AFTER_PORT"
"48","970","BULK01","MOVE_ROCKET_PUNCH","Rocket Shot","Steel","Physical","100","100","10","complete","direct Platinum/base-era DS reuse","MOVE_COMET_PUNCH","NO_PER_MOVE_VISUAL_DONOR_SPOT_CHECK"
"49","971","BULK01","MOVE_WEB_SHOT","Web Shot","Bug","Physical","75","100","10","complete","direct hg-engine DS reuse","MOVE_STICKY_WEB","UNIQUE_DONOR_VISUAL_ONCE_AFTER_PORT"
"50","972","BULK01","MOVE_AURA_FORCE","Aura Force","Fighting","Physical","70","100","10","complete","direct Platinum/base-era DS reuse","MOVE_AURA_SPHERE","NO_PER_MOVE_VISUAL_DONOR_SPOT_CHECK"
"51","973","BULK02","MOVE_DRAKE_MISSILE","Draco Missile","Dragon","Physical","100","90","10","complete","direct Platinum/base-era DS reuse","MOVE_AURA_SPHERE","NO_PER_MOVE_VISUAL_DONOR_SPOT_CHECK"
"52","974","BULK02","MOVE_LOTUS_SHOWER","Lotus Shower","Grass","Physical","85","100","10","complete","pending/no source animation linkage","","DEFER_VISUAL_UNTIL_APPROVED"
"53","975","BULK02","MOVE_JAGGED_HORNS","Jagged Horns","Rock","Physical","85","100","10","complete","direct Platinum/base-era DS reuse","MOVE_HORN_ATTACK","NO_PER_MOVE_VISUAL_DONOR_SPOT_CHECK"
"54","976","BULK02","MOVE_BLOOD_SHOT","Blood Shot","Dark","Status","","100","10","complete","pending/no source animation linkage","","DEFER_VISUAL_UNTIL_APPROVED"
"55","977","BULK02","MOVE_FLASH_FREEZE","Flash Freeze","Ice","Status","","90","10","complete","direct hg-engine DS reuse","MOVE_FREEZE_DRY","UNIQUE_DONOR_VISUAL_ONCE_AFTER_PORT"
"56","978","BULK02","MOVE_PHANTOM_GLOVES","Phantom Glove","Ghost","Physical","85","100","10","complete","direct Platinum/base-era DS reuse","MOVE_SHADOW_CLAW","NO_PER_MOVE_VISUAL_DONOR_SPOT_CHECK"
"57","979","BULK02","MOVE_HOMING_FLETCH","Homing Fletch","Steel","Physical","80","","10","complete","direct hg-engine DS reuse","MOVE_THOUSAND_ARROWS","UNIQUE_DONOR_VISUAL_ONCE_AFTER_PORT"
"58","980","BULK02","MOVE_DEVIOUS_SHOT","Devious Shot","Dark","Physical","80","","15","complete","direct hg-engine DS reuse","MOVE_THOUSAND_ARROWS","UNIQUE_DONOR_VISUAL_ONCE_AFTER_PORT"
"59","981","BULK02","MOVE_STARBURST","Starburst","Normal","Physical","110","90","10","complete","pending/no source animation linkage","","DEFER_VISUAL_UNTIL_APPROVED"
"60","982","BULK02","MOVE_CHEAP_SHOT","Cheap Shot","Dark","Physical","120","100","20","complete","direct Platinum/base-era DS reuse","MOVE_SHADOW_FORCE","NO_PER_MOVE_VISUAL_DONOR_SPOT_CHECK"
"61","983","BULK02","MOVE_TORRENT_FIST","Torrent Fist","Water","Physical","80","100","15","complete","direct hg-engine DS reuse","MOVE_SURGING_STRIKES","UNIQUE_DONOR_VISUAL_ONCE_AFTER_PORT"
"62","984","BULK02","MOVE_STAR_CRASH","Star Crash","Fairy","Physical","120","100","10","complete","direct Platinum/base-era DS reuse","MOVE_METEOR_MASH","NO_PER_MOVE_VISUAL_DONOR_SPOT_CHECK"
"63","985","BULK02","MOVE_ENERGY_WAVE","Energy Wave","Normal","Special","115","90","5","complete","direct Platinum/base-era DS reuse","MOVE_SONIC_BOOM","NO_PER_MOVE_VISUAL_DONOR_SPOT_CHECK"
"64","986","BULK02","MOVE_FLUTTERING_LEAF","Fluttering Leaf","Grass","Physical","60","100","20","complete","direct Platinum/base-era DS reuse","MOVE_U_TURN","NO_PER_MOVE_VISUAL_DONOR_SPOT_CHECK"
"65","987","BULK02","MOVE_WHIRLING_STRIKES","Whirling Strikes","Flying","Physical","20","90","10","complete","direct hg-engine DS reuse","MOVE_TRIPLE_AXEL","UNIQUE_DONOR_VISUAL_ONCE_AFTER_PORT"
"66","988","BULK02","MOVE_MIND_BREAK","Mind Break","Psychic","Physical","110","90","10","complete","direct hg-engine DS reuse","MOVE_PSYSHOCK","UNIQUE_DONOR_VISUAL_ONCE_AFTER_PORT"
"67","989","BULK02","MOVE_WYRM_WIND","Wyrm Wind","Dragon","Special","25","100","20","complete","direct hg-engine DS reuse","MOVE_SCALE_SHOT","UNIQUE_DONOR_VISUAL_ONCE_AFTER_PORT"
"68","990","BULK02","MOVE_BERRY_SMASH","Berry Smash","Grass","Physical","70","100","5","complete","direct Platinum/base-era DS reuse","MOVE_WOOD_HAMMER","NO_PER_MOVE_VISUAL_DONOR_SPOT_CHECK"
"69","991","BULK02","MOVE_SUPERHOT_FLAME","Boiling Flame","Fire","Special","80","100","15","complete","direct hg-engine DS reuse","MOVE_HYDRO_STEAM","UNIQUE_DONOR_VISUAL_ONCE_AFTER_PORT"
"70","992","BULK02","MOVE_DOUBLE_LARIAT","Double Lariat","Fighting","Physical","85","100","10","complete","direct hg-engine DS reuse","MOVE_DARKEST_LARIAT","UNIQUE_DONOR_VISUAL_ONCE_AFTER_PORT"
"71","993","BULK02","MOVE_LEECH_BLADE","Leech Blade","Grass","Physical","75","100","15","complete","direct Platinum/base-era DS reuse","MOVE_LEAF_BLADE","NO_PER_MOVE_VISUAL_DONOR_SPOT_CHECK"
"72","994","BULK02","MOVE_YGGDRASIL_FORCE","Yggdrasil Force","Grass","Physical","120","100","5","complete","direct Platinum/base-era DS reuse","MOVE_SUPERPOWER","NO_PER_MOVE_VISUAL_DONOR_SPOT_CHECK"
"73","995","BULK02","MOVE_DRAIN_BRAIN","Drain Brain","Psychic","Status","","100","10","complete","direct hg-engine DS reuse","MOVE_STRENGTH_SAP","UNIQUE_DONOR_VISUAL_ONCE_AFTER_PORT"
"74","996","BULK02","MOVE_PSYCHOKINETIC_SLAM","Psychokinetic Slam","Psychic","Physical","120","100","10","complete","direct Platinum/base-era DS reuse","MOVE_DOUBLE_EDGE","NO_PER_MOVE_VISUAL_DONOR_SPOT_CHECK"
"75","997","BULK02","MOVE_GEM_MISSILE","Gem Missile","Rock","Special","40","100","15","complete","direct Platinum/base-era DS reuse","MOVE_POWER_GEM","NO_PER_MOVE_VISUAL_DONOR_SPOT_CHECK"
"76","998","BULK02","MOVE_RIDER_KICK","Rider Kick","Bug","Physical","90","","10","complete","direct Platinum/base-era DS reuse","MOVE_JUMP_KICK","NO_PER_MOVE_VISUAL_DONOR_SPOT_CHECK"
"77","999","BULK02","MOVE_INVERSE_ROOM","Inverse Room","Psychic","Status","","","5","complete","direct Platinum/base-era DS reuse","MOVE_TRICK_ROOM","NO_PER_MOVE_VISUAL_DONOR_SPOT_CHECK"
"78","1000","BULK02","MOVE_BLAZING_BONE","Blazing Bone","Fire","Physical","15","100","10","complete","direct hg-engine DS reuse","MOVE_SHADOW_BONE","UNIQUE_DONOR_VISUAL_ONCE_AFTER_PORT"
"79","1001","BULK02","MOVE_KARMA","Karma","Poison","Status","","","20","complete","direct Platinum/base-era DS reuse","MOVE_CURSE","NO_PER_MOVE_VISUAL_DONOR_SPOT_CHECK"
"80","1002","BULK02","MOVE_GHASTLY_ECHO","Ghastly Echo","Ghost","Special","20","100","10","complete","direct Platinum/base-era DS reuse","MOVE_PURSUIT","NO_PER_MOVE_VISUAL_DONOR_SPOT_CHECK"
"81","1003","BULK02","MOVE_RAGING_SOULS","Raging Souls","Ghost","Special","130","100","5","complete","direct Platinum/base-era DS reuse","MOVE_WILL_O_WISP","NO_PER_MOVE_VISUAL_DONOR_SPOT_CHECK"
"82","1004","BULK02","MOVE_REQUIEM","Requiem","Ghost","Special","90","100","10","complete","direct Platinum/base-era DS reuse","MOVE_SING","NO_PER_MOVE_VISUAL_DONOR_SPOT_CHECK"
"83","1005","BULK02","MOVE_SOIL_DRAIN","Soil Drain","Ground","Special","75","100","10","complete","direct Platinum/base-era DS reuse","MOVE_GIGA_DRAIN","NO_PER_MOVE_VISUAL_DONOR_SPOT_CHECK"
"84","1006","BULK02","MOVE_SMASHIN_REALITIES","Smashin\' Realities","Dark","Physical","90","100","5","complete","direct Platinum/base-era DS reuse","MOVE_HAMMER_ARM","NO_PER_MOVE_VISUAL_DONOR_SPOT_CHECK"
"85","1007","BULK02","MOVE_CREEPING_THORNS","Creeping Thorns","Grass","Status","","","20","complete","pending/no source animation linkage","","DEFER_VISUAL_UNTIL_APPROVED"
"86","1008","BULK02","MOVE_WILD_SWING","Wild Swing","Normal","Physical","60","100","20","complete","direct hg-engine DS reuse","MOVE_GIGATON_HAMMER","UNIQUE_DONOR_VISUAL_ONCE_AFTER_PORT"
"87","1009","BULK02","MOVE_FEMUR_BREAKER","Femur Breaker","Electric","Physical","120","70","10","complete","custom Elite Redux animation chain","MOVE_SMITE","DEFER_VISUAL_UNTIL_APPROVED"
"88","1010","BULK02","MOVE_SQUEAKY_HAMMER","Squeaky Hammer","Fairy","Physical","80","100","15","complete","direct hg-engine DS reuse","MOVE_GIGATON_HAMMER","UNIQUE_DONOR_VISUAL_ONCE_AFTER_PORT"
"89","1011","BULK02","MOVE_PRIMITIVE_STRIKE","Primitive Strike","Ground","Physical","120","95","5","complete","direct hg-engine DS reuse","MOVE_GIGATON_HAMMER","UNIQUE_DONOR_VISUAL_ONCE_AFTER_PORT"
"90","1012","BULK02","MOVE_SMASHING_PUMPKINS","Smashing Pumpkins","Grass","Physical","60","","20","complete","direct hg-engine DS reuse","MOVE_GIGATON_HAMMER","UNIQUE_DONOR_VISUAL_ONCE_AFTER_PORT"
"91","1013","BULK02","MOVE_AIRBORNE_SLAM","Airborne Slam","Normal","Physical","85","100","10","complete","direct hg-engine DS reuse","MOVE_GIGATON_HAMMER","UNIQUE_DONOR_VISUAL_ONCE_AFTER_PORT"
"92","1014","BULK02","MOVE_SPINE_BREAKER","Spine Breaker","Rock","Physical","80","100","15","complete","direct hg-engine DS reuse","MOVE_GIGATON_HAMMER","UNIQUE_DONOR_VISUAL_ONCE_AFTER_PORT"
"93","1015","BULK02","MOVE_CRACKLE_SLAM","Crackle Slam","Electric","Physical","70","100","15","complete","direct hg-engine DS reuse","MOVE_GIGATON_HAMMER","UNIQUE_DONOR_VISUAL_ONCE_AFTER_PORT"
"94","1016","BULK02","MOVE_SQUALL_HAMMER","Squall Hammer","Flying","Physical","95","100","10","complete","direct hg-engine DS reuse","MOVE_GIGATON_HAMMER","UNIQUE_DONOR_VISUAL_ONCE_AFTER_PORT"
"95","1017","BULK02","MOVE_MEGATON_HAMMER","Megaton Hammer","Fighting","Physical","80","100","10","complete","direct hg-engine DS reuse","MOVE_GIGATON_HAMMER","UNIQUE_DONOR_VISUAL_ONCE_AFTER_PORT"
"96","1018","BULK02","MOVE_BATTERING_RAM","Battering Ram","Dragon","Physical","90","100","15","complete","direct hg-engine DS reuse","MOVE_GIGATON_HAMMER","UNIQUE_DONOR_VISUAL_ONCE_AFTER_PORT"
"97","1019","BULK02","MOVE_PITFALL","Pitfall","Ground","Physical","80","100","10","complete","direct hg-engine DS reuse","MOVE_GIGATON_HAMMER","UNIQUE_DONOR_VISUAL_ONCE_AFTER_PORT"
"98","1020","BULK02","MOVE_VIRAL_STRIKE","Viral Strike","Poison","Physical","110","90","5","complete","direct hg-engine DS reuse","MOVE_GIGATON_HAMMER","UNIQUE_DONOR_VISUAL_ONCE_AFTER_PORT"
"99","1021","BULK02","MOVE_SHADOW_HAMMER","Shadow Hammer","Ghost","Physical","120","100","10","complete","direct hg-engine DS reuse","MOVE_GIGATON_HAMMER","UNIQUE_DONOR_VISUAL_ONCE_AFTER_PORT"
"100","1022","BULK02","MOVE_BONK","Bonk","Fairy","Physical","75","100","5","complete","direct hg-engine DS reuse","MOVE_GIGATON_HAMMER","UNIQUE_DONOR_VISUAL_ONCE_AFTER_PORT"
"101","1023","BULK03","MOVE_MOLTEN_STRIKE","Molten Strike","Fire","Physical","100","100","10","complete","direct hg-engine DS reuse","MOVE_GIGATON_HAMMER","UNIQUE_DONOR_VISUAL_ONCE_AFTER_PORT"
"102","1024","BULK03","MOVE_MIRAGE_SLAM","Mirage Slam","Psychic","Physical","120","85","10","complete","direct hg-engine DS reuse","MOVE_GIGATON_HAMMER","UNIQUE_DONOR_VISUAL_ONCE_AFTER_PORT"
"103","1025","BULK03","MOVE_EARTHSPLITTER","Earthsplitter","Steel","Physical","90","100","10","complete","direct hg-engine DS reuse","MOVE_GIGATON_HAMMER","UNIQUE_DONOR_VISUAL_ONCE_AFTER_PORT"
"104","1026","BULK03","MOVE_BEETLE_BASH","Beetle Bash","Bug","Physical","120","90","5","complete","direct hg-engine DS reuse","MOVE_GIGATON_HAMMER","UNIQUE_DONOR_VISUAL_ONCE_AFTER_PORT"
"105","1027","BULK03","MOVE_PEBBLE_SHOWER","Pebble Shower","Rock","Special","75","100","10","complete","direct Platinum/base-era DS reuse","MOVE_ROCK_SLIDE","NO_PER_MOVE_VISUAL_DONOR_SPOT_CHECK"
"106","1028","BULK03","MOVE_RAPID_RIVER","Rapid River","Water","Physical","45","100","15","complete","direct Platinum/base-era DS reuse","MOVE_WATERFALL","NO_PER_MOVE_VISUAL_DONOR_SPOT_CHECK"
"107","1029","BULK03","MOVE_TOXIC_NEEDLES","Toxic Needles","Poison","Physical","25","100","10","complete","direct hg-engine DS reuse","MOVE_BARB_BARRAGE","UNIQUE_DONOR_VISUAL_ONCE_AFTER_PORT"
"108","1030","BULK03","MOVE_SMOLDER_BASH","Smolder Bash","Fire","Physical","80","100","15","complete","direct Platinum/base-era DS reuse","MOVE_FLARE_BLITZ","NO_PER_MOVE_VISUAL_DONOR_SPOT_CHECK"
"109","1031","BULK03","MOVE_BEATDOWN","Beatdown","Dark","Physical","25","100","20","complete","direct Platinum/base-era DS reuse","MOVE_BEAT_UP","NO_PER_MOVE_VISUAL_DONOR_SPOT_CHECK"
"110","1032","BULK03","MOVE_EERIE_FOG","Eerie Fog","Ghost","Status","","","10","complete","direct Platinum/base-era DS reuse","MOVE_HAZE","NO_PER_MOVE_VISUAL_DONOR_SPOT_CHECK"
"111","1033","BULK03","MOVE_MYSTIC_DANCE","Mystic Dance","Dragon","Status","","","20","complete","direct Platinum/base-era DS reuse","MOVE_DRAGON_DANCE","NO_PER_MOVE_VISUAL_DONOR_SPOT_CHECK"
"112","1034","BULK03","MOVE_RELENTLESS_CLOBBER","Relentless Clobber","Dark","Physical","25","100","20","complete","direct Platinum/base-era DS reuse","MOVE_BEAT_UP","NO_PER_MOVE_VISUAL_DONOR_SPOT_CHECK"
"113","1035","BULK03","MOVE_POP_MAYHEM","Popping Mayhem","Fire","Physical","25","100","20","complete","direct Platinum/base-era DS reuse","MOVE_BULLET_SEED","NO_PER_MOVE_VISUAL_DONOR_SPOT_CHECK"
"114","1036","BULK03","MOVE_KILOBITE","Kilobite","Steel","Physical","85","100","10","complete","custom Elite Redux animation chain","MOVE_IRON_FANGS","DEFER_VISUAL_UNTIL_APPROVED"
"115","1037","BULK03","MOVE_TANGLING_HUSK","Tangling Husk","Grass","Status","","","5","complete","direct hg-engine DS reuse","MOVE_SILK_TRAP","UNIQUE_DONOR_VISUAL_ONCE_AFTER_PORT"
"116","1038","BULK03","MOVE_RIP_AND_TEAR","Rip and Tear","Dark","Physical","110","90","5","complete","direct Platinum/base-era DS reuse","MOVE_CRUNCH","NO_PER_MOVE_VISUAL_DONOR_SPOT_CHECK"
"117","1039","BULK03","MOVE_BRAVADO","Bravado","Normal","Special","70","100","20","complete","direct Platinum/base-era DS reuse","MOVE_FACADE","NO_PER_MOVE_VISUAL_DONOR_SPOT_CHECK"
"118","1040","BULK03","MOVE_TERROR_CHARGE","Terror Charge","Dark","Physical","65","100","15","complete","direct Platinum/base-era DS reuse","MOVE_DOUBLE_EDGE","NO_PER_MOVE_VISUAL_DONOR_SPOT_CHECK"
"119","1041","BULK03","MOVE_TERROR_LOCKS","Terror Locks","Ghost","Physical","85","100","15","complete","direct Platinum/base-era DS reuse","MOVE_NIGHT_SLASH","NO_PER_MOVE_VISUAL_DONOR_SPOT_CHECK"
"120","1042","BULK03","MOVE_DREAM_INVERSION","Dream Invasion","Normal","Physical","70","100","10","complete","direct Platinum/base-era DS reuse","MOVE_DREAM_EATER","NO_PER_MOVE_VISUAL_DONOR_SPOT_CHECK"
"121","1043","BULK03","MOVE_SPARKLING_BARRAGE","Sparkling Barrage","Psychic","Physical","30","100","10","complete","direct hg-engine DS reuse","MOVE_SPIRIT_SHACKLE","UNIQUE_DONOR_VISUAL_ONCE_AFTER_PORT"
"122","1044","BULK03","MOVE_SPECTRAL_SERENADE","Spectral Serenade","Ghost","Special","130","100","5","complete","direct Platinum/base-era DS reuse","MOVE_WILL_O_WISP","NO_PER_MOVE_VISUAL_DONOR_SPOT_CHECK"
"123","1045","BULK03","MOVE_MERCULIGHT","Merculight","Electric","Status","","","5","complete","direct Platinum/base-era DS reuse","MOVE_PROTECT","NO_PER_MOVE_VISUAL_DONOR_SPOT_CHECK"
"124","1046","BULK03","MOVE_BIG_BLAST","Big Bang","Normal","Special","90","100","10","complete","direct Platinum/base-era DS reuse","MOVE_HYPER_BEAM","NO_PER_MOVE_VISUAL_DONOR_SPOT_CHECK"
"125","1047","BULK03","MOVE_SPECTRAL_FLAME","Spectral Flame","Ghost","Status","","85","10","complete","direct Platinum/base-era DS reuse","MOVE_WILL_O_WISP","NO_PER_MOVE_VISUAL_DONOR_SPOT_CHECK"
"126","1048","BULK03","MOVE_TREPIDATION","Trepidation","Poison","Special","20","90","20","complete","direct Platinum/base-era DS reuse","MOVE_MEAN_LOOK","NO_PER_MOVE_VISUAL_DONOR_SPOT_CHECK"
"127","1049","BULK03","MOVE_ASTRAL_HAND","Astral Hand","Psychic","Physical","85","100","15","complete","direct Platinum/base-era DS reuse","MOVE_MEGA_PUNCH","NO_PER_MOVE_VISUAL_DONOR_SPOT_CHECK"
"128","1050","BULK03","MOVE_FETCH","Fetch","Normal","Physical","","","5","complete","direct Platinum/base-era DS reuse","MOVE_BATON_PASS","NO_PER_MOVE_VISUAL_DONOR_SPOT_CHECK"
"129","1051","BULK03","MOVE_TRANSMUTE","Transmute","Psychic","Special","80","100","5","complete","direct Platinum/base-era DS reuse","MOVE_PSYCHIC","NO_PER_MOVE_VISUAL_DONOR_SPOT_CHECK"
"130","1052","BULK03","MOVE_CLEAR_SKIES","Clear Skies","Normal","Status","","","15","complete","direct Platinum/base-era DS reuse","MOVE_DEFOG","NO_PER_MOVE_VISUAL_DONOR_SPOT_CHECK"
"131","1053","BULK03","MOVE_READY_OR_NOT","Ready or Not","Normal","Physical","80","100","15","complete","direct Platinum/base-era DS reuse","MOVE_ASTONISH","NO_PER_MOVE_VISUAL_DONOR_SPOT_CHECK"
"132","1054","BULK03","MOVE_GIANT_GALE","Giant Gale","Flying","Special","110","100","5","complete","direct hg-engine DS reuse","MOVE_HURRICANE","UNIQUE_DONOR_VISUAL_ONCE_AFTER_PORT"
"133","1055","BULK03","MOVE_VEXING_VOID","Vexing Void","Dark","Special","110","85","5","complete","direct Platinum/base-era DS reuse","MOVE_DARK_VOID","NO_PER_MOVE_VISUAL_DONOR_SPOT_CHECK"
"134","1056","BULK03","MOVE_ECLIPSE","Eclipse","Dark","Special","130","100","5","complete","direct Platinum/base-era DS reuse","MOVE_DARK_VOID","NO_PER_MOVE_VISUAL_DONOR_SPOT_CHECK"
"135","1057","BULK03","MOVE_TAKE_FLIGHT","Take Flight","Flying","Special","60","100","20","complete","direct Platinum/base-era DS reuse","MOVE_U_TURN","NO_PER_MOVE_VISUAL_DONOR_SPOT_CHECK"
"136","1058","BULK03","MOVE_CALTROPS","Caltrops","Steel","Status","","","20","complete","direct Platinum/base-era DS reuse","MOVE_SPIKES","NO_PER_MOVE_VISUAL_DONOR_SPOT_CHECK"
"137","1059","BULK03","MOVE_SAFE_PASSAGE","Safe Passage","Normal","Status","","","20","complete","direct Platinum/base-era DS reuse","MOVE_BATON_PASS","NO_PER_MOVE_VISUAL_DONOR_SPOT_CHECK"
"138","1060","BULK03","MOVE_ESPER_WALTZ","Esper Waltz","Psychic","Special","80","100","10","complete","direct hg-engine DS reuse","MOVE_REVELATION_DANCE","UNIQUE_DONOR_VISUAL_ONCE_AFTER_PORT"
"139","1061","BULK03","MOVE_ZAP_JIVE","Zap Jive","Electric","Special","80","100","10","complete","direct hg-engine DS reuse","MOVE_REVELATION_DANCE","UNIQUE_DONOR_VISUAL_ONCE_AFTER_PORT"
"140","1062","BULK03","MOVE_HEX_TROT","Hex Trot","Ghost","Special","80","100","10","complete","direct hg-engine DS reuse","MOVE_REVELATION_DANCE","UNIQUE_DONOR_VISUAL_ONCE_AFTER_PORT"
"141","1063","BULK03","MOVE_BAD_EGG","Bad Egg","Poison","Special","40","100","10","complete","direct Platinum/base-era DS reuse","MOVE_EGG_BOMB","NO_PER_MOVE_VISUAL_DONOR_SPOT_CHECK"
"142","1064","BULK03","MOVE_DRAGON_JAB","Dragon Jab","Dragon","Physical","80","100","15","complete","direct Platinum/base-era DS reuse","MOVE_MEGAHORN","NO_PER_MOVE_VISUAL_DONOR_SPOT_CHECK"
"143","1065","BULK03","MOVE_ICICLE_IMPALE","Icicle Impale","Ice","Physical","80","100","15","complete","direct Platinum/base-era DS reuse","MOVE_MEGAHORN","NO_PER_MOVE_VISUAL_DONOR_SPOT_CHECK"
"144","1066","BULK03","MOVE_TOXIC_PLUNGE","Toxic Plunge","Poison","Physical","110","100","10","complete","direct hg-engine DS reuse","MOVE_SLUDGE_WAVE","UNIQUE_DONOR_VISUAL_ONCE_AFTER_PORT"
"145","1067","BULK03","MOVE_SHOWTIME","Showtime","Psychic","Status","","","5","complete","direct hg-engine DS reuse","MOVE_MAGIC_ROOM","UNIQUE_DONOR_VISUAL_ONCE_AFTER_PORT"
"146","1068","BULK03","MOVE_BANISHED_POWER","Banished Power","Dark","Special","70","100","10","complete","direct Platinum/base-era DS reuse","MOVE_DARK_PULSE","NO_PER_MOVE_VISUAL_DONOR_SPOT_CHECK"
"147","1069","BULK03","MOVE_TRIPLE_TREMOR","Triple Tremor","Ground","Physical","20","90","10","complete","direct Platinum/base-era DS reuse","MOVE_TRIPLE_KICK","NO_PER_MOVE_VISUAL_DONOR_SPOT_CHECK"
"148","1070","BULK03","MOVE_FIRE_GLAIVE","Fire Glaive","Fire","Physical","85","100","10","complete","direct Platinum/base-era DS reuse","MOVE_FLARE_BLITZ","NO_PER_MOVE_VISUAL_DONOR_SPOT_CHECK"
"149","1071","BULK03","MOVE_DEPLETION_BEAM","Depletion Beam","Dragon","Physical","85","100","10","complete","direct hg-engine DS reuse","MOVE_STEEL_BEAM","UNIQUE_DONOR_VISUAL_ONCE_AFTER_PORT"
"150","1072","BULK03","MOVE_ONE_INCH_PUNCH","One-Inch Punch","Fighting","Physical","90","","10","complete","direct Platinum/base-era DS reuse","MOVE_MEGA_PUNCH","NO_PER_MOVE_VISUAL_DONOR_SPOT_CHECK"
"151","1073","BULK04","MOVE_BERSERKER_HORN","Berserker Horn","Fighting","Physical","85","100","15","complete","direct Platinum/base-era DS reuse","MOVE_MEGAHORN","NO_PER_MOVE_VISUAL_DONOR_SPOT_CHECK"
"152","1074","BULK04","MOVE_ONI_FIST","Oni Fist","Dark","Physical","90","","20","complete","direct Platinum/base-era DS reuse","MOVE_SHADOW_PUNCH","NO_PER_MOVE_VISUAL_DONOR_SPOT_CHECK"
"153","1075","BULK04","MOVE_INSECT_IMPACT","Insect Impact","Bug","Physical","80","100","15","complete","direct Platinum/base-era DS reuse","MOVE_DOUBLE_EDGE","NO_PER_MOVE_VISUAL_DONOR_SPOT_CHECK"
"154","1076","BULK04","MOVE_LIGHTNING_BULLET","Lightning Bullet","Electric","Physical","90","100","15","complete","direct Platinum/base-era DS reuse","MOVE_ZAP_CANNON","NO_PER_MOVE_VISUAL_DONOR_SPOT_CHECK"
"155","1077","BULK04","MOVE_METALLIC_MELODY","Metallic Melody","Steel","Special","85","100","10","complete","direct hg-engine DS reuse","MOVE_BOOMBURST","UNIQUE_DONOR_VISUAL_ONCE_AFTER_PORT"
"156","1078","BULK04","MOVE_BLUE_MOON","Blue Moon","Ice","Special","130","100","5","complete","source explicitly has no reused animation","MOVE_NONE","DEFER_VISUAL_UNTIL_APPROVED"
"157","1079","BULK04","MOVE_FIVE_STAR_FURY","Five-Star Fury","Bug","Physical","15","100","10","complete","source explicitly has no reused animation","MOVE_NONE","DEFER_VISUAL_UNTIL_APPROVED"
"158","1080","BULK04","MOVE_TSUNAMI_HAMMER","Tsunami Hammer","Water","Physical","125","100","5","complete","source explicitly has no reused animation","MOVE_NONE","DEFER_VISUAL_UNTIL_APPROVED"
"159","1081","BULK04","MOVE_SEPTIC_SWITCH","Septic Switch","Poison","Status","","100","20","complete","pending/no source animation linkage","","DEFER_VISUAL_UNTIL_APPROVED"
"160","1082","BULK04","MOVE_WATERLOG","Waterlog","Water","Status","","100","15","complete","direct Platinum/base-era DS reuse","MOVE_WATER_GUN","NO_PER_MOVE_VISUAL_DONOR_SPOT_CHECK"
"161","1083","BULK04","MOVE_INCITE","Incite","Dark","Status","","100","10","complete","source explicitly has no reused animation","MOVE_NONE","DEFER_VISUAL_UNTIL_APPROVED"
"162","1084","BULK04","MOVE_TOXIC_TERRAIN","Toxic Terrain","Poison","Status","","","10","complete","source explicitly has no reused animation","MOVE_NONE","DEFER_VISUAL_UNTIL_APPROVED"
"163","1085","BULK04","MOVE_JETSTREAM_BURST","Jetstream Burst","Flying","Special","120","100","5","complete","source explicitly has no reused animation","MOVE_NONE","DEFER_VISUAL_UNTIL_APPROVED"
"164","1086","BULK04","MOVE_SKY_QUAKE","Sky Quake","Flying","Physical","90","100","15","complete","source explicitly has no reused animation","MOVE_NONE","DEFER_VISUAL_UNTIL_APPROVED"
"165","1087","BULK04","MOVE_SUNSTRIKE","Sunstrike (N)","Fire","Special","60","100","15","complete","direct hg-engine DS reuse","MOVE_SUNSTEEL_STRIKE","UNIQUE_DONOR_VISUAL_ONCE_AFTER_PORT"
"166","1088","BULK04","MOVE_TEMPEST_STORM","Tempest Storm (N)","Electric","Status","","","5","complete","direct Platinum/base-era DS reuse","MOVE_THUNDER","NO_PER_MOVE_VISUAL_DONOR_SPOT_CHECK"
"167","1089","BULK04","MOVE_PRISM_BLAST","Prism Blast","Rock","Special","95","90","5","complete","direct hg-engine DS reuse","MOVE_PRISMATIC_LASER","UNIQUE_DONOR_VISUAL_ONCE_AFTER_PORT"
"168","1090","BULK04","MOVE_SEISMIC_SLAM","Seismic Slam","Ground","Physical","120","100","10","complete","direct Platinum/base-era DS reuse","MOVE_DOUBLE_EDGE","NO_PER_MOVE_VISUAL_DONOR_SPOT_CHECK"
"169","1091","BULK04","MOVE_CHILLER","Chiller","Ice","Physical","30","100","15","complete","direct Platinum/base-era DS reuse","MOVE_ICE_BALL","NO_PER_MOVE_VISUAL_DONOR_SPOT_CHECK"
"170","1092","BULK04","MOVE_SPREAD_BOMB","Spread Bomb","Fire","Physical","90","100","10","complete","direct Platinum/base-era DS reuse","MOVE_EXPLOSION","NO_PER_MOVE_VISUAL_DONOR_SPOT_CHECK"
"171","1093","BULK04","MOVE_BALL_TOSS","Ball Toss","Normal","Physical","90","100","15","complete","direct Platinum/base-era DS reuse","MOVE_BARRAGE","NO_PER_MOVE_VISUAL_DONOR_SPOT_CHECK"
"172","1094","BULK04","MOVE_PARTY_FAVORS","Party Favors","Fairy","Physical","60","100","10","complete","direct hg-engine DS reuse","MOVE_CELEBRATE","UNIQUE_DONOR_VISUAL_ONCE_AFTER_PORT"
"173","1095","BULK04","MOVE_SHOT_PUT","Shot Put","Steel","Physical","85","100","15","complete","direct Platinum/base-era DS reuse","MOVE_BARRAGE","NO_PER_MOVE_VISUAL_DONOR_SPOT_CHECK"
"174","1096","BULK04","MOVE_BLOCK_DROPPER","Block Dropper","Ground","Physical","25","100","15","complete","direct Platinum/base-era DS reuse","MOVE_BARRAGE","NO_PER_MOVE_VISUAL_DONOR_SPOT_CHECK"
"175","1097","BULK04","MOVE_SABER_SLASHES","Saber Slashes","Fire","Physical","35","100","10","complete","direct hg-engine DS reuse","MOVE_FIRE_LASH","UNIQUE_DONOR_VISUAL_ONCE_AFTER_PORT"
"176","1098","BULK04","MOVE_DRAGON_DASH","Dragon Dash","Dragon","Physical","40","100","20","complete","direct Platinum/base-era DS reuse","MOVE_DRAGON_RUSH","NO_PER_MOVE_VISUAL_DONOR_SPOT_CHECK"
"177","1099","BULK04","MOVE_POCKET_SAND","Pocket Sand","Ground","Physical","40","100","20","complete","direct Platinum/base-era DS reuse","MOVE_SAND_ATTACK","NO_PER_MOVE_VISUAL_DONOR_SPOT_CHECK"
"178","1100","BULK04","MOVE_CONCOCTION","Concoction","Grass","Physical","30","100","5","complete","direct hg-engine DS reuse","MOVE_CELEBRATE","UNIQUE_DONOR_VISUAL_ONCE_AFTER_PORT"
"179","1101","BULK04","MOVE_UNSCREW","Hacksaw","Steel","Physical","80","100","15","complete","direct Platinum/base-era DS reuse","MOVE_DISCHARGE","NO_PER_MOVE_VISUAL_DONOR_SPOT_CHECK"
"180","1102","BULK04","MOVE_GODSPEED","Godspeed","Flying","Physical","65","","5","complete","direct Platinum/base-era DS reuse","MOVE_BRAVE_BIRD","NO_PER_MOVE_VISUAL_DONOR_SPOT_CHECK"
"181","1103","BULK04","MOVE_PSYCHO_WAVE","Psycho Wave","Psychic","Special","150","85","5","complete","direct Platinum/base-era DS reuse","MOVE_PSYCHO_BOOST","NO_PER_MOVE_VISUAL_DONOR_SPOT_CHECK"
"182","1104","BULK04","MOVE_ATOMIC_FIRE","Atomic Fire","Fire","Special","120","100","10","complete","direct Platinum/base-era DS reuse","MOVE_FIRE_BLAST","NO_PER_MOVE_VISUAL_DONOR_SPOT_CHECK"
"183","1105","BULK04","MOVE_RAIN_FLUSH","Rain Flush","Water","Special","120","100","5","complete","direct Platinum/base-era DS reuse","MOVE_RAIN_DANCE","NO_PER_MOVE_VISUAL_DONOR_SPOT_CHECK"
"184","1106","BULK04","MOVE_ICE_WALL","Ice Wall","Ice","Physical","70","100","5","complete","direct Platinum/base-era DS reuse","MOVE_BARRIER","NO_PER_MOVE_VISUAL_DONOR_SPOT_CHECK"
"185","1107","BULK04","MOVE_OBSCURED_SHOT","Obscured Shot","Dark","Special","70","100","5","complete","pending/no source animation linkage","","DEFER_VISUAL_UNTIL_APPROVED"
"186","1108","BULK04","MOVE_BLITZ_ARROW","Blitz Arrow","Fighting","Physical","85","100","10","complete","pending/no source animation linkage","","DEFER_VISUAL_UNTIL_APPROVED"
"187","1109","BULK04","MOVE_RUMBLE_KICK","Rumble Kick","Rock","Physical","90","100","15","complete","direct Platinum/base-era DS reuse","MOVE_MEGA_KICK","NO_PER_MOVE_VISUAL_DONOR_SPOT_CHECK"
"188","1110","BULK04","PRIMALSUN","Primal Sun","Fire","Status","","0","5","complete","no source animation evidence","No animation implementation or animation mapping is present in the audited PokeRover repository/PBS snapshot.","DEFER_VISUAL_UNTIL_APPROVED"
"189","1111","BULK04","FROSTWALKER","Frost Walker","Ice","Physical","50","100","20","complete","no source animation evidence","No animation implementation or animation mapping is present in the audited PokeRover repository/PBS snapshot.","DEFER_VISUAL_UNTIL_APPROVED"
"190","1112","BULK04","WAVELASH","Wave Lash","Water","Physical","60","100","20","complete","no source animation evidence","No animation implementation or animation mapping is present in the audited PokeRover repository/PBS snapshot.","DEFER_VISUAL_UNTIL_APPROVED"
"191","1113","BULK04","FIRECRACKERS","Fire Crackers","Fire","Physical","40","100","20","complete","no source animation evidence","No animation implementation or animation mapping is present in the audited PokeRover repository/PBS snapshot.","DEFER_VISUAL_UNTIL_APPROVED"
"192","1114","BULK04","SWIFTSTRIKE","Swift Strike","Fighting","Physical","40","100","30","complete","no source animation evidence","No animation implementation or animation mapping is present in the audited PokeRover repository/PBS snapshot.","DEFER_VISUAL_UNTIL_APPROVED"
"193","1115","BULK04","FANGLEECH","Fang Leech","Dragon","Physical","35","100","25","complete","no source animation evidence","No animation implementation or animation mapping is present in the audited PokeRover repository/PBS snapshot.","DEFER_VISUAL_UNTIL_APPROVED"
"194","1116","BULK04","SHADOWSTEP","Shadow Step","Fighting","Physical","40","100","30","complete","no source animation evidence","No animation implementation or animation mapping is present in the audited PokeRover repository/PBS snapshot.","DEFER_VISUAL_UNTIL_APPROVED"
"195","1117","BULK04","DRUMBEAT","Drum Beat","Sound","Physical","45","100","25","complete","no source animation evidence","No animation implementation or animation mapping is present in the audited PokeRover repository/PBS snapshot.","DEFER_VISUAL_UNTIL_APPROVED"
"196","1118","BULK04","BEATDROP","Beat Drop","Sound","Physical","80","100","10","complete","no source animation evidence","No animation implementation or animation mapping is present in the audited PokeRover repository/PBS snapshot.","DEFER_VISUAL_UNTIL_APPROVED"
"197","1119","BULK04","BLAZINGBULL","Blazing Bull","Fire","Physical","90","100","10","complete","no source animation evidence","No animation implementation or animation mapping is present in the audited PokeRover repository/PBS snapshot.","DEFER_VISUAL_UNTIL_APPROVED"
"198","1120","BULK04","SURGINGBULL","Surging Bull","Water","Physical","90","100","10","complete","no source animation evidence","No animation implementation or animation mapping is present in the audited PokeRover repository/PBS snapshot.","DEFER_VISUAL_UNTIL_APPROVED"
"199","1121","BULK04","ENIGMATICDASH","Enigmatic Dash","Fairy","Physical","50","100","20","complete","no source animation evidence","No animation implementation or animation mapping is present in the audited PokeRover repository/PBS snapshot.","DEFER_VISUAL_UNTIL_APPROVED"
"200","1122","BULK04","BLAZINGSTAMPEDE","Blazing Stampede","Fire","Physical","90","100","15","complete","no source animation evidence","No animation implementation or animation mapping is present in the audited PokeRover repository/PBS snapshot.","DEFER_VISUAL_UNTIL_APPROVED"
"201","1123","BULK05","IRONBARB","Iron Barb","Steel","Physical","40","100","25","complete","no source animation evidence","No animation implementation or animation mapping is present in the audited PokeRover repository/PBS snapshot.","DEFER_VISUAL_UNTIL_APPROVED"
"202","1124","BULK05","KAOLINBASH","Kaolin Bash","Ground","Physical","80","100","8","complete","no source animation evidence","No animation implementation or animation mapping is present in the audited PokeRover repository/PBS snapshot.","DEFER_VISUAL_UNTIL_APPROVED"
"203","1125","BULK05","DIAMONDBREATH","Diamond Breath","Rock","Special","90","90","8","complete","no source animation evidence","No animation implementation or animation mapping is present in the audited PokeRover repository/PBS snapshot.","DEFER_VISUAL_UNTIL_APPROVED"
"204","1126","BULK05","SOVEREIGNEDGE","Sovereign Edge","Steel","Physical","60","100","8","complete","no source animation evidence","No animation implementation or animation mapping is present in the audited PokeRover repository/PBS snapshot.","DEFER_VISUAL_UNTIL_APPROVED"
"205","1127","BULK05","HEATEDREVUP","Heated Rev Up","Fire","Status","","0","5","complete","no source animation evidence","No animation implementation or animation mapping is present in the audited PokeRover repository/PBS snapshot.","DEFER_VISUAL_UNTIL_APPROVED"
"206","1128","BULK05","NIGHTBOUQUET","Night Bouquet","Poison","Special","75","90","15","complete","no source animation evidence","No animation implementation or animation mapping is present in the audited PokeRover repository/PBS snapshot.","DEFER_VISUAL_UNTIL_APPROVED"
"207","1129","BULK05","TRIPLEWHIRLING","Triple Whirling","Psychic","Physical","15","95","10","complete","no source animation evidence","No animation implementation or animation mapping is present in the audited PokeRover repository/PBS snapshot.","DEFER_VISUAL_UNTIL_APPROVED"
"208","1130","BULK05","CODEPOWER","Code:Power","Poison","Physical","80","100","15","complete","no source animation evidence","No animation implementation or animation mapping is present in the audited PokeRover repository/PBS snapshot.","DEFER_VISUAL_UNTIL_APPROVED"
"209","1131","BULK05","CODEQUARANTINE","Code:Quarantine","Electric","Status","","0","10","complete","no source animation evidence","No animation implementation or animation mapping is present in the audited PokeRover repository/PBS snapshot.","DEFER_VISUAL_UNTIL_APPROVED"
"210","1132","BULK05","CODE:INJECTION","Code:Injection","Psychic","Special","70","100","15","complete","no source animation evidence","No animation implementation or animation mapping is present in the audited PokeRover repository/PBS snapshot.","DEFER_VISUAL_UNTIL_APPROVED"
"211","1133","BULK05","DUNEGLIDER","Dune Glider","Ground","Physical","90","100","20","complete","no source animation evidence","No animation implementation or animation mapping is present in the audited PokeRover repository/PBS snapshot.","DEFER_VISUAL_UNTIL_APPROVED"
"212","1134","BULK05","GENEBLASTER","Gene Blaster","Normal","Special","110","100","10","complete","no source animation evidence","No animation implementation or animation mapping is present in the audited PokeRover repository/PBS snapshot.","DEFER_VISUAL_UNTIL_APPROVED"
"213","1135","BULK05","PESTILENCEBURST","Pestilence Burst","Grass","Special","150","100","5","complete","no source animation evidence","No animation implementation or animation mapping is present in the audited PokeRover repository/PBS snapshot.","DEFER_VISUAL_UNTIL_APPROVED"
"214","1136","BULK05","NAZCAPATTERNS","Nazca Patterns","Normal","Special","120","85","5","complete","no source animation evidence","No animation implementation or animation mapping is present in the audited PokeRover repository/PBS snapshot.","DEFER_VISUAL_UNTIL_APPROVED"
"215","1137","BULK05","QUAKINGSPEAR","Quaking Spear","Ground","Physical","80","95","10","complete","no source animation evidence","No animation implementation or animation mapping is present in the audited PokeRover repository/PBS snapshot.","DEFER_VISUAL_UNTIL_APPROVED"
"216","1138","BULK05","STRIDENTSPARK","Strident Spark","Sound","Physical","75","100","10","complete","no source animation evidence","No animation implementation or animation mapping is present in the audited PokeRover repository/PBS snapshot.","DEFER_VISUAL_UNTIL_APPROVED"
"217","1139","BULK05","SPARKLECLUSTER","Sparkle Cluster","Fairy","Physical","110","100","15","complete","no source animation evidence","No animation implementation or animation mapping is present in the audited PokeRover repository/PBS snapshot.","DEFER_VISUAL_UNTIL_APPROVED"
"218","1140","BULK05","SPICYMAW","Spicy Maw","Grass","Physical","60","100","10","complete","no source animation evidence","No animation implementation or animation mapping is present in the audited PokeRover repository/PBS snapshot.","DEFER_VISUAL_UNTIL_APPROVED"
"219","1141","BULK05","SPIRITSPEAR","Spirit Spear","Dragon","Physical","80","100","15","complete","no source animation evidence","No animation implementation or animation mapping is present in the audited PokeRover repository/PBS snapshot.","DEFER_VISUAL_UNTIL_APPROVED"
"220","1142","BULK05","SPLITMASK","Split Mask","Poison","Physical","50","100","10","complete","no source animation evidence","No animation implementation or animation mapping is present in the audited PokeRover repository/PBS snapshot.","DEFER_VISUAL_UNTIL_APPROVED"
"221","1143","BULK05","TETRAJECTILE","Tetrajectile","Fire","Special","35","90","10","complete","no source animation evidence","No animation implementation or animation mapping is present in the audited PokeRover repository/PBS snapshot.","DEFER_VISUAL_UNTIL_APPROVED"
"222","1144","BULK05","VINDUNAR","Vindunar","Flying","Special","100","85","10","complete","no source animation evidence","No animation implementation or animation mapping is present in the audited PokeRover repository/PBS snapshot.","DEFER_VISUAL_UNTIL_APPROVED"
"223","1145","BULK05","WHIRLYHELIX","Whirly Helix","Flying","Physical","1","100","10","complete","no source animation evidence","No animation implementation or animation mapping is present in the audited PokeRover repository/PBS snapshot.","DEFER_VISUAL_UNTIL_APPROVED"
"224","1146","BULK05","RHYTHMICCOMBO","Rhythmic Combo","Sound","Physical","20","90","10","complete","no source animation evidence","No animation implementation or animation mapping is present in the audited PokeRover repository/PBS snapshot.","DEFER_VISUAL_UNTIL_APPROVED"
"225","1147","BULK05","INSTANTWHISTLE","Instant Whistle","Sound","Status","","0","20","complete","no source animation evidence","No animation implementation or animation mapping is present in the audited PokeRover repository/PBS snapshot.","DEFER_VISUAL_UNTIL_APPROVED"
"226","1148","BULK05","DISCORDANTSHRIEK","Discordant Shriek","Sound","Special","120","100","10","complete","no source animation evidence","No animation implementation or animation mapping is present in the audited PokeRover repository/PBS snapshot.","DEFER_VISUAL_UNTIL_APPROVED"
"227","1149","BULK05","HEARTBEAT","Heart Beat","Sound","Physical","25","90","20","complete","no source animation evidence","No animation implementation or animation mapping is present in the audited PokeRover repository/PBS snapshot.","DEFER_VISUAL_UNTIL_APPROVED"
"228","1150","BULK05","AUDIOBREAK","Audio Break","Sound","Physical","60","100","15","complete","no source animation evidence","No animation implementation or animation mapping is present in the audited PokeRover repository/PBS snapshot.","DEFER_VISUAL_UNTIL_APPROVED"
"229","1151","BULK05","SERENEWAVE","Serene Wave","Normal","Special","70","90","10","complete","no source animation evidence","No animation implementation or animation mapping is present in the audited PokeRover repository/PBS snapshot.","DEFER_VISUAL_UNTIL_APPROVED"
"230","1152","BULK05","FURIOUSPUMMELING","Furious Pummeling","Normal","Physical","90","100","20","complete","no source animation evidence","No animation implementation or animation mapping is present in the audited PokeRover repository/PBS snapshot.","DEFER_VISUAL_UNTIL_APPROVED"
"231","1153","BULK05","ROUNDABOUT","Roundabout","Normal","Physical","80","100","20","complete","no source animation evidence","No animation implementation or animation mapping is present in the audited PokeRover repository/PBS snapshot.","DEFER_VISUAL_UNTIL_APPROVED"
"232","1154","BULK05","DESERTWHIRL","Desert Whirl","Ground","Special","95","70","10","complete","no source animation evidence","No animation implementation or animation mapping is present in the audited PokeRover repository/PBS snapshot.","DEFER_VISUAL_UNTIL_APPROVED"
"233","1155","BULK05","HOARFROSTTIDE","Hoarfrost Tide","Water","Special","105","85","5","complete","no source animation evidence","No animation implementation or animation mapping is present in the audited PokeRover repository/PBS snapshot.","DEFER_VISUAL_UNTIL_APPROVED"
"234","1156","BULK05","MANAFANGS","Mana Fangs","Dragon","Physical","60","100","25","complete","no source animation evidence","No animation implementation or animation mapping is present in the audited PokeRover repository/PBS snapshot.","DEFER_VISUAL_UNTIL_APPROVED"
"235","1157","BULK05","MERCURIANTRAP","Mercurian Trap","Steel","Special","110","100","15","complete","no source animation evidence","No animation implementation or animation mapping is present in the audited PokeRover repository/PBS snapshot.","DEFER_VISUAL_UNTIL_APPROVED"
"236","1158","BULK05","RAIDERTONITRUS","Raider Tonitrus","Electric","Special","130","100","5","complete","no source animation evidence","No animation implementation or animation mapping is present in the audited PokeRover repository/PBS snapshot.","DEFER_VISUAL_UNTIL_APPROVED"
"237","1159","BULK05","SINGESLAYER","Singe Slayer","Fighting","Physical","70","100","15","complete","no source animation evidence","No animation implementation or animation mapping is present in the audited PokeRover repository/PBS snapshot.","DEFER_VISUAL_UNTIL_APPROVED"
"238","1160","BULK05","HUNTERSWILDS","Hunter's Wilds","Grass","Status","","100","2","complete","no source animation evidence","No animation implementation or animation mapping is present in the audited PokeRover repository/PBS snapshot.","DEFER_VISUAL_UNTIL_APPROVED"
"239","1161","BULK05","TERIUMPALM","Terium Palm","Psychic","Status","","100","10","complete","no source animation evidence","No animation implementation or animation mapping is present in the audited PokeRover repository/PBS snapshot.","DEFER_VISUAL_UNTIL_APPROVED"
"240","1162","BULK05","TERRESTRIALCLAW","Terrestrial Claw","Dragon","Physical","70","100","10","complete","no source animation evidence","No animation implementation or animation mapping is present in the audited PokeRover repository/PBS snapshot.","DEFER_VISUAL_UNTIL_APPROVED"
"241","1163","BULK05","TRITIUMCANNON","Tritium Cannon","Fire","Special","140","100","5","complete","no source animation evidence","No animation implementation or animation mapping is present in the audited PokeRover repository/PBS snapshot.","DEFER_VISUAL_UNTIL_APPROVED"
"242","1164","BULK05","WHITEWRAITHS","White Wraiths","Ghost","Physical","90","100","5","complete","no source animation evidence","No animation implementation or animation mapping is present in the audited PokeRover repository/PBS snapshot.","DEFER_VISUAL_UNTIL_APPROVED"
"243","1165","BULK05","SOULSUCKER","Soul Sucker","Ghost","Physical","85","100","10","complete","no source animation evidence","No animation implementation or animation mapping is present in the audited PokeRover repository/PBS snapshot.","DEFER_VISUAL_UNTIL_APPROVED"
"244","1166","BULK05","SPECTRALHORDE","Spectral Horde","Ghost","Special","85","90","5","complete","no source animation evidence","No animation implementation or animation mapping is present in the audited PokeRover repository/PBS snapshot.","DEFER_VISUAL_UNTIL_APPROVED"
"245","1167","BULK05","SHATTERBLADE","Shatterblade","Ice","Physical","90","100","10","complete","no source animation evidence","No animation implementation or animation mapping is present in the audited PokeRover repository/PBS snapshot.","DEFER_VISUAL_UNTIL_APPROVED"
"246","1168","BULK05","PYROCLASTICSWEEP","Pyroclastic Sweep","Fire","Physical","150","100","5","complete","no source animation evidence","No animation implementation or animation mapping is present in the audited PokeRover repository/PBS snapshot.","DEFER_VISUAL_UNTIL_APPROVED"
"247","1169","BULK05","TORBIDVINESTORM","Torbid Vinestorm","Grass","Special","100","80","10","complete","no source animation evidence","No animation implementation or animation mapping is present in the audited PokeRover repository/PBS snapshot.","DEFER_VISUAL_UNTIL_APPROVED"
"248","1170","BULK05","ARMAMENTSTRIKE","Armament Strike","Steel","Physical","100","100","5","complete","no source animation evidence","No animation implementation or animation mapping is present in the audited PokeRover repository/PBS snapshot.","DEFER_VISUAL_UNTIL_APPROVED"
"249","1171","BULK05","HANABIDANCE","Hanabi Dance","Fairy","Physical","15","100","20","complete","no source animation evidence","No animation implementation or animation mapping is present in the audited PokeRover repository/PBS snapshot.","DEFER_VISUAL_UNTIL_APPROVED"
"250","1172","BULK05","IADOSGUARD","Iado's Guard","Steel","Status","","0","10","complete","no source animation evidence","No animation implementation or animation mapping is present in the audited PokeRover repository/PBS snapshot.","DEFER_VISUAL_UNTIL_APPROVED"
"251","1173","BULK06","VENAMSKISS","Venam's Kiss","Poison","Physical","75","100","15","complete","no source animation evidence","No per-move animation mapping, animation asset, Animations.rxdata, or BattleAnimation implementation is present in the audited Rejuvenation Wiki Converter source.","DEFER_VISUAL_UNTIL_APPROVED"
"252","1174","BULK06","GALESTRIKE","Gale Strike","Fighting","Physical","60","100","10","complete","no source animation evidence","No per-move animation mapping, animation asset, Animations.rxdata, or BattleAnimation implementation is present in the audited Rejuvenation Wiki Converter source.","DEFER_VISUAL_UNTIL_APPROVED"
"253","1175","BULK06","MULTIPULSE","Multipulse","Normal","Special","65","100","15","complete","no source animation evidence","No per-move animation mapping, animation asset, Animations.rxdata, or BattleAnimation implementation is present in the audited Rejuvenation Wiki Converter source.","DEFER_VISUAL_UNTIL_APPROVED"
"254","1176","BULK06","SPECTRALSCREAM","Spectral Scream","Ghost","Special","65","100","10","complete","no source animation evidence","No per-move animation mapping, animation asset, Animations.rxdata, or BattleAnimation implementation is present in the audited Rejuvenation Wiki Converter source.","DEFER_VISUAL_UNTIL_APPROVED"
"255","1177","BULK06","AQUABATICS","Aquabatics","Water","Status","0","0","15","complete","no source animation evidence","No per-move animation mapping, animation asset, Animations.rxdata, or BattleAnimation implementation is present in the audited Rejuvenation Wiki Converter source.","DEFER_VISUAL_UNTIL_APPROVED"
"256","1178","BULK06","BARBEDWEB","Barbed Web","Bug","Physical","70","100","10","complete","no source animation evidence","No per-move animation mapping, animation asset, Animations.rxdata, or BattleAnimation implementation is present in the audited Rejuvenation Wiki Converter source.","DEFER_VISUAL_UNTIL_APPROVED"
"257","1179","BULK06","COLDTRUTH","Cold Truth","Ice","Special","95","100","10","complete","no source animation evidence","No per-move animation mapping, animation asset, Animations.rxdata, or BattleAnimation implementation is present in the audited Rejuvenation Wiki Converter source.","DEFER_VISUAL_UNTIL_APPROVED"
"258","1180","BULK06","FEVERPITCH","Fever Pitch","Fire","Special","1","100","10","complete","no source animation evidence","No per-move animation mapping, animation asset, Animations.rxdata, or BattleAnimation implementation is present in the audited Rejuvenation Wiki Converter source.","DEFER_VISUAL_UNTIL_APPROVED"
"259","1181","BULK06","THUNDERRAID","Thunder Raid","Electric","Physical","20","100","20","complete","no source animation evidence","No per-move animation mapping, animation asset, Animations.rxdata, or BattleAnimation implementation is present in the audited Rejuvenation Wiki Converter source.","DEFER_VISUAL_UNTIL_APPROVED"
"260","1182","BULK06","UPROOT","Uproot","Grass","Special","90","100","15","complete","no source animation evidence","No per-move animation mapping, animation asset, Animations.rxdata, or BattleAnimation implementation is present in the audited Rejuvenation Wiki Converter source.","DEFER_VISUAL_UNTIL_APPROVED"
"261","1183","BULK06","BUNRAKUBEATDOWN","Bunraku Beatdown","Psychic","Special","75","100","10","complete","no source animation evidence","No per-move animation mapping, animation asset, Animations.rxdata, or BattleAnimation implementation is present in the audited Rejuvenation Wiki Converter source.","DEFER_VISUAL_UNTIL_APPROVED"
"262","1184","BULK06","HEAVENLYWING","Heavenly Wing","Flying","Physical","90","0","15","complete","no source animation evidence","No per-move animation mapping, animation asset, Animations.rxdata, or BattleAnimation implementation is present in the audited Rejuvenation Wiki Converter source.","DEFER_VISUAL_UNTIL_APPROVED"
"263","1185","BULK06","MATRIXSHOT","Matrix Shot","Rock","Physical","90","100","10","complete","no source animation evidence","No per-move animation mapping, animation asset, Animations.rxdata, or BattleAnimation implementation is present in the audited Rejuvenation Wiki Converter source.","DEFER_VISUAL_UNTIL_APPROVED"
"264","1186","BULK06","DESERTSMARK","Desert's Mark","Ground","Status","0","0","20","complete","no source animation evidence","No per-move animation mapping, animation asset, Animations.rxdata, or BattleAnimation implementation is present in the audited Rejuvenation Wiki Converter source.","DEFER_VISUAL_UNTIL_APPROVED"
"265","1187","BULK06","ULTRAMEGADEATH","Super Ultra Mega Death Move","Steel","Physical","90","100","10","complete","no source animation evidence","No per-move animation mapping, animation asset, Animations.rxdata, or BattleAnimation implementation is present in the audited Rejuvenation Wiki Converter source.","DEFER_VISUAL_UNTIL_APPROVED"
"266","1188","BULK06","DECIMATION","Decimation","Dark","Special","100","100","20","complete","no source animation evidence","No per-move animation mapping, animation asset, Animations.rxdata, or BattleAnimation implementation is present in the audited Rejuvenation Wiki Converter source.","DEFER_VISUAL_UNTIL_APPROVED"
"267","1189","BULK06","PYROKINESIS","Pyrokinesis","Psychic","Special","80","100","15","complete","no source animation evidence","No per-move animation mapping, animation asset, Animations.rxdata, or BattleAnimation implementation is present in the audited Rejuvenation Wiki Converter source.","DEFER_VISUAL_UNTIL_APPROVED"
"268","1190","BULK06","ALPHASHOT","Alpha Shot","Normal","Special","50","100","10","complete","no source animation evidence","No per-move animation mapping, animation asset, Animations.rxdata, or BattleAnimation implementation is present in the audited Rejuvenation Wiki Converter source.","DEFER_VISUAL_UNTIL_APPROVED"
"269","1191","BULK06","GILDEDARROW","Gilded Arrow","Normal","Special","80","100","15","complete","no source animation evidence","No per-move animation mapping, animation asset, Animations.rxdata, or BattleAnimation implementation is present in the audited Rejuvenation Wiki Converter source.","DEFER_VISUAL_UNTIL_APPROVED"
"270","1192","BULK06","GILDEDHELIX","Gilded Helix","Normal","Special","50","100","15","complete","no source animation evidence","No per-move animation mapping, animation asset, Animations.rxdata, or BattleAnimation implementation is present in the audited Rejuvenation Wiki Converter source.","DEFER_VISUAL_UNTIL_APPROVED"
"271","1193","BULK06","POISONSWEEP","Poison Sweep","Poison","Physical","50","100","10","complete","no source animation evidence","No per-move animation mapping, animation asset, Animations.rxdata, or BattleAnimation implementation is present in the audited Rejuvenation Wiki Converter source.","DEFER_VISUAL_UNTIL_APPROVED"
"272","1194","BULK06","STACKINGSHOT","Stacking Shot","Fighting","Physical","40","100","10","complete","no source animation evidence","No per-move animation mapping, animation asset, Animations.rxdata, or BattleAnimation implementation is present in the audited Rejuvenation Wiki Converter source.","DEFER_VISUAL_UNTIL_APPROVED"
"273","1195","BULK06","IRRITATION","Irritation","Bug","Special","60","100","10","complete","no source animation evidence","No per-move animation mapping, animation asset, Animations.rxdata, or BattleAnimation implementation is present in the audited Rejuvenation Wiki Converter source.","DEFER_VISUAL_UNTIL_APPROVED"
"274","1196","BULK06","MAGMADRIFT","Magma Drift","Fire","Special","90","100","15","complete","no source animation evidence","No per-move animation mapping, animation asset, Animations.rxdata, or BattleAnimation implementation is present in the audited Rejuvenation Wiki Converter source.","DEFER_VISUAL_UNTIL_APPROVED"
"275","1197","BULK06","DELUGE","Deluge","Water","Physical","60","100","10","complete","no source animation evidence","No per-move animation mapping, animation asset, Animations.rxdata, or BattleAnimation implementation is present in the audited Rejuvenation Wiki Converter source.","DEFER_VISUAL_UNTIL_APPROVED"
"276","1198","BULK06","MUDBARRAGE","Mud Barrage","Ground","Special","25","95","15","complete","no source animation evidence","No per-move animation mapping, animation asset, Animations.rxdata, or BattleAnimation implementation is present in the audited Rejuvenation Wiki Converter source.","DEFER_VISUAL_UNTIL_APPROVED"
"277","1199","BULK06","SLASHANDBURN","Slash and Burn","Grass","Physical","90","90","10","complete","no source animation evidence","No per-move animation mapping, animation asset, Animations.rxdata, or BattleAnimation implementation is present in the audited Rejuvenation Wiki Converter source.","DEFER_VISUAL_UNTIL_APPROVED"
"278","1200","BULK06","ARENITEWALL","Arenite Wall","Ground","Status","0","0","20","complete","no source animation evidence","No per-move animation mapping, animation asset, Animations.rxdata, or BattleAnimation implementation is present in the audited Rejuvenation Wiki Converter source.","DEFER_VISUAL_UNTIL_APPROVED"
"279","1201","BULK06","QUICKSILVERSPEAR","Quicksilver Spear","Steel","Physical","80","75","5","complete","no source animation evidence","No per-move animation mapping, animation asset, Animations.rxdata, or BattleAnimation implementation is present in the audited Rejuvenation Wiki Converter source.","DEFER_VISUAL_UNTIL_APPROVED"
"280","1202","BULK06","SPARKLEON","Sparkle On","Fairy","Physical","120","100","15","complete","no source animation evidence","No per-move animation mapping, animation asset, Animations.rxdata, or BattleAnimation implementation is present in the audited Rejuvenation Wiki Converter source.","DEFER_VISUAL_UNTIL_APPROVED"
"281","1203","BULK06","SOLARFLARE","Solar Flare","Fire","Physical","100","95","10","complete","no source animation evidence","No per-move animation mapping, animation asset, Animations.rxdata, or BattleAnimation implementation is present in the audited Rejuvenation Wiki Converter source.","DEFER_VISUAL_UNTIL_APPROVED"
"282","1204","BULK06","HOARFROSTMOON","Hoarfrost Moon","Ice","Special","90","90","10","complete","no source animation evidence","No per-move animation mapping, animation asset, Animations.rxdata, or BattleAnimation implementation is present in the audited Rejuvenation Wiki Converter source.","DEFER_VISUAL_UNTIL_APPROVED"
"283","1205","BULK06","HEXINGSLASH","Hexing Slash","Ghost","Physical","90","100","15","complete","no source animation evidence","No per-move animation mapping, animation asset, Animations.rxdata, or BattleAnimation implementation is present in the audited Rejuvenation Wiki Converter source.","DEFER_VISUAL_UNTIL_APPROVED"
"284","1206","BULK06","WAKEUPSHOCK","Wake-Up Shock","Electric","Physical","80","100","10","complete","no source animation evidence","No per-move animation mapping, animation asset, Animations.rxdata, or BattleAnimation implementation is present in the audited Rejuvenation Wiki Converter source.","DEFER_VISUAL_UNTIL_APPROVED"
"285","1207","BULK06","VILEASSAULT","Vile Assault","Poison","Physical","90","100","15","complete","no source animation evidence","No per-move animation mapping, animation asset, Animations.rxdata, or BattleAnimation implementation is present in the audited Rejuvenation Wiki Converter source.","DEFER_VISUAL_UNTIL_APPROVED"
"286","1208","BULK06","ETHEREALTEMPEST","Ethereal Tempest","Flying","Special","90","100","15","complete","no source animation evidence","No per-move animation mapping, animation asset, Animations.rxdata, or BattleAnimation implementation is present in the audited Rejuvenation Wiki Converter source.","DEFER_VISUAL_UNTIL_APPROVED"
"287","1209","BULK06","MIRRORBEAM","Mirror Beam","Steel","Special","90","100","10","complete","no source animation evidence","No per-move animation mapping, animation asset, Animations.rxdata, or BattleAnimation implementation is present in the audited Rejuvenation Wiki Converter source.","DEFER_VISUAL_UNTIL_APPROVED"
"288","1210","BULK06","PROBOPOG","Probopass PogChampion","Normal","Special","20","100","15","complete","no source animation evidence","No per-move animation mapping, animation asset, Animations.rxdata, or BattleAnimation implementation is present in the audited Rejuvenation Wiki Converter source.","DEFER_VISUAL_UNTIL_APPROVED"
"289","1211","BULK06","UNLEASHEDPOWER","Unleashed Power","Qmarks","Special","150","0","0","complete","no source animation evidence","No per-move animation mapping, animation asset, Animations.rxdata, or BattleAnimation implementation is present in the audited Rejuvenation Wiki Converter source.","DEFER_VISUAL_UNTIL_APPROVED"
"290","1212","BULK06","BLINDINGSPEED","Blinding Speed","Qmarks","Physical","80","0","0","complete","no source animation evidence","No per-move animation mapping, animation asset, Animations.rxdata, or BattleAnimation implementation is present in the audited Rejuvenation Wiki Converter source.","DEFER_VISUAL_UNTIL_APPROVED"
"291","1213","BULK06","ELYSIANSHIELD","Elysian Shield","Fairy","Status","0","0","0","complete","no source animation evidence","No per-move animation mapping, animation asset, Animations.rxdata, or BattleAnimation implementation is present in the audited Rejuvenation Wiki Converter source.","DEFER_VISUAL_UNTIL_APPROVED"
"292","1214","BULK06","CHTHONICMALADY","Chthonic Malady","Shadow","Status","0","0","0","complete","no source animation evidence","No per-move animation mapping, animation asset, Animations.rxdata, or BattleAnimation implementation is present in the audited Rejuvenation Wiki Converter source.","DEFER_VISUAL_UNTIL_APPROVED"
"293","1215","BULK06","DOMAINSHIFT","Domain Shift","Qmarks","Status","0","0","0","complete","no source animation evidence","No per-move animation mapping, animation asset, Animations.rxdata, or BattleAnimation implementation is present in the audited Rejuvenation Wiki Converter source.","DEFER_VISUAL_UNTIL_APPROVED"
"294","1216","BULK06","CORALBREAK","Coral Break","Water","Special","80","95","15","complete","no source-certified DS animation mapping","The authoritative Uranium 1.3.1 PBS extraction contains move mechanics but no battle-animation database, assets, or per-move animation mapping.","DEFER_VISUAL_UNTIL_APPROVED"
"295","1217","BULK06","ATOMICPUNCH","Atomic Punch","Nuclear","Physical","80","95","15","complete","no source-certified DS animation mapping","The authoritative Uranium 1.3.1 PBS extraction contains move mechanics but no battle-animation database, assets, or per-move animation mapping.","DEFER_VISUAL_UNTIL_APPROVED"
"296","1218","BULK06","METALWHIP","Metal Whip","Steel","Physical","50","90","10","complete","no source-certified DS animation mapping","The authoritative Uranium 1.3.1 PBS extraction contains move mechanics but no battle-animation database, assets, or per-move animation mapping.","DEFER_VISUAL_UNTIL_APPROVED"
"297","1219","BULK06","SHUFFLE","Shuffle","Normal","Special","60","90","15","complete","no source-certified DS animation mapping","The authoritative Uranium 1.3.1 PBS extraction contains move mechanics but no battle-animation database, assets, or per-move animation mapping.","DEFER_VISUAL_UNTIL_APPROVED"
"298","1220","BULK06","NUCLEARWASTE","Nuclear Waste","Nuclear","Status","0","85","10","complete","no source-certified DS animation mapping","The authoritative Uranium 1.3.1 PBS extraction contains move mechanics but no battle-animation database, assets, or per-move animation mapping.","DEFER_VISUAL_UNTIL_APPROVED"
"299","1221","BULK06","GAMMARAY","Gamma Ray","Nuclear","Special","40","100","30","complete","no source-certified DS animation mapping","The authoritative Uranium 1.3.1 PBS extraction contains move mechanics but no battle-animation database, assets, or per-move animation mapping.","DEFER_VISUAL_UNTIL_APPROVED"
"300","1222","BULK06","RADIOACID","Radioacid","Nuclear","Special","60","100","15","complete","no source-certified DS animation mapping","The authoritative Uranium 1.3.1 PBS extraction contains move mechanics but no battle-animation database, assets, or per-move animation mapping.","DEFER_VISUAL_UNTIL_APPROVED"
"301","1223","BULK07","SKYFALL","Sky Fall","Flying","Special","85","100","15","complete","no source-certified DS animation mapping","The authoritative Uranium 1.3.1 PBS extraction contains move mechanics but no battle-animation database, assets, or per-move animation mapping.","DEFER_VISUAL_UNTIL_APPROVED"
"302","1224","BULK07","FLAMEIMPACT","Flame Impact","Fire","Physical","65","100","15","complete","no source-certified DS animation mapping","The authoritative Uranium 1.3.1 PBS extraction contains move mechanics but no battle-animation database, assets, or per-move animation mapping.","DEFER_VISUAL_UNTIL_APPROVED"
"303","1225","BULK07","SUBDUCTION","Subduction","Ground","Physical","140","90","5","complete","no source-certified DS animation mapping","The authoritative Uranium 1.3.1 PBS extraction contains move mechanics but no battle-animation database, assets, or per-move animation mapping.","DEFER_VISUAL_UNTIL_APPROVED"
"304","1226","BULK07","INSTANTCRUSH","Instant Crush","Psychic","Special","60","100","15","complete","no source-certified DS animation mapping","The authoritative Uranium 1.3.1 PBS extraction contains move mechanics but no battle-animation database, assets, or per-move animation mapping.","DEFER_VISUAL_UNTIL_APPROVED"
"305","1227","BULK07","GETLUCKY","Get Lucky","Psychic","Special","70","100","5","complete","no source-certified DS animation mapping","The authoritative Uranium 1.3.1 PBS extraction contains move mechanics but no battle-animation database, assets, or per-move animation mapping.","DEFER_VISUAL_UNTIL_APPROVED"
"306","1228","BULK07","LASERPULSE","Laser Pulse","Normal","Special","90","100","20","complete","no source-certified DS animation mapping","The authoritative Uranium 1.3.1 PBS extraction contains move mechanics but no battle-animation database, assets, or per-move animation mapping.","DEFER_VISUAL_UNTIL_APPROVED"
"307","1229","BULK07","GEMSTONEGLIMMER","Gemstone Glimmer","Rock","Special","75","95","15","complete","no source-certified DS animation mapping","The authoritative Uranium 1.3.1 PBS extraction contains move mechanics but no battle-animation database, assets, or per-move animation mapping.","DEFER_VISUAL_UNTIL_APPROVED"
"308","1230","BULK07","HALFLIFE","Half-life","Nuclear","Special","1","90","10","complete","no source-certified DS animation mapping","The authoritative Uranium 1.3.1 PBS extraction contains move mechanics but no battle-animation database, assets, or per-move animation mapping.","DEFER_VISUAL_UNTIL_APPROVED"
"309","1231","BULK07","OCEANSWRATH","Ocean's Wrath","Water","Special","90","100","15","complete","no source-certified DS animation mapping","The authoritative Uranium 1.3.1 PBS extraction contains move mechanics but no battle-animation database, assets, or per-move animation mapping.","DEFER_VISUAL_UNTIL_APPROVED"
"310","1232","BULK07","FISSIONBURST","Fission Burst","Nuclear","Physical","150","100","5","complete","no source-certified DS animation mapping","The authoritative Uranium 1.3.1 PBS extraction contains move mechanics but no battle-animation database, assets, or per-move animation mapping.","DEFER_VISUAL_UNTIL_APPROVED"
"311","1233","BULK07","CAUSTICBREATH","Caustic Breath","Dragon","Special","60","100","10","complete","no source-certified DS animation mapping","The authoritative Uranium 1.3.1 PBS extraction contains move mechanics but no battle-animation database, assets, or per-move animation mapping.","DEFER_VISUAL_UNTIL_APPROVED"
"312","1234","BULK07","NUCLEARSLASH","Nuclear Slash","Nuclear","Physical","55","90","20","complete","no source-certified DS animation mapping","The authoritative Uranium 1.3.1 PBS extraction contains move mechanics but no battle-animation database, assets, or per-move animation mapping.","DEFER_VISUAL_UNTIL_APPROVED"
"313","1235","BULK07","THUNDERSTORM","Thunderstorm","Electric","Status","0","0","10","complete","no source-certified DS animation mapping","The authoritative Uranium 1.3.1 PBS extraction contains move mechanics but no battle-animation database, assets, or per-move animation mapping.","DEFER_VISUAL_UNTIL_APPROVED"
"314","1236","BULK07","SUDDENSTRIKE","Sudden Strike","Dark","Physical","40","100","30","complete","no source-certified DS animation mapping","The authoritative Uranium 1.3.1 PBS extraction contains move mechanics but no battle-animation database, assets, or per-move animation mapping.","DEFER_VISUAL_UNTIL_APPROVED"
"315","1237","BULK07","EXPUNGE","Expunge","Nuclear","Special","110","70","5","complete","no source-certified DS animation mapping","The authoritative Uranium 1.3.1 PBS extraction contains move mechanics but no battle-animation database, assets, or per-move animation mapping.","DEFER_VISUAL_UNTIL_APPROVED"
"316","1238","BULK07","FALLOUT","Fallout","Nuclear","Status","0","0","10","complete","no source-certified DS animation mapping","The authoritative Uranium 1.3.1 PBS extraction contains move mechanics but no battle-animation database, assets, or per-move animation mapping.","DEFER_VISUAL_UNTIL_APPROVED"
"317","1239","BULK07","PROTONBEAM","Proton Beam","Nuclear","Special","100","90","5","complete","no source-certified DS animation mapping","The authoritative Uranium 1.3.1 PBS extraction contains move mechanics but no battle-animation database, assets, or per-move animation mapping.","DEFER_VISUAL_UNTIL_APPROVED"
"318","1240","BULK07","INFERNALBLADE","Infernal Blade","Fire","Physical","90","95","10","complete","no source-certified DS animation mapping","The authoritative Uranium 1.3.1 PBS extraction contains move mechanics but no battle-animation database, assets, or per-move animation mapping.","DEFER_VISUAL_UNTIL_APPROVED"
"319","1241","BULK07","QUANTUMLEAP","Quantum Leap","Nuclear","Physical","100","100","5","complete","no source-certified DS animation mapping","The authoritative Uranium 1.3.1 PBS extraction contains move mechanics but no battle-animation database, assets, or per-move animation mapping.","DEFER_VISUAL_UNTIL_APPROVED"
"320","1242","BULK07","METALCRUNCHER","Metal Cruncher","Steel","Physical","120","85","5","complete","no source-certified DS animation mapping","The authoritative Uranium 1.3.1 PBS extraction contains move mechanics but no battle-animation database, assets, or per-move animation mapping.","DEFER_VISUAL_UNTIL_APPROVED"
"321","1243","BULK07","DRAINLIFE","Drain Life","Dark","Physical","75","100","10","complete","no source-certified DS animation mapping","The authoritative Uranium 1.3.1 PBS extraction contains move mechanics but no battle-animation database, assets, or per-move animation mapping.","DEFER_VISUAL_UNTIL_APPROVED"
"322","1244","BULK07","STICKYTERRAIN","Sticky Terrain","Poison","Status","0","0","10","complete","no source-certified DS animation mapping","The authoritative Uranium 1.3.1 PBS extraction contains move mechanics but no battle-animation database, assets, or per-move animation mapping.","DEFER_VISUAL_UNTIL_APPROVED"
"323","1245","BULK07","NUCLEARWIND","Nuclear Wind","Nuclear","Special","65","95","10","complete","no source-certified DS animation mapping","The authoritative Uranium 1.3.1 PBS extraction contains move mechanics but no battle-animation database, assets, or per-move animation mapping.","DEFER_VISUAL_UNTIL_APPROVED"
"324","1246","BULK07","ACHILLESHEEL","Achilles Heel","Normal","Physical","45","100","15","complete","no source animation evidence","The audited Insurgence-Showdown repository is a battle-simulator mechanics source and contains no move-animation assets or per-move animation mappings.","DEFER_VISUAL_UNTIL_APPROVED"
"325","1247","BULK07","ANCIENTROAR","Ancient Roar","Rock","Special","80","100","15","complete","no source animation evidence","The audited Insurgence-Showdown repository is a battle-simulator mechanics source and contains no move-animation assets or per-move animation mappings.","DEFER_VISUAL_UNTIL_APPROVED"
"326","1248","BULK07","CORRODE","Corrode","Poison","Special","70","100","10","complete","no source animation evidence","The audited Insurgence-Showdown repository is a battle-simulator mechanics source and contains no move-animation assets or per-move animation mappings.","DEFER_VISUAL_UNTIL_APPROVED"
"327","1249","BULK07","CRYSTALRUSH","Crystal Rush","Crystal","Physical","45","100","30","complete","no source animation evidence","The audited Insurgence-Showdown repository is a battle-simulator mechanics source and contains no move-animation assets or per-move animation mappings.","DEFER_VISUAL_UNTIL_APPROVED"
"328","1250","BULK07","DARKMATTER","Dark Matter","Dark","Special","150","90","5","complete","no source animation evidence","The audited Insurgence-Showdown repository is a battle-simulator mechanics source and contains no move-animation assets or per-move animation mappings.","DEFER_VISUAL_UNTIL_APPROVED"
"329","1251","BULK07","DRACOJET","Draco Jet","Dragon","Physical","40","100","20","complete","no source animation evidence","The audited Insurgence-Showdown repository is a battle-simulator mechanics source and contains no move-animation assets or per-move animation mappings.","DEFER_VISUAL_UNTIL_APPROVED"
"330","1252","BULK07","DRAGONIFY","Dragonify","Dragon","Status","0","100","20","complete","no source animation evidence","The audited Insurgence-Showdown repository is a battle-simulator mechanics source and contains no move-animation assets or per-move animation mappings.","DEFER_VISUAL_UNTIL_APPROVED"
"331","1253","BULK07","DRAKONVOICE","Drakon Voice","Dragon","Special","105","85","10","complete","no source animation evidence","The audited Insurgence-Showdown repository is a battle-simulator mechanics source and contains no move-animation assets or per-move animation mappings.","DEFER_VISUAL_UNTIL_APPROVED"
"332","1254","BULK07","JETSTREAM","Jet Stream","Dragon","Status","0","0","30","complete","no source animation evidence","The audited Insurgence-Showdown repository is a battle-simulator mechanics source and contains no move-animation assets or per-move animation mappings.","DEFER_VISUAL_UNTIL_APPROVED"
"333","1255","BULK07","LIVEWIRE","Livewire","Electric","Status","0","0","20","complete","no source animation evidence","The audited Insurgence-Showdown repository is a battle-simulator mechanics source and contains no move-animation assets or per-move animation mappings.","DEFER_VISUAL_UNTIL_APPROVED"
"334","1256","BULK07","LUNARCANNON","Lunar Cannon","Dark","Special","105","100","10","complete","no source animation evidence","The audited Insurgence-Showdown repository is a battle-simulator mechanics source and contains no move-animation assets or per-move animation mappings.","DEFER_VISUAL_UNTIL_APPROVED"
"335","1257","BULK07","MEDUSARAY","Medusa Ray","Rock","Status","0","100","20","complete","no source animation evidence","The audited Insurgence-Showdown repository is a battle-simulator mechanics source and contains no move-animation assets or per-move animation mappings.","DEFER_VISUAL_UNTIL_APPROVED"
"336","1258","BULK07","MORPH","Morph","Normal","Status","0","0","10","complete","no source animation evidence","The audited Insurgence-Showdown repository is a battle-simulator mechanics source and contains no move-animation assets or per-move animation mappings.","DEFER_VISUAL_UNTIL_APPROVED"
"337","1259","BULK07","NANOREPAIR","Nanorepair","Steel","Status","0","0","5","complete","no source animation evidence","The audited Insurgence-Showdown repository is a battle-simulator mechanics source and contains no move-animation assets or per-move animation mappings.","DEFER_VISUAL_UNTIL_APPROVED"
"338","1260","BULK07","NEWMOON","New Moon","Dark","Status","0","0","5","complete","no source animation evidence","The audited Insurgence-Showdown repository is a battle-simulator mechanics source and contains no move-animation assets or per-move animation mappings.","DEFER_VISUAL_UNTIL_APPROVED"
"339","1261","BULK07","PERMAFROST","Permafrost","Ice","Status","0","0","15","complete","no source animation evidence","The audited Insurgence-Showdown repository is a battle-simulator mechanics source and contains no move-animation assets or per-move animation mappings.","DEFER_VISUAL_UNTIL_APPROVED"
"340","1262","BULK07","RETROGRADE","Retrograde","Normal","Status","0","100","30","complete","no source animation evidence","The audited Insurgence-Showdown repository is a battle-simulator mechanics source and contains no move-animation assets or per-move animation mappings.","DEFER_VISUAL_UNTIL_APPROVED"
"341","1263","BULK07","SPIRITAWAY","Spirit Away","Fairy","Physical","100","100","5","complete","no source animation evidence","The audited Insurgence-Showdown repository is a battle-simulator mechanics source and contains no move-animation assets or per-move animation mappings.","DEFER_VISUAL_UNTIL_APPROVED"
"342","1264","BULK07","STEALTHCOAL","Stealth Coal","Fire","Status","0","0","20","complete","no source animation evidence","The audited Insurgence-Showdown repository is a battle-simulator mechanics source and contains no move-animation assets or per-move animation mappings.","DEFER_VISUAL_UNTIL_APPROVED"
"343","1265","BULK07","WILDFIRE","Wildfire","Fire","Status","0","70","10","complete","no source animation evidence","The audited Insurgence-Showdown repository is a battle-simulator mechanics source and contains no move-animation assets or per-move animation mappings.","DEFER_VISUAL_UNTIL_APPROVED"
"344","1266","BULK07","WORMHOLE","Wormhole","Psychic","Special","40","100","30","complete","no source animation evidence","The audited Insurgence-Showdown repository is a battle-simulator mechanics source and contains no move-animation assets or per-move animation mappings.","DEFER_VISUAL_UNTIL_APPROVED"
"345","1267","BULK07","ZOMBIESTRIKE","Zombie Strike","Ghost","Physical","90","90","15","complete","no source animation evidence","The audited Insurgence-Showdown repository is a battle-simulator mechanics source and contains no move-animation assets or per-move animation mappings.","DEFER_VISUAL_UNTIL_APPROVED"
"346","1268","BULK07","SLEAZYSPORES","Sleazy Spores","Grass","Status","0","0","10","complete","no source animation evidence","The audited Clovermon Showdown repository is a battle-simulator mechanics source and contains no move-animation assets or per-move animation mappings.","DEFER_VISUAL_UNTIL_APPROVED"
"347","1269","BULK07","SLIMEGULP","Slime Gulp","Poison","Physical","70","100","10","complete","no source animation evidence","The audited Clovermon Showdown repository is a battle-simulator mechanics source and contains no move-animation assets or per-move animation mappings.","DEFER_VISUAL_UNTIL_APPROVED"
"348","1270","BULK07","FRUITPUNCH","Fruit Punch","Fairy","Physical","75","100","15","complete","no source animation evidence","The audited Clovermon Showdown repository is a battle-simulator mechanics source and contains no move-animation assets or per-move animation mappings.","DEFER_VISUAL_UNTIL_APPROVED"
"349","1271","BULK07","DRAGONFIST","Dragon Fist","Dragon","Physical","75","100","15","complete","no source animation evidence","The audited Clovermon Showdown repository is a battle-simulator mechanics source and contains no move-animation assets or per-move animation mappings.","DEFER_VISUAL_UNTIL_APPROVED"
"350","1272","BULK07","LICKCLEAN","Lick Clean","Water","Physical","40","100","20","complete","no source animation evidence","The audited Clovermon Showdown repository is a battle-simulator mechanics source and contains no move-animation assets or per-move animation mappings.","DEFER_VISUAL_UNTIL_APPROVED"
"351","1273","BULK08","SPEEDWEED","Speed Weed","Grass","Physical","40","100","30","complete","no source animation evidence","The audited Clovermon Showdown repository is a battle-simulator mechanics source and contains no move-animation assets or per-move animation mappings.","DEFER_VISUAL_UNTIL_APPROVED"
"352","1274","BULK08","OVERBITE","Overbite","Dark","Physical","150","100","5","complete","no source animation evidence","The audited Clovermon Showdown repository is a battle-simulator mechanics source and contains no move-animation assets or per-move animation mappings.","DEFER_VISUAL_UNTIL_APPROVED"
"353","1275","BULK08","1000FOLDS","1000 Folds","Steel","Physical","80","100","10","complete","no source animation evidence","The audited Clovermon Showdown repository is a battle-simulator mechanics source and contains no move-animation assets or per-move animation mappings.","DEFER_VISUAL_UNTIL_APPROVED"
"354","1276","BULK08","WARHEAD","Warhead","Steel","Special","110","80","5","complete","no source animation evidence","The audited Clovermon Showdown repository is a battle-simulator mechanics source and contains no move-animation assets or per-move animation mappings.","DEFER_VISUAL_UNTIL_APPROVED"
"355","1277","BULK08","WEIRDFLEX","Weird Flex","Fighting","Status","0","0","15","complete","no source animation evidence","The audited Clovermon Showdown repository is a battle-simulator mechanics source and contains no move-animation assets or per-move animation mappings.","DEFER_VISUAL_UNTIL_APPROVED"
"356","1278","BULK08","HULKUP","Hulk Up","Fighting","Status","0","0","10","complete","no source animation evidence","The audited Clovermon Showdown repository is a battle-simulator mechanics source and contains no move-animation assets or per-move animation mappings.","DEFER_VISUAL_UNTIL_APPROVED"
"357","1279","BULK08","FOCUSMUNCH","Focus Munch","Fighting","Status","0","0","10","complete","no source animation evidence","The audited Clovermon Showdown repository is a battle-simulator mechanics source and contains no move-animation assets or per-move animation mappings.","DEFER_VISUAL_UNTIL_APPROVED"
"358","1280","BULK08","MOP","Mop","Fairy","Status","0","100","10","complete","no source animation evidence","The audited Clovermon Showdown repository is a battle-simulator mechanics source and contains no move-animation assets or per-move animation mappings.","DEFER_VISUAL_UNTIL_APPROVED"
"359","1281","BULK08","QUICKSAND","Quick Sand","Ground","Physical","40","100","20","complete","no source animation evidence","The audited Clovermon Showdown repository is a battle-simulator mechanics source and contains no move-animation assets or per-move animation mappings.","DEFER_VISUAL_UNTIL_APPROVED"
"360","1282","BULK08","THINKFAST","Think Fast","Psychic","Special","40","100","20","complete","no source animation evidence","The audited Clovermon Showdown repository is a battle-simulator mechanics source and contains no move-animation assets or per-move animation mappings.","DEFER_VISUAL_UNTIL_APPROVED"
"361","1283","BULK08","BOLTBEAM","Boltbeam","Electric","Special","100","100","10","complete","no source animation evidence","The audited Clovermon Showdown repository is a battle-simulator mechanics source and contains no move-animation assets or per-move animation mappings.","DEFER_VISUAL_UNTIL_APPROVED"
"362","1284","BULK08","CHECKEM","Check 'Em","Psychic","Special","25","100","15","complete","no source animation evidence","The audited Clovermon Showdown repository is a battle-simulator mechanics source and contains no move-animation assets or per-move animation mappings.","DEFER_VISUAL_UNTIL_APPROVED"
"363","1285","BULK08","PIXIEPUMMEL","Pixie Pummel","Fairy","Physical","120","80","5","complete","no source animation evidence","The audited Clovermon Showdown repository is a battle-simulator mechanics source and contains no move-animation assets or per-move animation mappings.","DEFER_VISUAL_UNTIL_APPROVED"
"364","1286","BULK08","GAYAGENDA","Gay Agenda","Fairy","Status","0","100","15","complete","no source animation evidence","The audited Clovermon Showdown repository is a battle-simulator mechanics source and contains no move-animation assets or per-move animation mappings.","DEFER_VISUAL_UNTIL_APPROVED"
"365","1287","BULK08","SPOOPERPOWER","Spooperpower","Ghost","Special","100","100","5","complete","no source animation evidence","The audited Clovermon Showdown repository is a battle-simulator mechanics source and contains no move-animation assets or per-move animation mappings.","DEFER_VISUAL_UNTIL_APPROVED"
"366","1288","BULK08","GREATRAGE","Great Rage","Grass","Physical","140","100","10","complete","no source animation evidence","The audited Clovermon Showdown repository is a battle-simulator mechanics source and contains no move-animation assets or per-move animation mappings.","DEFER_VISUAL_UNTIL_APPROVED"
"367","1289","BULK08","WOWWIENER","Wow Wiener","Fire","Special","30","100","15","complete","no source animation evidence","The audited Clovermon Showdown repository is a battle-simulator mechanics source and contains no move-animation assets or per-move animation mappings.","DEFER_VISUAL_UNTIL_APPROVED"
"368","1290","BULK08","PLUNDER","Plunder","Water","Physical","100","100","5","complete","no source animation evidence","The audited Clovermon Showdown repository is a battle-simulator mechanics source and contains no move-animation assets or per-move animation mappings.","DEFER_VISUAL_UNTIL_APPROVED"
"369","1291","BULK08","BLOBBYBOP","Blobby Bop","Ice","Physical","70","0","15","complete","no source animation evidence","The audited Clovermon Showdown repository is a battle-simulator mechanics source and contains no move-animation assets or per-move animation mappings.","DEFER_VISUAL_UNTIL_APPROVED"
"370","1292","BULK08","BANHAMMER","Ban Hammer","Normal","Physical","90","90","10","complete","no source animation evidence","The audited Clovermon Showdown repository is a battle-simulator mechanics source and contains no move-animation assets or per-move animation mappings.","DEFER_VISUAL_UNTIL_APPROVED"
"371","1293","BULK08","HOMERUNBAT","Homerun Bat","Normal","Physical","90","90","10","complete","no source animation evidence","The audited Clovermon Showdown repository is a battle-simulator mechanics source and contains no move-animation assets or per-move animation mappings.","DEFER_VISUAL_UNTIL_APPROVED"
"372","1294","BULK08","ELBOWDROP","Elbow Drop","Ghost","Physical","100","100","5","complete","no source animation evidence","The audited Clovermon Showdown repository is a battle-simulator mechanics source and contains no move-animation assets or per-move animation mappings.","DEFER_VISUAL_UNTIL_APPROVED"
"373","1295","BULK08","ANATTACK","An Attack","???","Physical","120","100","5","complete","no source animation evidence","The audited Clovermon Showdown repository is a battle-simulator mechanics source and contains no move-animation assets or per-move animation mappings.","DEFER_VISUAL_UNTIL_APPROVED"
"374","1296","BULK08","CHAOSDUNK","Chaos Dunk","Rock","Physical","110","100","5","complete","no source animation evidence","The audited Clovermon Showdown repository is a battle-simulator mechanics source and contains no move-animation assets or per-move animation mappings.","DEFER_VISUAL_UNTIL_APPROVED"
"375","1297","BULK08","COMENGO","Come n' Go","Water","Special","25","100","30","complete","no source animation evidence","The audited Clovermon Showdown repository is a battle-simulator mechanics source and contains no move-animation assets or per-move animation mappings.","DEFER_VISUAL_UNTIL_APPROVED"
"376","1298","BULK08","DAILYDOSE","Daily Dose","Poison","Special","80","95","5","complete","no source animation evidence","The audited Clovermon Showdown repository is a battle-simulator mechanics source and contains no move-animation assets or per-move animation mappings.","DEFER_VISUAL_UNTIL_APPROVED"
"377","1299","BULK08","DECAYDRAIN","Decay Drain","Poison","Physical","100","100","5","complete","no source animation evidence","The audited Clovermon Showdown repository is a battle-simulator mechanics source and contains no move-animation assets or per-move animation mappings.","DEFER_VISUAL_UNTIL_APPROVED"
"378","1300","BULK08","DILDOCANNON","Dildo Cannon","Dragon","Physical","25","100","10","complete","no source animation evidence","The audited Clovermon Showdown repository is a battle-simulator mechanics source and contains no move-animation assets or per-move animation mappings.","DEFER_VISUAL_UNTIL_APPROVED"
"379","1301","BULK08","ENEMA","Enema","Grass","Physical","90","100","10","complete","no source animation evidence","The audited Clovermon Showdown repository is a battle-simulator mechanics source and contains no move-animation assets or per-move animation mappings.","DEFER_VISUAL_UNTIL_APPROVED"
"380","1302","BULK08","EROSIONWAVE","Erosion Wave","Rock","Special","95","100","10","complete","no source animation evidence","The audited Clovermon Showdown repository is a battle-simulator mechanics source and contains no move-animation assets or per-move animation mappings.","DEFER_VISUAL_UNTIL_APPROVED"
"381","1303","BULK08","FALCONPUNCH","Falcon Punch","Flying","Physical","100","90","10","complete","no source animation evidence","The audited Clovermon Showdown repository is a battle-simulator mechanics source and contains no move-animation assets or per-move animation mappings.","DEFER_VISUAL_UNTIL_APPROVED"
"382","1304","BULK08","FIREBOMB","Fire Bomb","Fire","Physical","100","95","10","complete","no source animation evidence","The audited Clovermon Showdown repository is a battle-simulator mechanics source and contains no move-animation assets or per-move animation mappings.","DEFER_VISUAL_UNTIL_APPROVED"
"383","1305","BULK08","FIZZBITCH","Fizzbitch","Grass","Special","150","80","5","complete","no source animation evidence","The audited Clovermon Showdown repository is a battle-simulator mechanics source and contains no move-animation assets or per-move animation mappings.","DEFER_VISUAL_UNTIL_APPROVED"
"384","1306","BULK08","FORYOU","For You","Fighting","Physical","100","100","15","complete","no source animation evidence","The audited Clovermon Showdown repository is a battle-simulator mechanics source and contains no move-animation assets or per-move animation mappings.","DEFER_VISUAL_UNTIL_APPROVED"
"385","1307","BULK08","FUTABABREAK","Futaba Break","Grass","Physical","90","100","15","complete","no source animation evidence","The audited Clovermon Showdown repository is a battle-simulator mechanics source and contains no move-animation assets or per-move animation mappings.","DEFER_VISUAL_UNTIL_APPROVED"
"386","1308","BULK08","HOLYDUTY","Holy Duty","Fire","Special","250","100","5","complete","no source animation evidence","The audited Clovermon Showdown repository is a battle-simulator mechanics source and contains no move-animation assets or per-move animation mappings.","DEFER_VISUAL_UNTIL_APPROVED"
"387","1309","BULK08","LACTOSESHOT","Lactose Shot","Fairy","Special","130","90","5","complete","no source animation evidence","The audited Clovermon Showdown repository is a battle-simulator mechanics source and contains no move-animation assets or per-move animation mappings.","DEFER_VISUAL_UNTIL_APPROVED"
"388","1310","BULK08","MEME","Meme","???","Special","65","100","5","complete","no source animation evidence","The audited Clovermon Showdown repository is a battle-simulator mechanics source and contains no move-animation assets or per-move animation mappings.","DEFER_VISUAL_UNTIL_APPROVED"
"389","1311","BULK08","OVERENERGIZE","Overenergize","Electric","Special","150","100","5","complete","no source animation evidence","The audited Clovermon Showdown repository is a battle-simulator mechanics source and contains no move-animation assets or per-move animation mappings.","DEFER_VISUAL_UNTIL_APPROVED"
"390","1312","BULK08","OWTHEEDGE","Ow The Edge","Dark","Physical","120","100","15","complete","no source animation evidence","The audited Clovermon Showdown repository is a battle-simulator mechanics source and contains no move-animation assets or per-move animation mappings.","DEFER_VISUAL_UNTIL_APPROVED"
"391","1313","BULK08","PUKEBLOOD","Puke Blood","Bug","Special","130","95","5","complete","no source animation evidence","The audited Clovermon Showdown repository is a battle-simulator mechanics source and contains no move-animation assets or per-move animation mappings.","DEFER_VISUAL_UNTIL_APPROVED"
"392","1314","BULK08","PUNCHOUT","Punch Out","Fighting","Physical","70","100","20","complete","no source animation evidence","The audited Clovermon Showdown repository is a battle-simulator mechanics source and contains no move-animation assets or per-move animation mappings.","DEFER_VISUAL_UNTIL_APPROVED"
"393","1315","BULK08","REGENERATE","Regenerate","Grass","Status","0","0","5","complete","no source animation evidence","The audited Clovermon Showdown repository is a battle-simulator mechanics source and contains no move-animation assets or per-move animation mappings.","DEFER_VISUAL_UNTIL_APPROVED"
"394","1316","BULK08","RIOTSHIELD","Riot Shield","Fighting","Physical","80","100","10","complete","no source animation evidence","The audited Clovermon Showdown repository is a battle-simulator mechanics source and contains no move-animation assets or per-move animation mappings.","DEFER_VISUAL_UNTIL_APPROVED"
"395","1317","BULK08","SHITPOST","Shitpost","Ground","Physical","120","100","10","complete","no source animation evidence","The audited Clovermon Showdown repository is a battle-simulator mechanics source and contains no move-animation assets or per-move animation mappings.","DEFER_VISUAL_UNTIL_APPROVED"
"396","1318","BULK08","SPOOKOUT","Spook Out","Ghost","Physical","60","100","10","complete","no source animation evidence","The audited Clovermon Showdown repository is a battle-simulator mechanics source and contains no move-animation assets or per-move animation mappings.","DEFER_VISUAL_UNTIL_APPROVED"
"397","1319","BULK08","STRATOBLADE","Strato Blade","Flying","Physical","90","100","10","complete","no source animation evidence","The audited Clovermon Showdown repository is a battle-simulator mechanics source and contains no move-animation assets or per-move animation mappings.","DEFER_VISUAL_UNTIL_APPROVED"
"398","1320","BULK08","SUPERSNORE","Super Snore","Ice","Physical","255","100","10","complete","no source animation evidence","The audited Clovermon Showdown repository is a battle-simulator mechanics source and contains no move-animation assets or per-move animation mappings.","DEFER_VISUAL_UNTIL_APPROVED"
"399","1321","BULK08","SWINDLE","Swindle","Dark","Special","100","100","5","complete","no source animation evidence","The audited Clovermon Showdown repository is a battle-simulator mechanics source and contains no move-animation assets or per-move animation mappings.","DEFER_VISUAL_UNTIL_APPROVED"
"400","1322","BULK08","TOKE","Toke","Fire","Status","0","0","20","complete","no source animation evidence","The audited Clovermon Showdown repository is a battle-simulator mechanics source and contains no move-animation assets or per-move animation mappings.","DEFER_VISUAL_UNTIL_APPROVED"
"401","1323","BULK09","TOXIRAVAGE","Toxiravage","Poison","Physical","80","100","10","complete","no source animation evidence","The audited Clovermon Showdown repository is a battle-simulator mechanics source and contains no move-animation assets or per-move animation mappings.","DEFER_VISUAL_UNTIL_APPROVED"
"402","1324","BULK09","TRIGGER","Trigger","Psychic","Physical","30","100","15","complete","no source animation evidence","The audited Clovermon Showdown repository is a battle-simulator mechanics source and contains no move-animation assets or per-move animation mappings.","DEFER_VISUAL_UNTIL_APPROVED"
"403","1325","BULK09","SUDOKU","Sudoku","Normal","Status","0","100","5","complete","no source animation evidence","The audited Clovermon Showdown repository is a battle-simulator mechanics source and contains no move-animation assets or per-move animation mappings.","DEFER_VISUAL_UNTIL_APPROVED"
"404","1326","BULK09","TIROTEO","Tiroteo","Dark","Physical","25","95","20","complete","no source animation evidence","The audited xorgies/PokemonOpalo repository exposes move-definition data, but no move-animation assets or per-move visual mapping data were found for these custom moves.","DEFER_VISUAL_UNTIL_APPROVED"
"405","1327","BULK09","ELECTROBABA","Electrobaba","Electric","Special","85","100","15","complete","no source animation evidence","The audited xorgies/PokemonOpalo repository exposes move-definition data, but no move-animation assets or per-move visual mapping data were found for these custom moves.","DEFER_VISUAL_UNTIL_APPROVED"
"406","1328","BULK09","FUEGOLUNAR","Fuego Lunar","Fire","Special","95","100","15","complete","no source animation evidence","The audited xorgies/PokemonOpalo repository exposes move-definition data, but no move-animation assets or per-move visual mapping data were found for these custom moves.","DEFER_VISUAL_UNTIL_APPROVED"
"407","1329","BULK09","ROMPEHIELOS","Rompehielos","Ice","Physical","120","95","15","complete","no source animation evidence","The audited xorgies/PokemonOpalo repository exposes move-definition data, but no move-animation assets or per-move visual mapping data were found for these custom moves.","DEFER_VISUAL_UNTIL_APPROVED"
"408","1330","BULK09","TRINCHAR","Trinchar","Steel","Physical","10","90","10","complete","no source animation evidence","The audited xorgies/PokemonOpalo repository exposes move-definition data, but no move-animation assets or per-move visual mapping data were found for these custom moves.","DEFER_VISUAL_UNTIL_APPROVED"
"409","1331","BULK09","DESBANDADA","Desbandada","Flying","Physical","75","100","16","complete","no source animation evidence","The audited xorgies/PokemonOpalo repository exposes move-definition data, but no move-animation assets or per-move visual mapping data were found for these custom moves.","DEFER_VISUAL_UNTIL_APPROVED"
"410","1332","BULK09","FIEBREORO","Fiebre del Oro","Dark","Status","0","","10","complete","no source animation evidence","The audited xorgies/PokemonOpalo repository exposes move-definition data, but no move-animation assets or per-move visual mapping data were found for these custom moves.","DEFER_VISUAL_UNTIL_APPROVED"
"411","1333","BULK09","MALDIGNICION","Maldignición","Ghost","Special","80","100","15","complete","no source animation evidence","The audited xorgies/PokemonOpalo repository exposes move-definition data, but no move-animation assets or per-move visual mapping data were found for these custom moves.","DEFER_VISUAL_UNTIL_APPROVED"
"412","1334","BULK09","LIMPIASUENOS","Limpia Sueños","Fairy","Special","120","100","15","complete","no source animation evidence","The audited xorgies/PokemonOpalo repository exposes move-definition data, but no move-animation assets or per-move visual mapping data were found for these custom moves.","DEFER_VISUAL_UNTIL_APPROVED"
"413","1335","BULK09","ALAFUNESTA","Ala Funesta","Flying","Special","75","100","10","complete","no source animation evidence","The audited xorgies/PokemonOpalo repository exposes move-definition data, but no move-animation assets or per-move visual mapping data were found for these custom moves.","DEFER_VISUAL_UNTIL_APPROVED"
"414","1336","BULK09","FURIATOTEMICA","Furia Totémica","Ground","Special","90","100","10","complete","no source animation evidence","The audited xorgies/PokemonOpalo repository exposes move-definition data, but no move-animation assets or per-move visual mapping data were found for these custom moves.","DEFER_VISUAL_UNTIL_APPROVED"
"415","1337","BULK09","ZARZAS","Zarzas","Grass","Physical","90","95","15","complete","no source animation evidence","The audited xorgies/PokemonOpalo repository exposes move-definition data, but no move-animation assets or per-move visual mapping data were found for these custom moves.","DEFER_VISUAL_UNTIL_APPROVED"
"416","1338","BULK09","SOMBRATELA","Sombratela","Dark","Physical","70","100","15","complete","no source animation evidence","The audited xorgies/PokemonOpalo repository exposes move-definition data, but no move-animation assets or per-move visual mapping data were found for these custom moves.","DEFER_VISUAL_UNTIL_APPROVED"
"417","1339","BULK09","ABRAZOFEROZ","Abrazo Feroz","Dark","Physical","90","100","10","complete","no source animation evidence","The audited xorgies/PokemonOpalo repository exposes move-definition data, but no move-animation assets or per-move visual mapping data were found for these custom moves.","DEFER_VISUAL_UNTIL_APPROVED"
"418","1340","BULK09","GEOIMPACTO","Geoimpacto","Ground","Special","140","100","5","complete","no source animation evidence","The audited xorgies/PokemonOpalo repository exposes move-definition data, but no move-animation assets or per-move visual mapping data were found for these custom moves.","DEFER_VISUAL_UNTIL_APPROVED"
"419","1341","BULK09","PIPADELAPAZ","Pipa de la Paz","Psychic","Special","85","100","15","complete","no source animation evidence","The audited xorgies/PokemonOpalo repository exposes move-definition data, but no move-animation assets or per-move visual mapping data were found for these custom moves.","DEFER_VISUAL_UNTIL_APPROVED"
"420","1342","BULK09","BORRASCA","Borrasca","Electric","Special","120","80","5","complete","no source animation evidence","The audited xorgies/PokemonOpalo repository exposes move-definition data, but no move-animation assets or per-move visual mapping data were found for these custom moves.","DEFER_VISUAL_UNTIL_APPROVED"
"421","1343","BULK09","OJOSTERRIBLES","Ojos Terribles","Ghost","Special","85","100","15","complete","no source animation evidence","The audited xorgies/PokemonOpalo repository exposes move-definition data, but no move-animation assets or per-move visual mapping data were found for these custom moves.","DEFER_VISUAL_UNTIL_APPROVED"
"422","1344","BULK09","DRENANIMA","Drenánima","Ghost","Special","80","100","10","complete","no source animation evidence","The audited xorgies/PokemonOpalo repository exposes move-definition data, but no move-animation assets or per-move visual mapping data were found for these custom moves.","DEFER_VISUAL_UNTIL_APPROVED"
"423","1345","BULK09","DANZAVUDU","Danza Vudú","Poison","Special","80","100","15","complete","no source animation evidence","The audited xorgies/PokemonOpalo repository exposes move-definition data, but no move-animation assets or per-move visual mapping data were found for these custom moves.","DEFER_VISUAL_UNTIL_APPROVED"
"424","1346","BULK09","CHOQUEVAPOR","Choque Vapor","Fire","Physical","100","100","10","complete","no source animation evidence","The audited xorgies/PokemonOpalo repository exposes move-definition data, but no move-animation assets or per-move visual mapping data were found for these custom moves.","DEFER_VISUAL_UNTIL_APPROVED"
"425","1347","BULK09","PATADAGELIDA","Patada Gélida","Ice","Physical","85","95","10","complete","no source animation evidence","The audited xorgies/PokemonOpalo repository exposes move-definition data, but no move-animation assets or per-move visual mapping data were found for these custom moves.","DEFER_VISUAL_UNTIL_APPROVED"
"426","1348","BULK09","COLMILLOSALVAJE","Colm. Salvaje","Normal","Physical","90","100","10","complete","no source animation evidence","The audited xorgies/PokemonOpalo repository exposes move-definition data, but no move-animation assets or per-move visual mapping data were found for these custom moves.","DEFER_VISUAL_UNTIL_APPROVED"
"427","1349","BULK09","BRAZOMUSGO","Brazo Musgo","Grass","Physical","80","100","15","complete","no source animation evidence","The audited xorgies/PokemonOpalo repository exposes move-definition data, but no move-animation assets or per-move visual mapping data were found for these custom moves.","DEFER_VISUAL_UNTIL_APPROVED"
"428","1350","BULK09","LASERESENCIA","Láser Esencia","Normal","Special","150","100","5","complete","no source animation evidence","The audited xorgies/PokemonOpalo repository exposes move-definition data, but no move-animation assets or per-move visual mapping data were found for these custom moves.","DEFER_VISUAL_UNTIL_APPROVED"
"429","1351","BULK09","CARICATURA","Caricatura","Normal","Special","70","100","10","complete","no source animation evidence","The audited xorgies/PokemonOpalo repository exposes move-definition data, but no move-animation assets or per-move visual mapping data were found for these custom moves.","DEFER_VISUAL_UNTIL_APPROVED"
"430","1352","BULK09","FLECHASTRAL","Flecha Astral","Fairy","Physical","25","100","20","complete","no source animation evidence","The audited xorgies/PokemonOpalo repository exposes move-definition data, but no move-animation assets or per-move visual mapping data were found for these custom moves.","DEFER_VISUAL_UNTIL_APPROVED"
"431","1353","BULK09","LINGOTAZO","Lingotazo","Rock","Physical","95","95","15","complete","no source animation evidence","The audited xorgies/PokemonOpalo repository exposes move-definition data, but no move-animation assets or per-move visual mapping data were found for these custom moves.","DEFER_VISUAL_UNTIL_APPROVED"
"432","1354","BULK09","ABSORBESENCIA","Absorbesencia","Ghost","Physical","100","100","10","complete","no source animation evidence","The audited xorgies/PokemonOpalo repository exposes move-definition data, but no move-animation assets or per-move visual mapping data were found for these custom moves.","DEFER_VISUAL_UNTIL_APPROVED"
"433","1355","BULK09","FUERZAESENCIA","Fuerzaesencia","Psychic","Special","100","100","15","complete","no source animation evidence","The audited xorgies/PokemonOpalo repository exposes move-definition data, but no move-animation assets or per-move visual mapping data were found for these custom moves.","DEFER_VISUAL_UNTIL_APPROVED"
"434","1356","BULK09","MAGIKARPSREVENGE","Magikarp's Revenge","Water","Physical","120","0","10","complete","no source animation evidence","The audited SageFox/Pokemon-Showdown-Sage repository defines the custom move in data/moves.js, but no move-animation assets or per-move visual mapping data were found.","DEFER_VISUAL_UNTIL_APPROVED"
"435","1357","BULK09","SLIMESHOT","Slime Shot","Ground","Special","85","100","10","complete","source-mapped cross-engine animation; not DS-native","Pinned Data/move2anim.dat directly maps SLIMESHOT to player-side animation ID 1149 and opponent-side animation ID 1150; the referenced animation records are stored in Data/PkmnAnimations.rxdata.","UNIQUE_DONOR_VISUAL_ONCE_AFTER_PORT"
"436","1358","BULK09","ZEALOUSDANCE","Zealous Dance","Dragon","Special","80","100","10","complete","no direct source move-animation mapping found","The Untamed source contains its battle-animation system and Data/PkmnAnimations.rxdata, but pinned Data/move2anim.dat has no direct player-side or opponent-side entry for ZEALOUSDANCE.","DEFER_VISUAL_UNTIL_APPROVED"
"437","1359","BULK09","PSYSONIC","Psysonic","Psychic","Special","90","0","10","complete","source-mapped cross-engine animation; not DS-native","Pinned Data/move2anim.dat directly maps PSYSONIC to player-side animation ID 1159 and opponent-side animation ID 1160; the referenced animation records are stored in Data/PkmnAnimations.rxdata.","UNIQUE_DONOR_VISUAL_ONCE_AFTER_PORT"
"438","1360","BULK09","PSYCRUSH","Psycrush","Psychic","Special","80","100","10","complete","no direct source move-animation mapping found","The Untamed source contains its battle-animation system and Data/PkmnAnimations.rxdata, but pinned Data/move2anim.dat has no direct player-side or opponent-side entry for PSYCRUSH.","DEFER_VISUAL_UNTIL_APPROVED"
"439","1361","BULK09","KINETICREND","Kinetic Rend","Psychic","Special","70","100","20","complete","no direct source move-animation mapping found","The Untamed source contains its battle-animation system and Data/PkmnAnimations.rxdata, but pinned Data/move2anim.dat has no direct player-side or opponent-side entry for KINETICREND.","DEFER_VISUAL_UNTIL_APPROVED"
"440","1362","BULK09","JOLTKICK","Jolt Kick","Electric","Physical","85","90","10","complete","source-mapped cross-engine animation; not DS-native","Pinned Data/move2anim.dat directly maps JOLTKICK to player-side animation ID 1156; the referenced animation records are stored in Data/PkmnAnimations.rxdata.","UNIQUE_DONOR_VISUAL_ONCE_AFTER_PORT"
"441","1363","BULK09","FROSTKICK","Frost Kick","Ice","Physical","85","90","10","complete","no direct source move-animation mapping found","The Untamed source contains its battle-animation system and Data/PkmnAnimations.rxdata, but pinned Data/move2anim.dat has no direct player-side or opponent-side entry for FROSTKICK.","DEFER_VISUAL_UNTIL_APPROVED"
"442","1364","BULK09","SCOURINGWINDS","Scouring Winds","Flying","Special","95","90","10","complete","no direct source move-animation mapping found","The Untamed source contains its battle-animation system and Data/PkmnAnimations.rxdata, but pinned Data/move2anim.dat has no direct player-side or opponent-side entry for SCOURINGWINDS.","DEFER_VISUAL_UNTIL_APPROVED"
"443","1365","BULK09","HAUNT","Haunt","Ghost","Physical","75","100","10","complete","source-mapped cross-engine animation; not DS-native","Pinned Data/move2anim.dat directly maps HAUNT to player-side animation ID 1154 and opponent-side animation ID 1155; the referenced animation records are stored in Data/PkmnAnimations.rxdata.","UNIQUE_DONOR_VISUAL_ONCE_AFTER_PORT"
"444","1366","BULK09","BITINGCOLD","Biting Cold","Ice","Status","0","85","15","complete","no direct source move-animation mapping found","The Untamed source contains its battle-animation system and Data/PkmnAnimations.rxdata, but pinned Data/move2anim.dat has no direct player-side or opponent-side entry for BITINGCOLD.","DEFER_VISUAL_UNTIL_APPROVED"
"445","1367","BULK09","CHILLINGWAIL","Chilling Wail","Ghost","Special","90","100","10","complete","source-mapped cross-engine animation; not DS-native","Pinned Data/move2anim.dat directly maps CHILLINGWAIL to player-side animation ID 1153; the referenced animation records are stored in Data/PkmnAnimations.rxdata.","UNIQUE_DONOR_VISUAL_ONCE_AFTER_PORT"
"446","1368","BULK09","MYSTICBLADE","Mystic Blade","Fairy","Physical","85","100","10","complete","source-mapped cross-engine animation; not DS-native","Pinned Data/move2anim.dat directly maps MYSTICBLADE to player-side animation ID 1145 and opponent-side animation ID 1146; the referenced animation records are stored in Data/PkmnAnimations.rxdata.","UNIQUE_DONOR_VISUAL_ONCE_AFTER_PORT"
"447","1369","BULK09","FORCEWAVE","Force Wave","Fighting","Special","90","95","10","complete","no direct source move-animation mapping found","The Untamed source contains its battle-animation system and Data/PkmnAnimations.rxdata, but pinned Data/move2anim.dat has no direct player-side or opponent-side entry for FORCEWAVE.","DEFER_VISUAL_UNTIL_APPROVED"
"448","1370","BULK09","GEODEBURST","Geode Burst","Rock","Special","110","80","5","complete","no direct source move-animation mapping found","The Untamed source contains its battle-animation system and Data/PkmnAnimations.rxdata, but pinned Data/move2anim.dat has no direct player-side or opponent-side entry for GEODEBURST.","DEFER_VISUAL_UNTIL_APPROVED"
"449","1371","BULK09","FORGEBREATH","Forge Breath","Steel","Special","85","100","15","complete","source-mapped cross-engine animation; not DS-native","Pinned Data/move2anim.dat directly maps FORGEBREATH to player-side animation ID 1147; the referenced animation records are stored in Data/PkmnAnimations.rxdata.","UNIQUE_DONOR_VISUAL_ONCE_AFTER_PORT"
"450","1372","BULK09","EXCITE","Excite","Normal","Status","0","0","20","complete","no direct source move-animation mapping found","The Untamed source contains its battle-animation system and Data/PkmnAnimations.rxdata, but pinned Data/move2anim.dat has no direct player-side or opponent-side entry for EXCITE.","DEFER_VISUAL_UNTIL_APPROVED"
"451","1373","BULK10","SCATTERDUST","Scatterdust","Bug","Special","80","100","15","complete","no direct source move-animation mapping found","The Untamed source contains its battle-animation system and Data/PkmnAnimations.rxdata, but pinned Data/move2anim.dat has no direct player-side or opponent-side entry for SCATTERDUST.","DEFER_VISUAL_UNTIL_APPROVED"
"452","1374","BULK10","SWEETTOOTH","Sweet Tooth","Fairy","Physical","50","100","25","complete","source-mapped cross-engine animation; not DS-native","Pinned Data/move2anim.dat directly maps SWEETTOOTH to player-side animation ID 1158; the referenced animation records are stored in Data/PkmnAnimations.rxdata.","UNIQUE_DONOR_VISUAL_ONCE_AFTER_PORT"
"453","1375","BULK10","SUPERNOVA","Impact Event","Fire","Physical","200","100","5","complete","no direct source move-animation mapping found","The Untamed source contains its battle-animation system and Data/PkmnAnimations.rxdata, but pinned Data/move2anim.dat has no direct player-side or opponent-side entry for SUPERNOVA.","DEFER_VISUAL_UNTIL_APPROVED"
"454","1376","BULK10","PEPPERSPRAY","Pepper Spray","Grass","Special","85","100","15","complete","no direct source move-animation mapping found","The Untamed source contains its battle-animation system and Data/PkmnAnimations.rxdata, but pinned Data/move2anim.dat has no direct player-side or opponent-side entry for PEPPERSPRAY.","DEFER_VISUAL_UNTIL_APPROVED"
"455","1377","BULK10","TITANSWRATH","Titan's Wrath","Qmarks","Special","100","100","5","complete","no direct source move-animation mapping found","The Untamed source contains its battle-animation system and Data/PkmnAnimations.rxdata, but pinned Data/move2anim.dat has no direct player-side or opponent-side entry for TITANSWRATH.","DEFER_VISUAL_UNTIL_APPROVED"
"456","1378","BULK10","SIRENSONG","Siren Song","Water","Special","90","100","10","complete","no direct source move-animation mapping found","The Untamed source contains its battle-animation system and Data/PkmnAnimations.rxdata, but pinned Data/move2anim.dat has no direct player-side or opponent-side entry for SIRENSONG.","DEFER_VISUAL_UNTIL_APPROVED"
"457","1379","BULK10","REBALANCING","Rebalancing","Fighting","Status","0","100","5","complete","no direct source move-animation mapping found","The Untamed source contains its battle-animation system and Data/PkmnAnimations.rxdata, but pinned Data/move2anim.dat has no direct player-side or opponent-side entry for REBALANCING.","DEFER_VISUAL_UNTIL_APPROVED"
"458","1380","BULK10","FRIGIDMAW","Frigid Maw","Ice","Physical","100","100","5","complete","no direct source move-animation mapping found","The Untamed source contains its battle-animation system and Data/PkmnAnimations.rxdata, but pinned Data/move2anim.dat has no direct player-side or opponent-side entry for FRIGIDMAW.","DEFER_VISUAL_UNTIL_APPROVED"
"459","1381","BULK10","MANADRAIN","Mana Drain","Dragon","Special","100","100","5","complete","no direct source move-animation mapping found","The Untamed source contains its battle-animation system and Data/PkmnAnimations.rxdata, but pinned Data/move2anim.dat has no direct player-side or opponent-side entry for MANADRAIN.","DEFER_VISUAL_UNTIL_APPROVED"
"460","1382","BULK10","STEAMBURST","Steam Burst","Fire","Special","75","100","10","complete","no direct source move-animation mapping found","The Untamed source contains its battle-animation system and Data/PkmnAnimations.rxdata, but pinned Data/move2anim.dat has no direct player-side or opponent-side entry for STEAMBURST.","DEFER_VISUAL_UNTIL_APPROVED"
"461","1383","BULK10","QUESOBLAST","Queso Blast","Qmarks","Physical","30","100","5","complete","no direct source move-animation mapping found","The Untamed source contains its battle-animation system and Data/PkmnAnimations.rxdata, but pinned Data/move2anim.dat has no direct player-side or opponent-side entry for QUESOBLAST.","DEFER_VISUAL_UNTIL_APPROVED"
"462","1384","BULK10","CRIMSONSURGE","Crimson Surge","Water","Special","60","100","10","complete","source-mapped cross-engine animation; not DS-native","Pinned Data/move2anim.dat directly maps CRIMSONSURGE to player-side animation ID 1151 and opponent-side animation ID 1152; the referenced animation records are stored in Data/PkmnAnimations.rxdata.","UNIQUE_DONOR_VISUAL_ONCE_AFTER_PORT"
"463","1385","BULK10","THOUSANDFOLDS","Thousand Folds","Steel","Physical","90","100","10","complete","no direct source move-animation mapping found","The Untamed source contains its battle-animation system and Data/PkmnAnimations.rxdata, but pinned Data/move2anim.dat has no direct player-side or opponent-side entry for THOUSANDFOLDS.","DEFER_VISUAL_UNTIL_APPROVED"
"464","1386","BULK10","HARDDRIVECRASH","Hard Drive Crash","Qmarks","Special","60","0","5","complete","source-mapped cross-engine animation; not DS-native","Pinned Data/move2anim.dat directly maps HARDDRIVECRASH to player-side animation ID 1144; the referenced animation records are stored in Data/PkmnAnimations.rxdata.","UNIQUE_DONOR_VISUAL_ONCE_AFTER_PORT"
"465","1387","BULK10","SPLINTERSHOT","Splinter Shot","Grass","Physical","35","100","5","complete","no direct source move-animation mapping found","The Untamed source contains its battle-animation system and Data/PkmnAnimations.rxdata, but pinned Data/move2anim.dat has no direct player-side or opponent-side entry for SPLINTERSHOT.","DEFER_VISUAL_UNTIL_APPROVED"
"466","1388","BULK10","BOOMINSTALL","Virus Inject","Qmarks","Status","0","85","10","complete","no direct source move-animation mapping found","The Untamed source contains its battle-animation system and Data/PkmnAnimations.rxdata, but pinned Data/move2anim.dat has no direct player-side or opponent-side entry for BOOMINSTALL.","DEFER_VISUAL_UNTIL_APPROVED"
"467","1389","BULK10","TRIMTACKLE","Trim Tackle","Normal","Physical","90","100","15","complete","no direct source move-animation mapping found","The Untamed source contains its battle-animation system and Data/PkmnAnimations.rxdata, but pinned Data/move2anim.dat has no direct player-side or opponent-side entry for TRIMTACKLE.","DEFER_VISUAL_UNTIL_APPROVED"
"468","1390","BULK10","STALAGBITE","Stalagbite","Rock","Physical","75","100","15","complete","no direct source move-animation mapping found","The Untamed source contains its battle-animation system and Data/PkmnAnimations.rxdata, but pinned Data/move2anim.dat has no direct player-side or opponent-side entry for STALAGBITE.","DEFER_VISUAL_UNTIL_APPROVED"
"469","1391","BULK10","GLACIALGULF","Glacial Gulf","Ice","Status","0","0","5","complete","no direct source move-animation mapping found","The Untamed source contains its battle-animation system and Data/PkmnAnimations.rxdata, but pinned Data/move2anim.dat has no direct player-side or opponent-side entry for GLACIALGULF.","DEFER_VISUAL_UNTIL_APPROVED"
"470","1392","BULK10","GOLDENSPLASH","Golden Splash","Water","Special","80","100","10","complete","no direct source move-animation mapping found","The Untamed source contains its battle-animation system and Data/PkmnAnimations.rxdata, but pinned Data/move2anim.dat has no direct player-side or opponent-side entry for GOLDENSPLASH.","DEFER_VISUAL_UNTIL_APPROVED"
"471","1393","BULK10","PLEGARIACALAMO","Plegaria Cálamo","Flying","Special","85","100","10","complete","no source animation evidence","The audited xorgies/PokemonOpalo Armonia mirror exposes move-definition/mechanics data in JsonTransformer/txt/armonia/moves.txt, but no move-animation assets or per-move visual mapping data were found in the repository.","DEFER_VISUAL_UNTIL_APPROVED"
"472","1394","BULK10","PUNZADABURBUJA","Púa Burbuja","Water","Physical","45","100","25","complete","no source animation evidence","The audited xorgies/PokemonOpalo Armonia mirror exposes move-definition/mechanics data in JsonTransformer/txt/armonia/moves.txt, but no move-animation assets or per-move visual mapping data were found in the repository.","DEFER_VISUAL_UNTIL_APPROVED"
"473","1395","BULK10","FLORALETEO","Floraleteo","Grass","Special","50","100","15","complete","no source animation evidence","The audited xorgies/PokemonOpalo Armonia mirror exposes move-definition/mechanics data in JsonTransformer/txt/armonia/moves.txt, but no move-animation assets or per-move visual mapping data were found in the repository.","DEFER_VISUAL_UNTIL_APPROVED"
"474","1396","BULK10","CUERNARDIENTE","Cuerno Ígneo","Fire","Physical","45","100","25","complete","no source animation evidence","The audited xorgies/PokemonOpalo Armonia mirror exposes move-definition/mechanics data in JsonTransformer/txt/armonia/moves.txt, but no move-animation assets or per-move visual mapping data were found in the repository.","DEFER_VISUAL_UNTIL_APPROVED"
"475","1397","BULK10","FERMENTACION","Fermentación","Poison","Special","50","100","10","complete","no source animation evidence","The audited xorgies/PokemonOpalo Armonia mirror exposes move-definition/mechanics data in JsonTransformer/txt/armonia/moves.txt, but no move-animation assets or per-move visual mapping data were found in the repository.","DEFER_VISUAL_UNTIL_APPROVED"
"476","1398","BULK10","PROTOPLUMA","Protopluma","Rock","Physical","60","100","15","complete","no source animation evidence","The audited xorgies/PokemonOpalo Armonia mirror exposes move-definition/mechanics data in JsonTransformer/txt/armonia/moves.txt, but no move-animation assets or per-move visual mapping data were found in the repository.","DEFER_VISUAL_UNTIL_APPROVED"
"477","1399","BULK10","PODERNINFA","Poder Ninfa","Fairy","Physical","80","100","5","complete","no source animation evidence","The audited xorgies/PokemonOpalo Armonia mirror exposes move-definition/mechanics data in JsonTransformer/txt/armonia/moves.txt, but no move-animation assets or per-move visual mapping data were found in the repository.","DEFER_VISUAL_UNTIL_APPROVED"
"478","1400","BULK10","PODERIGNIS","Poder Ignis","Fire","Special","80","100","5","complete","no source animation evidence","The audited xorgies/PokemonOpalo Armonia mirror exposes move-definition/mechanics data in JsonTransformer/txt/armonia/moves.txt, but no move-animation assets or per-move visual mapping data were found in the repository.","DEFER_VISUAL_UNTIL_APPROVED"
"479","1401","BULK10","PODERVOLTA","Poder Volta","Electric","Special","80","100","5","complete","no source animation evidence","The audited xorgies/PokemonOpalo Armonia mirror exposes move-definition/mechanics data in JsonTransformer/txt/armonia/moves.txt, but no move-animation assets or per-move visual mapping data were found in the repository.","DEFER_VISUAL_UNTIL_APPROVED"
"480","1402","BULK10","PODERCIMEX","Poder Cimex","Bug","Physical","80","100","5","complete","no source animation evidence","The audited xorgies/PokemonOpalo Armonia mirror exposes move-definition/mechanics data in JsonTransformer/txt/armonia/moves.txt, but no move-animation assets or per-move visual mapping data were found in the repository.","DEFER_VISUAL_UNTIL_APPROVED"
"481","1403","BULK10","PODERAQUA","Poder Aqua","Water","Special","80","100","5","complete","no source animation evidence","The audited xorgies/PokemonOpalo Armonia mirror exposes move-definition/mechanics data in JsonTransformer/txt/armonia/moves.txt, but no move-animation assets or per-move visual mapping data were found in the repository.","DEFER_VISUAL_UNTIL_APPROVED"
"482","1404","BULK10","ARENAILUSORIA","Arena Ilusoria","Ground","Special","75","80","15","complete","no source animation evidence","The audited xorgies/PokemonOpalo Armonia mirror exposes move-definition/mechanics data in JsonTransformer/txt/armonia/moves.txt, but no move-animation assets or per-move visual mapping data were found in the repository.","DEFER_VISUAL_UNTIL_APPROVED"
"483","1405","BULK10","LLUVIAPUNOS","Lluvia de Puños","Fighting","Physical","70","90","15","complete","no source animation evidence","The audited xorgies/PokemonOpalo Armonia mirror exposes move-definition/mechanics data in JsonTransformer/txt/armonia/moves.txt, but no move-animation assets or per-move visual mapping data were found in the repository.","DEFER_VISUAL_UNTIL_APPROVED"
"484","1406","BULK10","MPREDATORIO","Mordisco Feroz","Grass","Physical","100","80","5","complete","no source animation evidence","The audited xorgies/PokemonOpalo Armonia mirror exposes move-definition/mechanics data in JsonTransformer/txt/armonia/moves.txt, but no move-animation assets or per-move visual mapping data were found in the repository.","DEFER_VISUAL_UNTIL_APPROVED"
"485","1407","BULK10","MENTEREY","Semblante Real","Psychic","Special","65","90","10","complete","no source animation evidence","The audited xorgies/PokemonOpalo Armonia mirror exposes move-definition/mechanics data in JsonTransformer/txt/armonia/moves.txt, but no move-animation assets or per-move visual mapping data were found in the repository.","DEFER_VISUAL_UNTIL_APPROVED"
"486","1408","BULK10","PODEREVOL","Poder Evolutivo","Ground","Physical","50","75","15","complete","no source animation evidence","The audited xorgies/PokemonOpalo Armonia mirror exposes move-definition/mechanics data in JsonTransformer/txt/armonia/moves.txt, but no move-animation assets or per-move visual mapping data were found in the repository.","DEFER_VISUAL_UNTIL_APPROVED"
"487","1409","BULK10","EBULLICIÓN","Ebullición","Water","Special","35","100","15","complete","no source animation evidence","The audited xorgies/PokemonOpalo Armonia mirror exposes move-definition/mechanics data in JsonTransformer/txt/armonia/moves.txt, but no move-animation assets or per-move visual mapping data were found in the repository.","DEFER_VISUAL_UNTIL_APPROVED"
"488","1410","BULK10","TRESDESEOS","Tres Deseos","Fairy","Special","25","85","10","complete","no source animation evidence","The audited xorgies/PokemonOpalo Armonia mirror exposes move-definition/mechanics data in JsonTransformer/txt/armonia/moves.txt, but no move-animation assets or per-move visual mapping data were found in the repository.","DEFER_VISUAL_UNTIL_APPROVED"
"489","1411","BULK10","RITOCHAMANICO","Rito Chamánico","Fire","Status","0","100","5","complete","no source animation evidence","The audited xorgies/PokemonOpalo Armonia mirror exposes move-definition/mechanics data in JsonTransformer/txt/armonia/moves.txt, but no move-animation assets or per-move visual mapping data were found in the repository.","DEFER_VISUAL_UNTIL_APPROVED"
"490","1412","BULK10","GOLPESABANA","Golpe Sabana","Grass","Physical","85","80","10","complete","no source animation evidence","The audited xorgies/PokemonOpalo Armonia mirror exposes move-definition/mechanics data in JsonTransformer/txt/armonia/moves.txt, but no move-animation assets or per-move visual mapping data were found in the repository.","DEFER_VISUAL_UNTIL_APPROVED"
"491","1413","BULK10","AGUIJONLETAL","Ardor Nocivo","Poison","Special","70","100","15","complete","no source animation evidence","The audited xorgies/PokemonOpalo Armonia mirror exposes move-definition/mechanics data in JsonTransformer/txt/armonia/moves.txt, but no move-animation assets or per-move visual mapping data were found in the repository.","DEFER_VISUAL_UNTIL_APPROVED"
"492","1414","BULK10","VIRAZON","Virazón","Water","Physical","70","100","20","complete","no source animation evidence","The audited xorgies/PokemonOpalo Armonia mirror exposes move-definition/mechanics data in JsonTransformer/txt/armonia/moves.txt, but no move-animation assets or per-move visual mapping data were found in the repository.","DEFER_VISUAL_UNTIL_APPROVED"
"493","1415","BULK10","COMBUSCRIN","Combuscrin","Fire","Special","100","90","5","complete","no source animation evidence","The audited xorgies/PokemonOpalo Armonia mirror exposes move-definition/mechanics data in JsonTransformer/txt/armonia/moves.txt, but no move-animation assets or per-move visual mapping data were found in the repository.","DEFER_VISUAL_UNTIL_APPROVED"
"494","1416","BULK10","MIGRACIÓN","Migración","Flying","Physical","60","100","20","complete","no source animation evidence","The audited xorgies/PokemonOpalo Armonia mirror exposes move-definition/mechanics data in JsonTransformer/txt/armonia/moves.txt, but no move-animation assets or per-move visual mapping data were found in the repository.","DEFER_VISUAL_UNTIL_APPROVED"
"495","1417","BULK10","PATRONAJE","Patronaje","Shadow","Status","0","","30","complete","no source animation evidence","The audited xorgies/PokemonOpalo Armonia mirror exposes move-definition/mechanics data in JsonTransformer/txt/armonia/moves.txt, but no move-animation assets or per-move visual mapping data were found in the repository.","DEFER_VISUAL_UNTIL_APPROVED"
"496","1418","BULK10","AEROGENERADOR","Aerogenerador","Electric","Special","80","100","15","complete","no source animation evidence","The audited xorgies/PokemonOpalo Armonia mirror exposes move-definition/mechanics data in JsonTransformer/txt/armonia/moves.txt, but no move-animation assets or per-move visual mapping data were found in the repository.","DEFER_VISUAL_UNTIL_APPROVED"
"497","1419","BULK10","HIEDRAAGIL","Hiedra Ágil","Grass","Physical","40","100","10","complete","no source animation evidence","The audited xorgies/PokemonOpalo Armonia mirror exposes move-definition/mechanics data in JsonTransformer/txt/armonia/moves.txt, but no move-animation assets or per-move visual mapping data were found in the repository.","DEFER_VISUAL_UNTIL_APPROVED"
"498","1420","BULK10","TASER","Táser","Electric","Physical","70","100","15","complete","no source animation evidence","The audited xorgies/PokemonOpalo Armonia mirror exposes move-definition/mechanics data in JsonTransformer/txt/armonia/moves.txt, but no move-animation assets or per-move visual mapping data were found in the repository.","DEFER_VISUAL_UNTIL_APPROVED"
"499","1421","BULK10","AGUANOCIVA","Aguas Nocivas","Water","Special","85","100","10","complete","no source animation evidence","The audited xorgies/PokemonOpalo Armonia mirror exposes move-definition/mechanics data in JsonTransformer/txt/armonia/moves.txt, but no move-animation assets or per-move visual mapping data were found in the repository.","DEFER_VISUAL_UNTIL_APPROVED"
"500","1422","BULK10","FUEGOCRUZADO","Fuego Cruzado","Fire","Physical","70","100","5","complete","no source animation evidence","The audited xorgies/PokemonOpalo Armonia mirror exposes move-definition/mechanics data in JsonTransformer/txt/armonia/moves.txt, but no move-animation assets or per-move visual mapping data were found in the repository.","DEFER_VISUAL_UNTIL_APPROVED"
"501","1423","BULK11","CONJUROSOLAR","Fuerza Solar","Fairy","Special","85","90","5","complete","no source animation evidence","The audited xorgies/PokemonOpalo Armonia mirror exposes move-definition/mechanics data in JsonTransformer/txt/armonia/moves.txt, but no move-animation assets or per-move visual mapping data were found in the repository.","DEFER_VISUAL_UNTIL_APPROVED"
"502","1424","BULK11","CACAREO","Cacareo","Fairy","Special","55","100","20","complete","no source animation evidence","The audited xorgies/PokemonOpalo Armonia mirror exposes move-definition/mechanics data in JsonTransformer/txt/armonia/moves.txt, but no move-animation assets or per-move visual mapping data were found in the repository.","DEFER_VISUAL_UNTIL_APPROVED"
"503","1425","BULK11","TERRAL","Endodrenaje","Fire","Special","70","90","15","complete","no source animation evidence","The audited xorgies/PokemonOpalo Armonia mirror exposes move-definition/mechanics data in JsonTransformer/txt/armonia/moves.txt, but no move-animation assets or per-move visual mapping data were found in the repository.","DEFER_VISUAL_UNTIL_APPROVED"
"504","1426","BULK11","PODERPRIMATE","Poder Primate","Normal","Status","0","","10","complete","no source animation evidence","The audited xorgies/PokemonOpalo Armonia mirror exposes move-definition/mechanics data in JsonTransformer/txt/armonia/moves.txt, but no move-animation assets or per-move visual mapping data were found in the repository.","DEFER_VISUAL_UNTIL_APPROVED"
"505","1427","BULK11","ELECTROPUNZADA","Electropunzada","Electric","Physical","80","100","10","complete","no source animation evidence","The audited xorgies/PokemonOpalo Armonia mirror exposes move-definition/mechanics data in JsonTransformer/txt/armonia/moves.txt, but no move-animation assets or per-move visual mapping data were found in the repository.","DEFER_VISUAL_UNTIL_APPROVED"
"506","1428","BULK11","ELECTROARENA","Electroarena","Ground","Special","75","100","15","complete","no source animation evidence","The audited xorgies/PokemonOpalo Armonia mirror exposes move-definition/mechanics data in JsonTransformer/txt/armonia/moves.txt, but no move-animation assets or per-move visual mapping data were found in the repository.","DEFER_VISUAL_UNTIL_APPROVED"
"507","1429","BULK11","COMECEREBRO","Comecerebro","Ghost","Physical","55","100","10","complete","no source animation evidence","The audited xorgies/PokemonOpalo Armonia mirror exposes move-definition/mechanics data in JsonTransformer/txt/armonia/moves.txt, but no move-animation assets or per-move visual mapping data were found in the repository.","DEFER_VISUAL_UNTIL_APPROVED"
"508","1430","BULK11","ROCAVOLTAICA","Roca Voltaica","Rock","Special","120","80","5","complete","no source animation evidence","The audited xorgies/PokemonOpalo Armonia mirror exposes move-definition/mechanics data in JsonTransformer/txt/armonia/moves.txt, but no move-animation assets or per-move visual mapping data were found in the repository.","DEFER_VISUAL_UNTIL_APPROVED"
"509","1431","BULK11","GHOSTGALLOP","Galope Espectral","Ghost","Physical","80","100","15","complete","no source animation evidence","The audited xorgies/PokemonOpalo Armonia mirror exposes move-definition/mechanics data in JsonTransformer/txt/armonia/moves.txt, but no move-animation assets or per-move visual mapping data were found in the repository.","DEFER_VISUAL_UNTIL_APPROVED"
"510","1432","BULK11","IRALLAMEANTE","Ira Llameante","Fire","Physical","120","100","10","complete","no source animation evidence","The audited xorgies/PokemonOpalo Armonia mirror exposes move-definition/mechanics data in JsonTransformer/txt/armonia/moves.txt, but no move-animation assets or per-move visual mapping data were found in the repository.","DEFER_VISUAL_UNTIL_APPROVED"
"511","1433","BULK11","ENFRIAR","Enfriar","Ice","Status","0","100","20","complete","no source animation evidence","The audited xorgies/PokemonOpalo Armonia mirror exposes move-definition/mechanics data in JsonTransformer/txt/armonia/moves.txt, but no move-animation assets or per-move visual mapping data were found in the repository.","DEFER_VISUAL_UNTIL_APPROVED"
"512","1434","BULK11","AHOGAMIENTO","Zambullida","Water","Special","70","100","20","complete","no source animation evidence","The audited xorgies/PokemonOpalo Armonia mirror exposes move-definition/mechanics data in JsonTransformer/txt/armonia/moves.txt, but no move-animation assets or per-move visual mapping data were found in the repository.","DEFER_VISUAL_UNTIL_APPROVED"
"513","1435","BULK11","DESPRENDIMIENTO","Desprendimiento","Rock","Physical","120","100","10","complete","no source animation evidence","The audited xorgies/PokemonOpalo Armonia mirror exposes move-definition/mechanics data in JsonTransformer/txt/armonia/moves.txt, but no move-animation assets or per-move visual mapping data were found in the repository.","DEFER_VISUAL_UNTIL_APPROVED"
"514","1436","BULK11","PUASSOBERANAS","Dardos Reales","Poison","Physical","70","100","10","complete","no source animation evidence","The audited xorgies/PokemonOpalo Armonia mirror exposes move-definition/mechanics data in JsonTransformer/txt/armonia/moves.txt, but no move-animation assets or per-move visual mapping data were found in the repository.","DEFER_VISUAL_UNTIL_APPROVED"
"515","1437","BULK11","MORDISCOCARDUMEN","Mor. Cardúmen","Water","Physical","20","100","20","complete","no source animation evidence","The audited xorgies/PokemonOpalo Armonia mirror exposes move-definition/mechanics data in JsonTransformer/txt/armonia/moves.txt, but no move-animation assets or per-move visual mapping data were found in the repository.","DEFER_VISUAL_UNTIL_APPROVED"
"516","1438","BULK11","BIFIDOVOLADOR","Golpe Bífido","Flying","Physical","80","95","10","complete","no source animation evidence","The audited xorgies/PokemonOpalo Armonia mirror exposes move-definition/mechanics data in JsonTransformer/txt/armonia/moves.txt, but no move-animation assets or per-move visual mapping data were found in the repository.","DEFER_VISUAL_UNTIL_APPROVED"
"517","1439","BULK11","PALEOWAVE","Paleo Wave","Rock","Special","85","100","15","complete","","","DEFER_VISUAL_UNTIL_APPROVED"
"518","1440","BULK11","SHADOWSTRIKE","Shadow Strike","Ghost","Physical","80","95","10","complete","","","DEFER_VISUAL_UNTIL_APPROVED"
"519","1441","BULK11","POLARFLARE","Polar Flare","Fire","Special","75","100","10","complete","","","DEFER_VISUAL_UNTIL_APPROVED"
